project_name,first_donation_date,-8月,-7月,-6月,-5月,-4月,-3月,-2月,-1月,0月,+1月,+2月,+3月,+4月,+5月,+6月,+7月,+8月
logseq,2020-09-22T11:25:49.718Z,0,0,0,0,0,0,0,0,0,0,0,0,1,0,0,5,2
webpack,2016-10-15T15:48:09.612Z,11,6,5,1,0,7,6,14,4,1,0,6,2,0,4,1,2
darkreader,2018-03-13T08:01:17.039Z,0,0,0,4,2,0,2,0,0,5,4,0,0,1,0,3,0
generator-jhipster,2017-12-04T17:37:57.900Z,1,2,4,28,0,7,23,44,42,11,4,143,58,38,17,16,14
socketio,2017-05-09T06:56:43.674Z,4,7,6,1,3,0,0,0,0,3,0,0,0,0,0,0,0
mochajs,2016-04-01T14:34:11.748Z,0,8,0,0,7,9,3,0,0,6,7,5,2,0,0,0,0
babel,2017-04-01T16:52:19.229Z,0,0,0,0,0,0,0,0,0,0,0,0,0,0,0,0,0
core-js,2019-03-22T03:38:17.681Z,4,0,0,0,6,1,1,4,16,3,4,0,7,0,0,10,4
swiper,2021-01-29T07:03:01.329Z,1,1,0,0,2,2,2,4,2,24,0,5,17,5,3,3,4
nixos,2019-07-15T20:14:53.300Z,0,0,0,0,0,0,0,0,0,0,0,0,0,0,0,0,0
jellyfin,2019-02-07T05:23:11.906Z,0,0,0,0,0,0,4,5,0,0,0,0,0,0,0,0,2
opencore-legacy-patcher,2023-06-12T19:20:54.139Z,4,2,0,2,1,17,20,6,9,10,7,2,16,0,1,0,0
playframework,2021-11-08T21:38:39.747Z,70,42,18,8,4,54,2,3,6,18,23,21,12,30,24,14,1
eslint,2019-02-07T00:19:05.154Z,0,0,0,0,0,0,0,0,0,0,0,0,0,0,0,0,0
radarr,2018-03-19T21:56:07.916Z,0,0,0,1,0,0,0,1,2,2,0,0,0,1,3,11,5
bower,2017-04-07T00:12:10.581Z,67,68,65,130,76,29,43,67,44,47,37,41,21,21,48,8,6
bootstrap-vue,2017-11-13T19:51:05.087Z,0,48,24,0,104,223,11,33,30,4,0,0,0,5,0,3,0
openaddresses,2020-01-04T16:05:09.586Z,0,1,9,0,0,0,0,3,0,8,0,2,0,0,0,0,18
streetmix,2016-09-20T15:00:20.116Z,0,0,2,0,21,34,3,0,54,11,0,0,0,0,8,1,0
nodemon,2017-12-07T20:28:06.923Z,0,0,0,0,0,1,0,0,16,1,2,1,0,1,0,2,0
lairdubois-opencutlist-sketchup-extension,2019-11-11T12:02:52.805Z,10,0,5,5,12,1,17,3,10,13,1,14,0,5,9,6,28
rust-analyzer,2019-07-02T14:20:06.250Z,0,0,8,1,3,0,0,0,6,3,1,3,16,2,4,7,3
lucee,2019-02-08T02:20:32.391Z,9,6,11,2,12,11,4,5,1,1,12,7,8,6,8,16,16
crystal-lang,2018-12-12T22:51:50.801Z,0,0,0,0,0,0,0,0,0,0,0,0,0,0,0,0,0
fody,2017-12-29T08:27:24.113Z,1,0,0,5,2,0,0,0,27,32,29,56,47,25,19,27,41
cryptpad,2018-07-16T20:32:05.472Z,0,0,0,0,1,3,0,0,0,0,9,0,0,0,1,15,0
cider,2017-01-06T17:52:08.568Z,7,3,5,0,0,1,4,0,0,0,0,0,3,0,3,0,0
prettier,2019-05-23T13:58:43.878Z,0,0,0,0,0,7,1,0,3,0,0,0,2,2,4,0,0
framework7,2018-10-30T16:29:57.593Z,2,0,0,1,2,1,6,0,0,0,2,1,2,0,2,1,0
mastodon,2019-01-10T13:27:50.307Z,18,2,8,10,0,1,3,2,1,3,1,3,2,3,25,0,2
curl,2018-04-06T23:05:15.493Z,0,0,0,0,0,0,0,0,0,0,0,0,0,0,0,0,0
bootstrap-table,2018-01-15T22:49:33.031Z,0,2,0,0,0,0,0,23,0,0,0,1,0,0,5,2,0
cadsketcher,2022-05-05T14:27:53.496Z,18,0,1,2,1,13,6,62,89,138,79,210,129,28,9,1,50
stellarium,2019-02-15T13:22:35.119Z,0,0,2,0,4,2,12,3,6,4,0,0,3,0,0,2,5
dokku,2016-06-18T23:18:38.352Z,60,42,18,60,109,70,21,12,77,23,3,28,34,22,12,57,8
spyder,2017-11-20T22:26:47.756Z,0,0,0,0,0,0,2,0,0,1,1,1,0,0,1,0,1
helix-editor,2022-04-26T11:11:18.858Z,2,10,0,1,1,0,0,4,0,0,0,2,2,0,0,0,0
companion,2018-10-07T13:29:30.331Z,0,0,0,0,8,2,0,0,3,0,0,0,0,24,0,1,0
tusky,2019-02-01T15:06:01.276Z,0,1,1,0,0,0,0,0,3,0,2,0,0,0,0,0,0
librecad,2022-10-09T19:03:15.940Z,0,0,1,0,3,0,0,0,0,0,0,0,0,0,0,0,13
vuetify,2018-11-08T00:51:10.929Z,1,1,4,3,0,2,0,3,1,2,8,16,7,6,6,4,9
opensourcebim,2020-12-29T21:05:11.578Z,0,19,2,0,2,3,6,24,3,15,18,7,7,13,5,0,51
openipc,2020-03-07T22:34:41.601Z,0,0,0,0,0,0,0,0,0,0,0,0,0,0,0,0,0
blacksky,2023-08-11T00:00:25.101Z,0,0,0,0,0,0,0,0,0,0,0,0,0,0,0,0,0
vyos,2021-12-30T03:34:31.288Z,0,0,0,0,0,0,0,0,0,0,0,0,0,0,0,0,0
fedibird-infrastructure,2021-06-01T05:17:52.870Z,0,1,0,0,3,0,0,0,0,0,0,0,0,0,0,2,0
neovim,2020-09-14T02:34:22.376Z,0,0,0,0,0,0,0,0,0,0,0,0,0,0,0,0,0
typeorm,2017-10-11T20:49:41.659Z,0,1,0,0,1,1,0,4,5,8,0,0,1,3,1,0,0
theodinproject,2023-07-24T10:21:10.668Z,30,0,20,10,19,9,51,149,362,126,156,36,12,13,112,58,27
chakra-ui,2019-10-12T15:26:27.648Z,0,0,0,0,0,0,22,10,8,0,4,2,6,23,17,21,41
kivy,2018-11-16T15:06:23.355Z,0,0,0,0,0,0,0,0,0,0,0,10,28,15,32,26,13
wikijs,2017-10-05T09:09:44.735Z,0,0,0,4,0,0,0,1,0,0,0,0,0,0,0,0,0
keeweb,2019-09-07T20:12:21.594Z,32,13,5,0,0,0,0,23,10,3,0,0,8,0,1,0,13
homebrew,2021-11-26T03:59:39.023Z,0,0,0,0,0,0,0,0,0,0,0,0,0,0,0,0,0
keepassxc,2019-02-09T06:59:27.144Z,0,0,3,1,0,2,0,0,0,0,2,1,0,0,0,2,0
friends-of-groovy,2019-03-06T06:16:12.803Z,4,3,22,12,4,8,5,2,23,14,16,11,3,25,5,10,21
lidarr,2018-05-28T01:49:51.160Z,1,5,25,20,7,11,3,26,9,0,17,4,23,10,26,28,25
rubocop,2017-01-06T22:50:13.768Z,0,0,0,0,0,0,0,0,0,0,0,0,0,0,0,0,0
expresslrs,2022-01-04T05:21:31.097Z,0,2,1,0,0,1,2,0,140,142,36,66,31,77,26,45,27
excalidraw,2020-01-25T21:16:30.999Z,0,0,0,0,0,0,0,0,244,114,152,190,69,52,71,61,33
rsschool,2019-10-23T10:46:19.733Z,0,0,0,0,0,0,0,0,0,0,0,0,1,0,0,0,0
shields,2017-12-02T10:59:33.896Z,7,0,0,0,0,0,0,0,0,5,0,5,0,0,0,0,1
servo,2024-02-19T18:34:11.841Z,0,0,0,0,0,0,0,0,0,0,0,0,0,0,0,0,0
omnivore,2023-01-02T13:40:52.825Z,247,187,124,153,118,129,111,51,55,17,31,28,12,34,27,5,21
rollup,2018-01-12T01:29:15.038Z,0,0,0,0,3,0,7,3,0,0,1,6,0,0,0,6,30
jekyll,2018-07-31T14:49:15.360Z,0,0,0,121,77,79,93,12,78,116,48,36,16,8,8,14,52
assemblyscript,2018-09-29T21:22:25.797Z,0,0,1,0,0,0,0,0,0,0,0,0,3,0,3,0,0
farmos,2019-02-20T17:48:15.716Z,0,0,0,0,0,0,0,2,0,1,2,0,8,0,0,0,0
typescript-eslint,2019-08-05T17:00:01.575Z,0,0,1,1,0,0,0,2,4,0,0,0,4,0,0,0,0
astrodotbuild,2021-08-14T02:58:28.579Z,0,0,0,4,9,0,199,438,194,29,4,1,0,0,18,0,0
monitorcontrol,2021-08-19T19:31:47.381Z,0,4,0,0,0,0,2,8,34,38,16,5,0,0,0,29,70
microsolidarity,2022-07-16T10:35:08.535Z,0,0,0,0,0,0,0,0,0,0,0,0,0,0,0,0,0
asciidoctor,2018-04-18T02:05:57.720Z,6,0,0,3,1,0,8,28,12,10,0,11,5,10,0,3,8
axios,2021-03-31T20:07:03.371Z,14,1,12,2,20,0,14,1,2,3,5,2,0,21,27,30,4
phalcon,2017-03-27T19:12:02.048Z,4,10,48,119,15,108,44,16,39,10,10,10,15,7,3,4,29
pnpm,2018-10-12T10:46:19.735Z,0,0,0,0,0,2,0,0,0,2,0,0,0,0,0,0,0
edgetx,2021-11-03T21:38:43.190Z,0,0,1,2,7,27,24,23,50,14,113,21,26,117,17,80,63
octobox,2017-01-16T11:26:19.156Z,0,0,0,0,0,0,0,111,48,16,5,1,4,4,0,70,22
laradock,2019-01-30T16:37:36.407Z,4,0,3,2,1,2,2,2,0,5,1,2,3,1,2,9,1
ampalibe,2022-08-12T12:44:08.813Z,0,0,17,8,2,0,0,2,4,2,0,3,1,9,1,0,0
panda3d,2019-02-27T19:41:06.200Z,10,1,0,11,4,3,5,1,3,0,48,0,40,0,25,102,3
floating-ui,2020-01-08T16:42:33.988Z,0,1,0,0,0,0,45,86,38,26,11,29,7,0,3,0,6
meshtastic,2022-04-20T05:23:50.436Z,0,0,0,14,3,4,26,14,0,3,0,0,0,0,48,26,6
grapesjs,2017-10-03T04:04:28.077Z,0,0,0,0,0,0,0,0,1,18,4,2,0,4,25,5,0
ngrx,2017-07-18T17:14:03.380Z,0,0,0,0,0,0,1,0,2,0,0,0,0,3,1,0,0
openapi_generator,2019-04-09T10:14:07.133Z,3,0,0,0,0,0,0,3,1,0,4,5,7,0,0,4,0
solidus,2019-01-16T16:54:06.547Z,0,2,0,0,0,1,3,0,0,1,1,0,0,2,5,0,0
openframeworks,2022-05-05T16:52:20.364Z,0,0,0,0,3,0,0,9,11,9,3,1,17,4,14,4,0
stride3d,2021-10-21T18:13:26.562Z,0,1,0,0,0,0,0,0,0,0,0,0,0,0,0,0,0
pixijs,2019-07-17T02:04:20.678Z,0,0,0,0,0,0,0,0,0,0,0,0,0,0,0,0,0
cucumber,2017-06-23T12:25:54.126Z,3,0,0,2,2,10,11,2,0,0,20,0,35,0,4,2,0
prowlarr,2021-05-30T21:18:43.442Z,0,17,0,0,0,6,0,0,1,47,71,59,35,20,26,25,15
openmined,2018-06-28T01:34:07.007Z,0,0,0,0,0,0,0,0,0,0,0,0,0,0,0,0,0
carbon,2019-02-25T19:54:07.338Z,13,2,0,0,6,6,0,0,0,0,0,16,4,8,73,0,1
discordpy,2022-04-03T00:50:44.364Z,6,0,0,0,0,0,0,5,0,6,2,5,3,1,2,0,0
typegraphql,2019-03-18T10:25:04.923Z,0,21,41,0,7,9,0,10,46,8,0,1,47,2,18,3,0
mautic,2020-08-14T01:20:26.098Z,0,0,0,0,1,0,0,0,0,0,1,0,0,2,0,0,0
antennapod,2021-03-07T17:03:34.136Z,2,0,0,0,0,0,2,0,0,0,3,0,0,0,0,0,0
owncast,2021-03-02T16:54:16.622Z,8,28,21,47,31,12,19,4,6,6,9,8,52,10,10,0,2
lwjgl,2017-11-08T21:38:04.055Z,2,0,4,0,0,0,0,0,0,4,8,0,0,2,0,0,0
gitextensions,2018-11-01T14:05:26.056Z,0,0,0,0,0,0,0,0,0,0,0,0,0,0,0,0,0
emacs-lsp,2020-07-07T15:01:03.772Z,0,3,3,0,4,4,4,4,1,4,2,0,3,113,178,62,145
xstate,2018-09-10T16:22:09.123Z,0,0,0,0,0,0,0,0,0,0,0,0,2,0,11,3,5
sindresorhus,2019-03-07T17:40:10.477Z,0,0,0,0,0,0,0,0,0,0,0,0,0,0,0,0,0
electron,2018-03-22T14:54:51.845Z,0,0,0,0,0,0,0,0,0,0,0,0,0,0,0,0,0
intellij-rainbow-brackets,2019-07-18T12:48:38.338Z,0,0,0,0,0,2,0,0,0,0,3,0,0,0,0,0,0
caprover,2019-02-05T06:57:03.983Z,0,3,0,0,0,1,0,1,0,0,0,0,0,0,0,6,0
redux-devtools-extension,2016-11-03T15:52:23.487Z,0,32,14,0,1,3,5,5,3,4,1,2,1,9,1,0,0
celery,2018-04-17T16:47:47.482Z,0,0,0,0,0,0,0,0,0,0,0,0,0,0,0,0,0
adnauseam,2017-08-29T14:27:37.778Z,0,0,0,0,0,0,0,0,0,0,0,0,0,0,0,0,0
cyclejs,2016-09-20T08:31:40.598Z,2,16,0,0,1,0,0,11,11,75,2,2,1,5,7,1,1
mixxx,2020-09-22T23:25:19.148Z,0,0,0,0,0,0,0,0,0,0,0,0,0,0,0,0,0
ancientbeast,2019-12-06T21:57:36.039Z,0,0,0,0,0,0,5,1,0,0,0,0,0,0,4,0,0
freecad,2022-04-04T05:58:01.448Z,0,0,0,0,0,0,0,0,0,0,0,0,0,0,0,0,0
editorjs,2019-04-02T11:12:39.189Z,0,0,0,1,0,0,0,0,0,0,0,0,0,0,0,0,0
openscad,2021-01-31T21:39:38.291Z,0,0,0,0,0,0,0,6,24,4,6,11,15,1,9,7,10
hledger,2017-01-20T19:21:45.076Z,0,0,6,0,0,7,2,16,9,13,0,0,3,11,1,0,0
reactiveui,2017-03-21T19:08:37.547Z,0,0,0,1,2,1,2,27,9,7,34,11,5,24,7,29,0
reactiveui,2017-03-21T19:08:37.547Z,0,0,0,1,2,1,2,27,9,7,34,11,5,24,7,29,0
weg-li,2020-03-26T13:44:20.347Z,0,138,38,42,23,1,23,53,23,30,73,49,3,22,7,31,5
web-scrobbler,2022-04-01T23:14:22.198Z,0,2,12,6,3,4,6,9,4,9,3,13,2,1,9,19,8
nativescript,2020-06-26T21:21:47.587Z,80,24,4,22,10,15,17,0,5,9,4,56,28,26,28,35,10
husky,2019-06-26T15:37:59.804Z,2,0,2,0,3,2,0,0,1,2,0,1,5,0,0,5,11
spec,2020-06-16T15:37:43.078Z,0,0,0,0,0,0,0,0,0,0,0,0,0,0,0,0,0
cocnvim,2020-11-09T16:36:41.750Z,0,0,0,0,0,0,0,0,0,0,0,0,0,0,0,0,0
postcss,2019-12-23T19:20:30.096Z,0,47,0,0,0,39,23,0,0,9,5,0,0,6,4,0,0
warzone2100,2021-07-27T22:22:39.357Z,14,43,15,3,6,52,5,21,4,8,9,9,14,0,2,2,5
goreleaser,2018-02-20T15:54:04.885Z,0,0,2,20,11,13,44,31,19,8,6,2,4,2,1,15,8
react-hook-form,2019-09-23T19:35:01.451Z,0,0,0,0,0,18,13,4,1,4,6,0,0,23,60,93,89
xgboost,2019-03-04T22:36:17.327Z,2,0,1,1,1,1,0,0,0,47,0,4,0,0,1,4,0
signalk,2021-12-11T08:45:45.802Z,0,0,0,0,0,0,0,0,0,0,0,0,0,0,0,0,0
readarr,2020-05-31T18:48:40.076Z,0,0,0,0,0,0,0,2,4,0,0,1,0,12,3,0,72
mudblazor,2020-11-12T21:16:48.785Z,0,0,0,0,0,0,0,0,0,11,19,9,0,9,0,0,1
asyncapi,2019-03-10T01:52:36.842Z,4,0,0,5,0,0,0,60,78,12,0,0,1,4,4,3,0
localstack,2017-09-20T20:02:33.664Z,0,0,1,1,0,0,0,5,0,1,0,0,0,0,0,0,1
pytest,2019-07-04T11:04:51.583Z,1,1,7,1,1,3,15,0,0,4,0,2,4,0,4,4,0
serverest,2020-10-15T18:37:53.720Z,0,44,1,17,25,76,7,62,153,14,26,26,14,28,9,19,0
rvm,2019-01-07T18:21:09.433Z,2,8,2,0,2,7,8,0,5,0,1,0,10,8,38,2,0
mvvmcross,2017-04-25T12:51:57.157Z,0,9,5,0,3,21,19,14,36,171,43,62,35,41,37,93,108
react-three-fiber,2019-09-12T00:58:24.973Z,0,0,0,11,12,0,0,0,16,1,1,2,4,1,0,4,1
fedibird-project,2021-08-04T04:37:25.759Z,0,0,3,0,0,0,0,0,0,0,0,0,0,2,0,0,0
react-spring,2018-07-20T20:10:15.267Z,0,0,0,0,0,4,2,5,6,10,2,0,0,13,5,3,1
uptime-kuma,2021-08-28T19:41:32.486Z,0,0,0,0,0,0,0,7,18,19,20,8,0,0,14,3,1
webdriverio,2021-03-23T13:42:03.019Z,0,0,0,0,0,0,0,0,0,0,0,0,0,0,0,0,0
stylelint,2018-04-10T18:55:24.697Z,0,0,0,0,0,0,0,0,0,0,0,0,0,0,0,0,0
thecodebarbarian,2020-11-02T13:34:48.673Z,0,0,0,0,0,1,0,0,2,0,0,0,0,0,0,0,0
browserslist,2020-01-30T19:16:31.799Z,3,0,0,0,0,0,2,7,3,12,34,89,40,42,113,66,79
ccxt,2018-01-17T20:56:56.622Z,0,0,0,5,4,12,27,11,45,38,12,17,32,13,12,4,4
privacyguides,2019-11-01T01:09:46.232Z,0,0,0,0,0,0,0,0,0,0,0,0,0,0,0,0,0
react-router,2019-02-27T21:23:09.508Z,0,0,0,0,0,0,0,0,0,0,0,0,0,0,0,0,0
ariakit,2018-09-24T08:13:46.297Z,0,1,0,0,9,3,33,83,76,12,47,5,1,1,0,2,27
floccus,2019-09-17T01:07:43.438Z,0,0,0,0,0,0,0,0,0,0,1,0,0,0,0,23,1
bookwyrm,2021-02-21T15:56:41.081Z,6,0,0,4,0,17,10,32,36,50,160,61,80,18,24,3,68
tiddlywiki,2021-03-24T15:28:59.649Z,0,0,0,0,0,0,0,0,0,0,0,0,0,0,0,0,0
iosdevspace,2022-11-19T22:54:28.208Z,0,0,0,0,0,0,0,0,2,0,0,0,0,0,0,0,0
jmonkeyengine,2020-11-03T08:06:31.349Z,0,0,0,0,0,0,0,0,0,0,0,0,0,0,0,0,0
nock,2018-04-27T19:33:16.584Z,2,12,6,7,0,2,7,17,0,1,2,18,18,5,3,0,19
pypy,2018-10-29T03:03:46.408Z,0,0,0,0,0,0,0,0,0,0,0,0,0,0,0,0,0
react-pdf,2017-06-06T17:11:19.481Z,0,0,0,0,0,2,15,2,0,0,0,0,4,0,4,5,0
jss,2017-06-05T21:41:05.879Z,0,0,0,0,3,0,0,0,0,0,0,0,7,0,0,45,0
stc,2022-11-06T12:44:07.966Z,0,0,0,0,0,0,0,43,373,197,245,373,328,122,68,40,3
android-password-store,2018-09-01T13:36:30.213Z,0,0,0,0,3,0,0,0,0,0,0,4,13,94,12,0,3
selfdefined,2020-03-08T22:52:50.373Z,0,0,1,10,82,1,18,182,97,41,261,331,52,214,100,135,94
yew,2020-01-11T17:09:35.853Z,0,0,0,0,0,0,0,0,0,0,0,1,0,0,0,2,1
verdaccio,2018-05-03T22:26:59.247Z,0,0,0,22,15,10,31,4,5,86,147,165,39,49,95,25,31
enspiral-europe,2022-10-06T20:25:03.655Z,0,0,0,0,0,0,0,0,0,0,0,0,0,0,0,0,0
gtk-rs,2020-04-02T16:48:36.029Z,0,0,0,0,0,0,0,0,0,0,0,0,0,0,2,50,333
guppe-groups,2022-11-22T17:39:59.918Z,0,8,28,8,4,0,0,2,38,5,20,6,0,2,3,4,3
ohmyzsh,2020-05-18T02:12:23.021Z,4,5,19,43,11,18,30,8,25,19,26,14,8,44,33,20,29
yourls,2017-05-02T12:30:56.998Z,0,0,0,0,0,0,0,7,0,0,0,0,19,3,2,0,0
srs-server,2021-12-13T03:30:06.952Z,25,8,18,20,16,14,12,23,59,64,37,37,3,6,3,3,11
strapi,2018-05-25T19:29:12.899Z,1,0,0,0,0,6,1,0,1,4,0,6,4,4,1,0,0
fast-endpoints,2023-05-22T08:03:21.307Z,8,8,0,0,0,0,0,0,0,0,0,2,1,9,0,51,104
azuracast,2018-01-25T09:16:38.136Z,0,0,0,5,0,0,0,0,0,0,0,0,0,0,0,0,1
kavita,2021-07-28T05:41:56.753Z,0,0,0,0,0,0,0,0,0,0,1,1,0,0,0,1,0
betonquest,2021-10-17T12:09:05.017Z,19,16,10,32,24,29,6,26,11,0,3,9,11,8,33,8,27
livetl,2021-02-27T18:32:12.657Z,0,0,0,0,0,1,67,24,8,15,29,48,22,103,150,52,33
ajv,2019-11-02T17:08:11.197Z,0,0,0,0,0,2,2,0,0,0,3,5,0,1,7,4,0
peercoin,2020-07-26T20:55:55.186Z,11,2,13,11,9,2,7,1,2,13,2,0,0,0,4,11,15
huntr,2021-08-26T22:22:59.439Z,186,198,73,27,4,61,45,58,66,56,11,123,49,6,13,24,0
hydra-synth,2021-02-17T10:50:43.831Z,2,2,14,13,4,2,6,9,4,5,13,1,0,3,1,1,18
lint-staged,2018-10-14T17:47:26.056Z,9,8,4,18,5,0,3,27,50,16,6,35,4,0,0,0,43
ethical-source,2020-02-15T19:00:57.469Z,0,0,0,0,60,0,0,0,12,87,56,15,11,1,3,1,0
ant-design,2019-05-03T19:33:11.235Z,0,0,0,0,0,0,0,0,0,0,0,0,0,0,0,0,0
nextauth,2021-07-05T15:57:53.124Z,0,20,4,34,33,63,60,40,22,15,0,1,1,0,1,39,29
known,2019-01-24T13:47:33.191Z,10,4,6,6,138,93,59,64,29,24,33,48,21,44,30,5,12
task,2018-04-23T15:30:55.969Z,9,9,0,6,0,1,0,0,0,0,5,18,0,0,0,27,0
clojure-lsp,2021-01-10T02:03:17.960Z,0,6,0,25,0,0,0,8,35,16,5,1,3,14,13,0,2
altair,2018-04-09T20:55:13.657Z,0,0,0,10,2,0,0,8,0,1,1,12,0,3,44,90,35
kivymd,2020-04-28T12:53:31.566Z,0,1,0,0,4,0,0,5,0,0,2,0,6,68,53,85,19
fakerjs,2017-02-22T13:38:55.200Z,0,0,0,0,0,0,0,0,0,0,0,0,0,0,0,0,0
ovenmediaengine,2021-07-03T16:14:46.609Z,0,0,0,0,4,6,8,0,2,2,2,2,1,2,11,0,0
dhall,2019-09-04T00:29:42.746Z,0,2,68,45,62,37,129,57,29,35,79,69,31,46,33,141,150
nix-errors-enhancement,2020-03-12T14:42:45.424Z,0,0,0,0,0,0,0,0,2,0,0,0,0,0,0,1,0
lyrion,2024-10-23T11:31:07.619Z,11,54,107,53,163,71,81,70,269,210,240,191,121,177,163,69,45
cpprefjp,2023-03-23T19:49:54.163Z,0,0,27,6,12,34,97,39,39,20,7,2,20,3,6,19,20
thpatch,2018-12-04T01:02:29.774Z,0,0,0,0,0,0,0,1,0,0,0,0,0,0,0,0,0
colour-science,2019-10-31T13:37:00.780Z,0,0,0,0,0,0,0,0,0,0,0,0,0,0,0,0,0
spotiflyer,2021-05-10T18:41:38.094Z,0,0,0,0,0,0,0,0,0,0,0,0,1,0,0,0,0
orbitdb,2020-07-07T20:09:43.858Z,9,0,0,0,13,2,95,32,79,51,37,16,23,22,6,8,43
ellie,2017-12-07T19:28:17.395Z,0,0,0,0,0,0,18,0,11,5,3,15,1,4,6,1,5
lawnchair,2024-08-05T13:16:12.013Z,98,7,17,1,23,34,3,6,32,26,4,10,141,201,190,85,51
amplifying-fsharp,2024-03-04T08:54:15.547Z,4,11,2,12,23,9,36,8,18,7,3,2,0,0,0,10,10
react-native-elements,2017-04-16T07:36:50.231Z,0,0,0,1,12,5,13,31,73,29,41,36,26,7,8,13,22
dnscrypt,2019-07-19T18:00:08.162Z,3,1,0,0,4,2,4,0,0,0,9,13,0,1,0,0,0
wechaty,2019-05-03T09:31:19.226Z,14,11,6,0,0,0,5,8,0,0,0,27,0,12,0,11,10
komga,2020-06-13T23:42:15.416Z,0,0,0,1,10,17,0,0,0,40,2,0,0,0,0,0,9
drupal-recording-initiative,2019-01-07T23:59:20.040Z,0,0,0,0,0,0,0,0,4,9,1,3,4,5,2,3,1
codeceptjs,2020-11-16T13:18:25.237Z,73,34,129,39,24,31,18,15,8,2,2,12,12,5,0,2,0
monnaie-libre,2018-06-13T18:24:34.193Z,0,0,0,0,0,0,0,0,0,0,0,0,0,0,0,0,0
mithriljs,2019-01-29T16:21:54.157Z,51,7,0,0,43,23,138,11,37,2,4,5,0,43,56,68,67
clap,2020-08-14T09:39:33.988Z,0,0,5,31,72,4,0,0,0,0,4,1,0,0,0,2,0
communitybridge,2022-03-08T11:38:57.114Z,0,0,0,0,0,0,0,0,0,0,0,0,0,0,0,0,0
betterdisplay,2021-10-28T17:10:29.989Z,0,0,0,0,0,0,0,0,0,0,0,0,0,0,0,0,0
remmina,2021-06-02T23:48:08.795Z,2,2,0,0,0,0,0,0,0,0,0,0,4,0,2,0,0
piranhacms,2019-03-29T12:24:18.967Z,0,0,0,0,0,0,0,0,0,1,0,0,0,0,0,14,0
sequelize,2021-10-07T19:51:56.840Z,0,0,0,0,0,0,0,0,0,0,0,0,0,0,0,0,0
git-bug,2018-09-28T17:57:39.159Z,0,0,0,0,0,0,0,2,19,49,0,36,39,24,20,28,101
node-fetch,2020-08-20T01:53:27.641Z,0,0,0,3,15,115,43,0,4,4,3,0,17,30,4,0,0
codeception,2019-10-22T23:21:56.532Z,12,22,10,23,16,21,39,25,21,29,19,7,1,23,2,5,15
libsodium,2019-07-04T00:08:23.740Z,24,31,25,24,10,71,53,8,45,59,33,49,29,30,28,18,25
openpracticelibrary,2023-07-13T08:12:57.676Z,0,3,31,74,29,34,19,32,56,58,89,52,42,24,70,39,52
gureum,2019-06-11T08:35:48.007Z,115,79,17,16,4,1,11,88,82,23,9,238,137,47,6,5,9
catppuccin,2022-08-30T23:27:35.724Z,0,0,1,0,0,0,0,0,1,0,3,22,58,139,102,38,53
mswjs,2021-03-02T15:32:21.904Z,0,61,43,82,49,48,98,107,40,45,6,29,4,5,15,20,50
vite,2023-02-06T02:20:16.680Z,1,2,4,0,0,0,0,1,0,3,2,0,2,0,1,0,3
svgr,2018-09-26T14:08:30.564Z,0,0,5,0,14,1,5,3,5,15,25,2,11,4,1,9,5
omigroup,2021-06-30T16:41:44.516Z,0,0,0,0,0,0,1,18,10,29,14,18,30,50,67,41,35
cronus,2022-08-10T12:11:17.423Z,0,0,1,0,5,0,2,1,1,1,0,1,3,0,1,1,0
craftjs,2020-07-12T13:49:54.415Z,0,0,57,17,37,35,57,61,21,14,13,16,42,14,45,137,58
xmake,2019-09-05T06:58:05.080Z,0,0,0,0,1,14,8,34,2,0,0,0,0,5,0,0,10
immer,2019-09-16T02:15:08.079Z,12,26,1,45,3,0,0,2,8,22,0,5,3,6,3,2,3
jrnl,2020-03-11T04:05:38.015Z,5,5,0,16,59,13,25,13,8,13,56,30,88,67,15,62,77
mediasoup,2019-02-26T15:27:52.552Z,0,0,1,0,19,6,3,11,0,3,0,7,3,3,0,0,5
masscode,2021-04-29T19:08:39.551Z,0,0,0,0,0,0,0,4,0,0,0,0,0,0,0,0,0
terser,2019-09-04T10:46:37.653Z,5,34,54,12,10,12,29,18,1,2,9,1,2,4,6,19,2
erxes,2018-01-15T22:38:40.546Z,0,0,0,0,0,0,0,0,0,0,0,0,0,0,0,0,0
independent-solid-test-suite,2021-05-06T10:31:58.632Z,5,1,2,1,1,8,9,0,3,0,0,2,0,0,0,1,1
ghcup,2021-09-14T20:17:37.801Z,0,0,0,0,0,0,0,0,0,0,0,0,0,0,0,0,0
y-collective,2021-04-22T16:27:28.210Z,15,19,29,44,27,9,19,35,22,26,9,5,35,7,24,29,16
atom-material-themes-and-plugins,2018-04-26T16:06:02.659Z,0,0,0,0,0,0,0,0,0,0,0,0,0,0,0,0,0
babashka,2020-03-31T13:19:37.998Z,0,1,0,0,0,0,0,0,0,3,13,5,4,2,0,0,0
effector,2020-10-17T11:48:19.833Z,2,9,15,23,20,25,8,13,56,44,22,27,24,38,19,16,22
zoneminder,2021-05-07T11:21:04.131Z,1,0,0,6,0,8,6,2,2,4,0,0,4,0,0,0,4
electron-react-boilerplate-594,2017-05-06T22:25:58.385Z,7,10,4,9,0,12,11,27,7,10,0,0,0,10,0,0,0
hexo,2019-07-10T22:32:10.443Z,6,0,3,0,0,3,1,2,15,47,40,50,29,67,49,33,23
dockstarter,2019-03-17T20:13:22.779Z,1,0,18,4,0,0,15,0,5,58,13,2,4,0,0,0,0
dosbox-staging,2021-05-11T21:26:58.073Z,15,21,6,10,11,8,2,0,4,9,2,7,0,4,2,34,2
bundlephobia,2018-07-24T11:32:25.532Z,17,25,28,16,10,4,5,0,39,23,7,15,13,34,10,13,5
wolvic,2022-10-19T02:38:29.083Z,0,0,0,0,0,2,0,0,0,0,0,0,0,81,69,136,61
kcanotify,2019-06-18T16:21:39.570Z,12,14,1,3,9,8,9,9,0,1,2,0,0,0,11,1,3
synfig,2020-04-15T21:36:30.861Z,0,0,0,0,1,0,0,0,0,0,1,0,0,0,3,1,1
thelounge,2018-03-26T18:32:27.641Z,5,3,1,15,9,5,13,1,7,0,0,183,102,14,42,16,3
amberelec,2022-04-17T04:34:40.098Z,25,28,16,31,32,5,7,2,12,13,8,9,1,6,8,4,1
purpurmc,2021-12-02T00:25:34.873Z,8,53,103,64,78,89,62,32,59,56,35,59,23,33,58,108,14
elk,2023-01-12T10:14:38.505Z,0,0,0,0,0,0,46,286,508,198,8,70,67,6,21,26,35
kingfisher,2017-07-02T05:21:21.812Z,0,0,3,6,4,0,10,0,0,4,4,0,0,0,0,2,1
merveilles,2020-05-26T18:16:15.729Z,0,0,7,2,0,0,0,0,0,0,0,0,3,0,0,1,2
graphql-net,2020-05-13T23:39:32.988Z,0,2,0,3,0,9,0,0,0,0,0,14,0,4,0,0,12
polybar,2020-12-19T17:24:46.048Z,3,22,2,42,7,2,4,11,34,43,15,15,5,0,2,16,13
react-dropzone,2018-02-26T13:13:39.857Z,50,1,18,12,48,0,0,5,6,0,7,11,13,0,27,33,38
openhd,2020-10-22T03:56:02.277Z,30,15,33,32,21,11,63,20,5,17,161,33,28,22,25,7,15
dokploy,2024-05-31T06:53:21.538Z,0,0,0,0,0,0,0,0,24,7,84,54,23,13,51,75,60
ant-design-vue,2018-09-06T00:41:55.764Z,0,0,1,2,0,0,0,5,2,0,0,23,6,13,6,5,5
kumbiaphp,2020-01-15T15:45:33.981Z,0,1,1,1,1,0,0,0,0,1,0,3,6,11,1,2,5
kumbiaphp,2020-01-15T15:45:33.981Z,0,1,1,1,1,0,0,0,0,1,0,3,6,11,1,2,5
lvgl,2021-02-03T10:36:13.452Z,4,22,0,0,2,46,6,8,0,12,27,17,9,8,10,0,2
censusreporter,2021-01-29T20:39:47.184Z,1,1,3,16,1,2,4,0,0,0,3,0,0,0,1,0,0
julialang,2021-06-15T20:37:53.501Z,0,0,0,0,0,0,0,0,0,0,0,0,0,0,0,0,0
litiengine,2020-10-05T07:30:13.664Z,16,32,37,18,8,4,12,1,4,11,12,16,19,39,49,44,8
marktext,2018-05-08T18:24:53.865Z,0,0,0,0,0,0,130,87,101,27,8,30,0,0,42,3,13
quicksilver,2022-02-01T03:27:21.249Z,7,0,0,0,0,8,43,5,13,6,1,0,3,4,24,2,24
tabler,2018-08-29T22:57:31.821Z,0,0,0,0,4,0,0,0,1,0,0,0,0,0,1,0,0
liquidjs,2020-02-26T15:51:42.909Z,17,4,26,6,10,19,5,6,22,48,35,12,22,5,9,3,30
bazel-rules-authors-sig,2021-12-09T00:24:09.931Z,0,0,0,0,0,0,9,44,30,60,18,8,16,11,6,1,9
advancedfx,2019-09-10T18:47:57.469Z,0,0,0,0,0,0,0,0,0,0,0,0,0,0,0,0,0
code-settings-sync,2018-03-20T13:17:26.114Z,0,1,0,0,0,0,0,0,0,0,0,0,15,3,0,21,6
fossbilling,2022-05-23T19:17:16.885Z,0,0,0,0,0,0,0,0,20,25,8,0,8,15,13,49,69
nvim-treesitter,2021-07-06T16:53:02.962Z,3,4,0,1,2,0,2,0,11,5,0,1,3,0,2,0,0
jest-preview,2022-05-28T11:58:26.039Z,0,0,0,0,0,0,8,194,156,147,99,86,41,12,3,5,24
bcneng,2022-04-06T12:13:52.711Z,0,7,0,0,0,4,0,0,8,8,10,1,7,2,0,3,5
patchfox,2019-06-12T02:20:10.332Z,0,0,7,0,0,0,1,4,20,5,12,0,2,13,0,1,13
hoppscotch,2019-10-14T16:13:59.176Z,0,0,0,0,0,0,7,0,0,0,0,6,0,5,1,0,0
wp-graphql,2019-03-28T18:45:27.637Z,0,1,0,0,0,0,0,1,0,0,4,0,0,0,0,0,0
applause-button,2019-02-25T20:33:39.781Z,0,0,0,2,2,0,4,3,12,1,2,0,0,1,5,1,0
activitywatch,2018-07-17T22:12:47.475Z,0,0,0,2,1,0,0,0,0,0,0,0,0,0,0,0,0
urllib3,2020-12-27T20:15:17.165Z,0,0,0,0,0,0,0,0,0,0,0,0,0,0,0,0,0
ui-avatars,2019-05-02T08:27:25.483Z,2,0,0,1,1,3,2,8,5,10,3,3,2,2,3,14,2
selenium,2023-09-12T17:47:37.067Z,0,0,0,0,0,0,0,0,0,0,0,0,0,0,0,0,0
welcometomygarden,2020-05-20T11:53:08.964Z,0,0,0,0,0,0,0,0,3,23,25,28,4,0,0,0,0
cncjs,2019-10-15T16:21:08.446Z,0,1,6,61,43,27,43,21,28,31,45,48,19,63,38,11,38
reactive-resume,2023-11-25T04:39:03.334Z,0,0,0,0,0,0,0,0,0,0,2,2,4,0,0,0,46
classicpress,2022-06-29T18:45:41.199Z,37,50,14,0,36,0,6,12,8,306,0,4,6,12,9,0,0
ngxs,2018-04-08T02:12:47.664Z,0,0,0,0,0,0,0,1,6,1,3,0,0,0,2,0,1
timber,2023-02-03T21:08:23.250Z,32,15,20,40,74,60,23,40,20,109,8,229,27,66,29,121,97
nusmods,2018-08-26T17:50:14.028Z,3,8,95,35,11,8,0,12,34,12,93,7,21,43,133,53,32
lfortran,2022-04-05T20:08:53.196Z,0,0,0,0,0,0,0,0,0,0,0,0,0,0,0,0,0
react-pdf-wojtekmaj,2019-06-20T19:51:44.635Z,0,0,0,0,0,1,0,0,0,0,0,0,0,0,0,0,0
pester,2019-07-01T14:00:17.361Z,13,19,18,13,4,49,11,3,8,5,42,0,9,0,5,0,0
moveable,2019-10-13T12:37:24.379Z,0,0,0,0,0,0,0,2,0,0,0,0,0,0,0,0,0
create-react-app,2019-08-12T09:36:37.398Z,48,96,40,78,71,58,33,25,40,35,62,49,41,39,15,1,2
starship,2020-02-28T10:42:21.362Z,4,0,0,2,1,0,0,0,0,0,0,0,0,0,0,0,0
twilight,2021-09-15T13:40:38.588Z,0,0,0,0,0,0,0,0,0,0,134,131,111,51,169,108,151
zulip,2019-03-24T03:00:06.127Z,0,7,0,7,3,6,5,0,6,2,1,0,1,0,0,0,0
pre-commit,2018-11-02T03:09:53.665Z,11,0,0,0,10,17,0,9,9,21,11,11,12,8,17,13,15
react-native-iap,2018-08-13T16:14:47.214Z,0,0,1,1,11,2,2,0,19,1,1,0,10,16,1,0,11
flutter-webrtc,2020-07-24T17:03:10.166Z,0,6,0,0,0,3,0,3,0,0,10,18,2,0,3,0,0
zrythm,2020-04-13T13:19:09.046Z,0,0,0,0,0,0,0,0,0,0,0,0,0,0,0,0,0
cinny,2021-09-19T18:59:15.653Z,0,0,0,0,0,0,0,0,0,0,8,24,34,17,51,0,4
node-opcua,2021-03-08T03:35:49.184Z,1,0,0,6,5,0,2,0,50,40,50,23,14,20,22,70,30
resilience-web,2021-10-25T11:58:20.550Z,20,14,17,28,14,21,8,25,13,7,9,10,13,19,18,48,15
mapswipe,2020-06-23T16:35:24.594Z,57,14,31,25,0,10,35,21,100,48,44,24,60,2,21,3,2
external-secrets-org,2021-06-30T13:00:56.431Z,0,0,0,0,0,0,0,0,0,0,0,0,0,0,0,9,1
contributor-covenant,2019-11-09T18:25:50.632Z,12,12,15,8,22,7,16,23,67,21,12,11,9,21,25,30,16
nrepl,2019-03-01T08:27:55.306Z,0,2,21,19,47,224,165,36,77,47,4,5,2,26,41,40,18
sequel-ace,2020-09-05T15:37:29.808Z,0,0,0,0,0,26,98,24,24,59,231,151,158,75,33,12,0
tracardi-cdp,2022-04-27T10:01:15.984Z,21,20,39,99,56,33,9,2,31,9,38,45,64,62,232,42,3
prettier-ruby,2019-10-10T17:39:50.986Z,205,60,87,28,9,17,28,19,7,32,11,3,19,27,28,6,7
nuke,2019-03-13T21:45:39.426Z,0,20,0,19,0,1,0,0,0,0,0,0,0,0,0,0,0
html-webpack-plugin,2018-03-27T22:39:21.782Z,0,7,2,5,0,5,0,1,5,0,10,0,3,0,6,20,2
dearpygui,2021-03-09T01:05:52.668Z,0,0,0,0,0,0,0,0,0,0,0,0,0,0,0,0,0
supabase-supasquad,2021-06-23T05:00:35.976Z,40,155,439,166,132,363,154,0,0,0,0,0,0,0,0,0,0
tsed,2018-03-14T13:56:31.211Z,0,0,0,0,0,0,0,0,1,0,37,0,0,0,3,0,0
tsed,2018-03-14T13:56:31.211Z,0,0,0,0,0,0,0,0,1,0,37,0,0,0,3,0,0
tiktokshop-php,2023-04-27T13:57:03.496Z,0,0,0,0,24,0,3,5,0,0,0,0,0,0,7,11,8
final-form,2018-03-02T16:34:28.982Z,0,0,0,0,30,112,128,25,34,68,108,29,35,18,8,19,29
ifme,2017-10-23T17:42:15.654Z,0,0,0,0,0,0,0,0,6,0,0,0,0,0,0,0,0
blaze,2016-09-28T17:30:44.892Z,0,0,0,0,1,0,0,5,43,36,93,65,90,102,70,9,18
vitest,2023-03-24T16:21:26.270Z,0,0,0,0,0,0,0,0,0,0,0,0,0,0,0,4,0
the-london-django-meetup-group,2018-05-09T10:00:46.742Z,3,0,0,0,4,0,0,3,6,19,8,1,2,0,0,9,3
java-jda,2021-12-08T00:31:08.361Z,0,0,1,0,0,0,0,38,113,48,93,35,67,76,46,54,147
email-markup-consortium,2022-06-29T16:03:37.062Z,21,9,4,0,2,2,0,6,5,10,4,3,1,2,0,3,0
javascript-obfuscator,2017-06-02T12:44:38.425Z,0,0,0,0,0,0,1,0,0,0,0,0,0,0,5,0,0
tastyigniter,2020-03-18T22:19:54.568Z,0,0,0,0,0,0,0,0,0,2,0,8,9,18,45,28,137
m68k-llvm-dev,2022-01-14T20:22:30.612Z,0,0,0,0,0,0,0,0,0,0,0,0,0,0,0,0,0
tastyigniter,2020-03-18T22:19:54.568Z,0,0,0,0,0,0,0,0,0,2,0,8,9,18,45,28,137
kornia,2021-05-22T10:17:27.484Z,0,0,0,0,0,0,0,0,0,2,0,13,2,2,0,0,0
coding-grace,2020-01-17T22:52:58.494Z,0,0,0,0,0,0,0,0,0,0,0,0,0,0,0,0,0
koel,2016-07-10T04:12:12.598Z,0,36,0,4,14,5,10,9,5,26,0,0,12,23,4,0,0
projectm,2018-12-15T00:12:08.870Z,12,9,22,13,6,2,2,10,5,40,2,27,12,0,4,0,0
nexrender,2019-12-09T08:31:37.067Z,0,2,0,8,2,0,0,0,0,0,2,0,2,0,0,0,0
react-window,2021-09-02T12:58:03.612Z,14,24,24,10,11,22,18,20,16,12,14,11,13,9,16,22,9
fluffos-579,2021-01-08T05:36:39.773Z,13,10,4,8,9,22,38,26,17,29,18,31,9,5,3,3,11
tvheadend,2023-12-07T21:24:52.708Z,7,2,32,10,20,2,2,3,0,1,250,57,98,25,62,29,66
tvheadend,2023-12-07T21:24:52.708Z,7,2,32,10,20,2,2,3,0,1,250,57,98,25,62,29,66
phpbb,2023-01-12T22:58:41.661Z,14,9,13,6,5,5,21,55,28,5,4,29,11,10,11,23,80
midnight-lizard,2018-11-01T10:08:11.530Z,19,21,12,17,25,16,4,6,3,0,3,21,5,15,7,4,2
medoo,2019-11-12T11:14:08.632Z,33,16,19,13,37,19,7,11,10,8,10,7,5,3,14,18,5
ocrmypdf,2019-09-27T14:09:43.503Z,0,1,0,13,1,0,0,0,3,0,1,4,5,1,0,0,0
midnight-lizard,2018-11-01T10:08:11.530Z,19,21,12,17,25,16,4,6,3,0,3,21,5,15,7,4,2
bootstrap-vue-next,2023-05-17T06:18:08.931Z,5,15,1,0,0,4,0,3,52,29,133,7,47,84,78,39,37
mybb,2018-03-28T21:14:27.996Z,3,3,29,20,7,26,55,27,7,120,25,43,61,30,3,5,4
webrecorder,2022-01-11T02:56:03.970Z,4,2,5,1,1,1,0,2,0,2,4,0,0,2,0,0,1
mybb,2018-03-28T21:14:27.996Z,3,3,29,20,7,26,55,27,7,120,25,43,61,30,3,5,4
graphql-flutter,2020-02-03T14:51:06.928Z,18,6,0,8,19,17,8,1,5,0,3,0,0,2,0,0,0
appium,2024-05-01T06:56:54.106Z,6,2,55,89,21,14,14,30,99,51,9,0,27,22,152,200,272
kitspace,2019-02-12T20:17:30.972Z,13,16,10,0,14,3,2,17,6,22,22,56,0,1,9,15,50
cssnano,2019-07-01T11:51:15.656Z,0,0,2,0,18,0,3,5,2,0,0,0,15,38,24,38,13
dotenv,2019-12-19T10:53:26.030Z,21,30,8,9,37,15,29,12,22,23,15,16,20,18,8,21,18
typedclojure,2020-02-17T15:17:27.042Z,0,0,0,0,0,0,0,0,0,0,0,0,0,0,0,0,0
level,2018-01-25T15:03:28.860Z,14,7,0,3,7,28,5,14,20,37,8,17,27,2,3,9,2
textpattern-collective,2020-11-04T02:10:12.304Z,0,0,0,0,0,0,0,0,0,0,0,0,0,0,0,0,0
cdnjs,2019-07-08T16:09:49.102Z,27,26,32,34,7,1,0,6,4,1,4,1,29,22,13,242,300
doctoolchain,2018-11-28T21:47:52.510Z,8,0,0,0,0,0,0,0,0,2,0,0,0,0,0,10,0
backyourstack,2019-03-21T12:01:54.681Z,4,47,6,11,18,7,0,4,11,0,5,6,33,16,14,19,75
formik,2019-09-27T10:52:46.349Z,33,22,18,23,85,26,23,9,31,7,33,37,61,18,8,18,6
easy-peasy,2019-10-24T11:32:36.774Z,2,0,0,0,7,0,0,0,0,1,0,11,0,43,107,34,24
heroui,2022-02-18T11:57:02.937Z,101,19,26,33,51,9,6,24,36,20,18,16,16,14,60,4,6
spacevim,2019-06-14T19:29:28.321Z,0,0,5,32,8,13,7,4,1,0,0,3,14,0,0,1,0
element-plus,2020-10-28T12:46:33.634Z,0,0,0,0,0,0,1,0,0,2,9,0,0,0,1,0,2
moskitos,2022-03-01T19:44:22.363Z,0,0,0,0,0,2,0,0,0,0,0,0,0,0,0,0,0
whisparr,2023-09-10T01:39:14.969Z,7,23,7,11,11,13,39,10,7,15,10,20,22,14,149,19,6
alfio,2019-08-25T15:29:57.540Z,33,32,44,12,28,16,28,54,60,69,66,45,12,5,20,23,9
openfl,2019-01-24T00:45:06.656Z,0,0,6,0,0,2,0,0,16,19,75,18,18,9,34,20,32
lando,2019-12-31T16:49:24.544Z,0,0,0,0,0,0,5,4,7,4,5,7,21,9,12,4,2
ua-parser-js,2021-03-11T01:33:35.336Z,5,5,0,3,5,14,11,1,43,13,3,2,5,6,2,202,25
js-lingui,2018-09-01T08:43:35.132Z,0,2,4,0,1,0,12,20,31,0,0,0,1,0,0,0,2
webdrivermanager,2019-02-21T16:21:01.187Z,0,0,4,0,0,1,3,0,0,3,0,0,0,0,0,0,1
netbootxyz,2019-12-01T22:15:49.500Z,0,0,0,1,0,0,10,0,4,6,0,0,0,0,3,0,0
amethyst,2018-11-27T09:01:25.452Z,0,0,1,0,0,0,2,0,0,3,0,9,7,0,6,57,144
vale,2020-09-29T20:15:04.803Z,0,0,0,0,0,0,0,0,0,53,63,60,78,23,18,13,7
mypaint,2020-03-02T08:33:14.940Z,30,23,24,46,19,132,18,43,30,39,49,31,52,23,69,18,20
phpstan-drupal,2021-03-04T02:05:31.169Z,25,6,18,22,2,26,3,14,15,2,18,3,18,2,12,28,160
noble,2016-09-17T14:38:27.876Z,4,0,1,0,0,0,18,0,0,0,3,23,41,77,89,72,65
webonyx-graphql-php,2019-04-03T19:41:22.440Z,0,0,0,0,0,0,0,0,0,0,0,0,0,0,0,0,0
arbor-chat,2021-05-10T02:34:47.850Z,0,0,0,0,0,0,0,0,0,0,0,0,0,0,0,0,0
tabby,2019-06-01T01:00:37.500Z,2,1,2,3,0,1,0,0,0,5,0,0,0,0,1,0,0
arbor-chat,2021-05-10T02:34:47.850Z,0,0,0,0,0,0,0,0,0,0,0,0,0,0,0,0,0
amplitudejs,2019-06-20T21:20:22.052Z,10,12,2,36,20,21,30,39,15,73,5,2,7,13,3,17,0
jira-cli,2021-11-07T04:11:09.442Z,0,2,12,2,0,1,23,9,44,37,65,53,62,27,30,29,21
openrocket,2022-05-30T02:18:38.652Z,0,1,0,0,0,10,7,6,23,3,1,7,5,3,0,2,7
vega-strike,2020-06-07T18:00:49.768Z,0,0,0,0,0,0,0,0,0,1,2,0,1,1,0,0,0
biojulia,2018-02-26T09:51:22.580Z,46,11,150,13,7,6,0,3,0,1,1,1,3,1,4,17,0
asciidocfx,2018-08-05T19:48:45.651Z,12,19,16,3,7,7,11,12,60,15,13,13,7,17,2,10,0
passwordless,2019-08-09T09:47:37.133Z,0,9,0,10,9,0,17,49,5,35,26,5,20,2,8,29,15
asciidocfx,2018-08-05T19:48:45.651Z,12,19,16,3,7,7,11,12,60,15,13,13,7,17,2,10,0
go-app,2020-09-01T16:06:57.838Z,0,0,30,0,0,0,0,0,0,0,0,0,0,0,0,2,0
vueuse,2020-10-31T05:40:21.175Z,0,0,0,0,0,0,0,0,3,2,0,1,3,0,0,0,0
quasar,2020-04-21T20:01:49.903Z,24,10,12,21,16,23,10,8,8,5,9,109,3,4,28,12,4
reach-ui,2019-10-22T16:46:06.645Z,0,0,7,3,1,4,5,6,58,28,8,61,137,123,142,118,80
pokeapi,2019-07-10T22:53:14.184Z,0,0,3,0,0,0,0,0,0,0,0,0,0,0,0,0,0
javers,2019-07-14T11:35:08.638Z,0,0,6,20,20,27,33,29,18,17,42,26,40,39,16,25,17
lxqt,2021-02-16T12:05:12.228Z,0,0,0,0,0,0,0,0,0,0,0,0,0,0,0,63,50
casbin,2019-05-24T13:26:28.474Z,2,2,2,6,0,2,5,4,0,6,3,0,0,4,5,0,0
nswag,2018-12-16T18:00:50.425Z,0,13,2,6,8,9,60,12,4,7,19,10,32,30,33,22,3
civet,2023-01-07T01:33:00.311Z,0,0,0,0,0,0,0,79,98,59,87,24,55,44,41,158,190
open-registry,2019-04-29T15:38:19.747Z,0,0,0,0,0,0,0,0,39,33,2,0,0,0,1,0,0
tahoe-lafs,2020-06-22T08:22:28.915Z,0,0,0,0,0,0,0,0,0,0,0,0,34,36,63,54,45
iris-social,2019-10-31T01:18:40.573Z,0,0,0,0,0,0,0,0,0,0,0,0,4,7,10,17,5
iris-social,2019-10-31T01:18:40.573Z,0,0,0,0,0,0,0,0,0,0,0,0,4,7,10,17,5
the-fuse-lab,2022-05-10T05:24:01.702Z,6,9,2,9,0,0,2,0,0,0,0,1,0,0,0,0,0
exercism,2019-04-04T14:13:52.136Z,0,0,0,0,0,0,0,0,0,0,0,0,0,0,0,0,0
exchangeratehost,2021-04-09T16:40:50.520Z,8,2,1,3,2,5,3,13,1,5,6,2,17,6,10,12,9
hiddify,2023-02-05T18:53:16.131Z,0,0,0,0,0,0,0,0,1,1,2,1,0,1,1,0,0
tampadevs,2023-01-06T22:20:11.777Z,0,0,0,0,4,10,16,18,47,30,16,5,6,9,4,3,24
mattn-go-sqlite3,2020-09-16T16:54:32.637Z,0,7,0,0,2,7,4,1,0,0,0,0,2,4,0,0,28
recharts,2020-03-31T20:05:45.645Z,0,0,0,0,0,0,1,1,0,0,0,0,0,0,2,0,1
pxls,2024-04-19T13:28:41.947Z,2,1,9,10,1,0,0,0,0,0,10,0,1,1,1,0,0
rx-angular,2021-02-21T20:07:54.109Z,44,48,105,30,62,22,8,12,76,20,3,49,28,5,12,7,30
cusdis,2021-04-23T12:51:02.349Z,0,0,0,0,0,0,0,0,277,139,21,4,13,15,12,54,12
itk,2022-04-11T13:13:02.834Z,0,0,0,1,1,0,0,0,0,0,0,0,0,0,0,0,0
cannlytics-company,2022-04-21T19:42:11.934Z,1,5,0,0,0,0,0,10,0,0,1,0,0,2,0,0,0
dfir-iris,2023-07-05T09:22:50.409Z,11,7,25,54,17,31,66,27,12,24,19,22,12,22,55,14,16
phpshopify,2021-03-31T09:37:03.639Z,17,5,1,11,7,24,5,13,6,5,12,8,5,5,12,3,4
opendevufcg,2021-02-26T02:39:59.600Z,0,0,2,10,0,0,0,0,0,7,12,15,0,0,5,0,2
codeeditapp,2022-03-30T03:59:21.133Z,0,0,0,0,0,0,0,0,0,0,32,44,28,35,32,9,0
translation-plugin,2020-02-18T18:41:53.428Z,0,0,0,0,0,0,0,0,0,0,0,11,0,0,0,2,0
heavy-division-simulations,2022-09-28T15:03:40.304Z,17,17,3,36,13,6,1,3,6,4,67,4,18,6,4,0,0
policyengine,2024-03-04T02:37:03.519Z,0,0,0,0,0,0,0,0,0,0,0,0,0,0,0,0,0
openbenches,2022-10-01T00:06:53.879Z,0,0,14,6,4,15,6,19,0,3,6,2,16,16,2,51,7
swiftformat,2021-02-25T20:20:23.383Z,0,0,29,19,2,18,0,3,0,0,14,3,0,0,0,0,17
codingcoach-io,2023-08-02T12:06:16.462Z,0,1,0,0,0,0,1,0,0,0,0,0,0,0,0,0,0
suitecrm,2019-07-09T12:53:56.888Z,174,229,202,7,38,16,16,48,41,18,79,93,42,55,36,14,12
simple-icons,2021-05-08T00:15:16.465Z,0,0,0,2,6,0,0,0,0,0,2,0,0,0,0,0,0
mytestedaspnet,2019-07-13T19:02:23.178Z,0,0,0,0,0,0,0,0,17,75,21,58,9,2,12,37,15
openshopchannel,2022-10-18T17:57:00.775Z,0,0,0,0,0,0,0,0,0,0,0,0,0,0,0,0,0
open_stt,2019-09-03T16:05:06.177Z,0,0,0,4,24,8,23,0,0,5,36,15,7,9,28,12,5
simple-icons,2021-05-08T00:15:16.465Z,0,0,0,2,6,0,0,0,0,0,2,0,0,0,0,0,0
24pullrequests,2017-07-11T10:12:53.828Z,53,259,9,2,0,1,0,0,2,0,0,10,57,212,1,0,3
telega,2021-01-02T00:15:33.036Z,23,13,10,4,8,31,8,59,25,23,10,26,9,14,4,20,25
silex,2021-02-20T20:49:02.505Z,43,26,17,19,17,66,46,38,17,16,46,45,75,36,5,9,12
unigraph-dev,2021-11-21T06:00:59.569Z,0,2,1,0,0,0,0,0,8,25,12,3,9,13,1,0,1
goober,2020-05-05T18:23:55.304Z,0,8,0,33,5,7,0,1,3,4,57,2,20,48,34,34,155
chimeraos,2023-08-07T16:21:52.661Z,3,1,8,12,3,0,1,89,153,109,99,109,46,69,85,113,60
dbgate,2021-07-06T02:02:14.185Z,0,0,0,0,0,0,0,0,0,0,0,0,0,0,0,0,0
embroidermodder,2021-11-05T17:22:04.886Z,0,0,0,0,0,1,1,46,25,1,15,0,1,0,0,5,4
dbgate,2021-07-06T02:02:14.185Z,0,0,0,0,0,0,0,0,0,0,0,0,0,0,0,0,0
waydroid,2021-11-30T18:52:05.986Z,0,0,0,0,8,0,2,11,1,8,0,0,0,0,5,9,6
matplotlib,2022-04-05T20:09:36.646Z,0,0,0,0,0,0,0,0,0,0,0,0,0,0,0,0,0
mantinedev,2024-12-06T09:53:19.078Z,7,1,4,1,6,9,7,5,21,156,79,143,193,264,148,165,163
vsformat,2021-03-15T22:00:05.244Z,1,3,2,8,2,3,5,1,4,9,0,3,1,0,1,0,12
rottingresearch,2023-05-04T19:28:12.052Z,14,29,0,2,0,0,3,6,2,1,2,0,14,57,6,5,15
libredirect,2022-12-23T16:33:13.929Z,6,13,1,5,0,0,2,0,2,0,148,121,51,146,75,83,38
msys2,2022-03-22T08:09:54.212Z,0,0,0,0,0,0,0,0,0,0,0,0,0,0,0,0,0
mlem,2023-10-30T16:15:06.646Z,0,0,0,0,0,91,355,245,113,40,68,158,117,82,78,90,69
warden,2022-11-29T19:59:01.522Z,22,65,23,13,23,36,14,13,21,25,40,9,46,33,7,16,32
losslesscut,2019-12-03T19:53:46.858Z,0,0,0,0,0,0,0,0,0,0,4,0,1,1,0,0,0
alchemy_cms,2020-01-31T00:31:00.848Z,0,1,0,2,0,7,24,12,5,25,80,39,39,28,21,3,24
warriorjs,2018-05-08T19:29:36.330Z,0,2,0,0,0,0,0,2,323,53,13,24,2,40,13,7,4
skia4delphi,2022-02-16T01:07:36.870Z,0,0,1,29,6,20,32,21,154,126,41,27,31,29,35,26,5
skia4delphi,2022-02-16T01:07:36.870Z,0,0,1,29,6,20,32,21,154,126,41,27,31,29,35,26,5
css-doodle,2019-09-05T18:53:57.410Z,2,6,0,1,5,6,3,4,0,0,0,0,0,0,3,3,0
slimphp,2019-06-20T17:48:13.184Z,2,15,1,14,98,46,58,12,14,21,152,102,62,77,65,46,11
doks,2021-10-06T10:30:43.810Z,31,38,54,26,45,21,17,52,47,6,11,73,40,46,19,38,66
gdm-settings,2023-08-09T04:09:34.034Z,19,13,20,14,19,12,19,24,35,39,36,25,14,12,15,1,16
gdm-settings,2023-08-09T04:09:34.034Z,19,13,20,14,19,12,19,24,35,39,36,25,14,12,15,1,16
sapphiredev,2021-12-05T21:40:41.936Z,0,0,20,8,10,13,11,16,12,17,10,11,13,20,14,13,8
sagernet,2021-05-01T05:40:57.455Z,0,0,0,0,0,0,0,29,70,44,14,9,27,9,8,29,31
bokeh,2022-04-05T18:44:21.948Z,0,0,0,0,0,0,0,0,0,0,0,0,0,0,0,0,0
stalwart,2024-09-24T10:31:06.924Z,2,0,0,1,6,0,3,4,9,4,1,0,49,151,174,129,252
pyenv,2021-10-16T14:01:04.196Z,2,3,0,26,18,0,2,26,14,2,26,2,10,11,1,4,3
pyenv,2021-10-16T14:01:04.196Z,2,3,0,26,18,0,2,26,14,2,26,2,10,11,1,4,3
cloudbox,2019-11-10T15:43:14.984Z,15,22,11,5,13,22,15,4,5,8,30,9,26,12,20,12,7
komapper,2023-02-25T01:59:11.275Z,3,5,5,2,8,1,25,52,9,21,24,3,28,2,2,4,14
cboard,2018-02-19T22:04:43.764Z,0,0,92,86,29,21,35,45,13,9,6,2,0,4,15,3,25
pelias,2020-08-30T01:45:39.372Z,11,10,17,47,35,23,20,9,15,13,14,3,4,7,18,5,4
tinygo,2022-11-20T16:24:57.546Z,0,0,3,0,0,0,2,0,0,0,0,21,142,48,27,17,12
tinygo,2022-11-20T16:24:57.546Z,0,0,3,0,0,0,2,0,0,0,0,21,142,48,27,17,12
gpujs,2019-08-05T04:14:30.900Z,37,41,60,130,99,163,24,75,10,24,63,9,27,89,11,74,51
simulide,2024-12-03T05:59:18.688Z,0,7,1,3,7,3,5,7,1,0,8,11,4,2,0,0,0
homepage,2024-02-04T13:54:25.403Z,0,0,0,0,0,0,0,0,0,0,0,0,0,0,0,0,0
chatwoot,2021-04-19T10:07:08.051Z,0,0,0,0,2,0,0,0,0,0,0,0,0,0,1,4,2
galacean,2021-07-15T06:24:33.904Z,0,0,0,0,0,0,0,0,0,0,0,0,0,0,0,0,0
hardkoded-projects,2019-02-01T22:00:33.572Z,0,0,0,0,0,0,0,0,0,0,0,0,0,0,0,0,0
hardkoded-projects,2019-02-01T22:00:33.572Z,0,0,0,0,0,0,0,0,0,0,0,0,0,0,0,0,0
dbatools,2019-07-09T15:13:59.442Z,3,1,1,0,1,0,2,0,1,1,3,0,0,0,1,0,0
kuma-ui,2023-08-05T18:49:07.371Z,0,0,0,0,3,56,156,321,350,156,114,69,35,36,5,2,2
visual-regression-tracker,2021-02-24T09:09:31.791Z,4,19,38,25,15,14,42,28,64,68,9,6,13,12,16,18,11
dbatools,2019-07-09T15:13:59.442Z,3,1,1,0,1,0,2,0,1,1,3,0,0,0,1,0,0
modulestf,2019-06-08T14:48:53.633Z,0,2,0,0,1,0,0,3,0,0,0,0,0,7,0,0,0
gdal,2022-04-05T19:42:02.897Z,0,0,0,0,0,0,0,0,0,0,0,0,0,0,0,0,0
duostories,2023-08-17T00:11:01.343Z,3,0,0,2,9,9,2,18,4,7,0,21,3,11,9,7,2
falcon,2018-10-06T16:14:40.026Z,0,0,0,0,0,0,0,0,0,0,0,0,0,0,1,0,0
vllm,2024-05-01T07:26:22.904Z,1,1,1,2,4,0,6,5,1,1,4,3,1,0,3,2,2
lark,2021-03-23T02:21:36.503Z,0,0,0,0,0,0,0,0,0,0,0,0,0,0,0,0,0
beercss,2023-04-06T07:27:35.894Z,23,10,9,41,63,31,5,4,31,46,63,27,40,62,19,27,19
cassowary,2022-02-22T16:30:29.591Z,0,0,0,0,0,0,0,0,0,0,0,0,0,0,0,0,0
infection,2020-10-18T21:02:34.553Z,0,110,81,3,4,16,14,84,155,85,18,15,5,1,4,9,0
feedback-prime,2022-03-30T04:04:32.567Z,0,0,0,4,0,0,0,0,0,0,0,3,0,0,0,0,0
pymc,2021-06-14T21:27:30.439Z,0,0,0,0,0,0,0,0,0,0,0,0,0,0,0,0,0
cadcad1,2020-05-17T10:34:51.778Z,10,0,0,1,9,14,8,9,29,26,28,48,25,5,1,1,16
stylus,2022-06-25T03:32:49.899Z,4,10,11,4,9,5,3,27,11,6,13,21,3,0,12,23,18
casljs,2020-02-03T05:24:22.810Z,0,3,0,0,0,0,0,0,0,0,7,0,0,0,0,0,31
mwmbl,2022-02-02T16:12:25.718Z,0,0,0,0,0,0,34,10,6,2,0,0,1,29,0,0,2
typia,2022-10-24T10:42:32.894Z,0,0,0,0,0,0,0,0,3,3,0,0,0,0,2,0,1
leafletjs,2022-05-25T14:51:15.930Z,0,0,121,42,77,51,59,183,53,12,11,8,54,168,28,31,32
validatorjs,2019-01-30T16:42:20.377Z,10,4,3,3,5,4,3,4,1,0,0,15,4,13,14,40,10
scipy,2022-04-05T20:39:19.137Z,0,0,0,0,0,0,0,0,0,0,0,0,0,0,0,0,0
pyke-osai,2023-09-29T18:39:38.945Z,27,24,25,18,10,7,22,26,39,24,38,30,16,31,40,39,26
allthingslinux,2024-06-10T21:43:40.917Z,0,0,0,0,0,0,0,0,0,0,0,0,0,28,32,6,11
aiogram,2019-05-24T20:52:54.117Z,0,0,0,0,0,4,2,3,4,2,13,21,1,24,6,0,12
retrospring,2023-01-30T18:00:47.887Z,0,38,95,117,82,127,89,98,214,134,52,37,31,37,40,34,30
accounts-js,2018-07-23T01:39:35.188Z,1,13,0,1,60,6,25,2,3,0,0,7,13,51,55,53,35
lesspass,2017-11-16T14:04:44.134Z,0,1,2,0,0,0,0,0,0,0,0,0,0,0,0,0,0
accounts-js,2018-07-23T01:39:35.188Z,1,13,0,1,60,6,25,2,3,0,0,7,13,51,55,53,35
infyomlabs,2019-11-16T12:20:27.644Z,0,0,0,0,0,0,0,0,0,0,0,0,0,0,0,0,0
jreleaser,2021-07-14T15:15:24.064Z,0,0,0,0,0,0,8,0,0,0,0,17,0,2,3,0,12
bot-whatsapp,2023-01-11T18:06:14.835Z,0,0,0,0,0,0,0,0,0,0,0,0,0,0,0,0,0
webpd,2022-06-15T15:10:29.313Z,0,0,0,1,0,0,0,0,9,0,0,2,0,0,0,0,0
the-gita-initiative,2022-01-25T02:55:52.448Z,0,0,0,0,0,0,8,12,0,0,0,0,0,0,0,1,0
htop,2021-06-01T02:04:17.432Z,2,1,3,1,1,0,1,1,0,0,0,1,0,0,0,0,0
comunica-association,2021-10-15T08:40:15.874Z,2,1,0,0,0,0,0,0,0,0,0,0,0,0,0,0,0
caddy-security,2022-05-18T12:08:21.309Z,0,0,0,0,0,100,94,85,143,97,18,57,58,24,56,22,25
jotai,2020-12-16T03:42:41.652Z,0,0,0,0,0,0,3,0,0,0,0,0,30,34,50,30,9
tech-interview-handbook,2019-12-04T04:52:00.874Z,1,0,0,1,11,20,0,0,11,8,2,4,0,10,1,0,0
single-spa,2020-01-30T21:33:37.866Z,8,2,9,9,6,0,0,37,6,9,65,26,32,9,8,47,30
commanded,2019-05-17T15:01:50.027Z,18,30,14,4,31,17,20,12,31,9,20,12,8,13,13,10,1
swag,2019-03-15T18:36:49.334Z,5,0,1,0,4,0,0,2,33,0,19,12,26,6,10,5,7
projectsend,2022-10-28T10:39:15.919Z,20,21,28,47,12,35,18,38,74,89,10,38,28,19,24,29,31
jotai,2020-12-16T03:42:41.652Z,0,0,0,0,0,0,3,0,0,0,0,0,30,34,50,30,9
npkill,2019-08-28T20:24:55.399Z,0,0,0,0,0,0,0,1,104,5,10,2,1,3,1,7,31
napi-rs,2023-01-26T23:10:14.056Z,13,2,22,8,12,4,2,1,1,4,13,0,2,2,0,2,11
probe-rs,2020-11-23T20:51:45.190Z,0,0,0,0,0,0,0,0,0,0,0,0,0,0,0,0,0
scikit-learn,2022-04-05T20:38:00.485Z,0,0,0,0,0,0,0,0,0,0,0,0,0,0,0,0,0
probe-rs,2020-11-23T20:51:45.190Z,0,0,0,0,0,0,0,0,0,0,0,0,0,0,0,0,0
railways,2024-04-08T22:12:19.279Z,87,114,42,72,40,25,18,39,81,43,31,16,19,9,17,3,4
resxresourcemanager,2018-10-29T10:41:17.509Z,0,0,0,0,9,0,29,46,36,5,26,17,9,18,35,16,2
tom-select,2021-03-10T05:13:52.847Z,0,0,1,2,0,0,10,33,44,6,40,25,23,42,33,20,25
tom-select,2021-03-10T05:13:52.847Z,0,0,1,2,0,0,10,33,44,6,40,25,23,42,33,20,25
oatpp,2020-08-25T00:50:38.141Z,0,1,0,0,0,0,17,7,17,70,59,50,32,51,43,55,18
database_consistency,2022-01-26T05:21:43.361Z,0,0,4,3,0,55,15,11,23,0,0,5,2,0,0,2,7
pywebview,2021-01-20T21:33:24.286Z,13,2,4,0,0,0,46,4,0,0,1,0,0,0,0,0,1
pywebview,2021-01-20T21:33:24.286Z,13,2,4,0,0,0,46,4,0,0,1,0,0,0,0,0,1
linearmouse,2022-02-16T10:38:20.445Z,0,0,0,0,0,0,0,0,0,9,13,21,35,51,41,23,19
stdlib,2023-11-17T14:10:02.043Z,0,0,0,0,0,0,0,0,0,0,0,0,0,0,0,0,0
arrow,2020-12-10T12:42:21.874Z,98,40,109,77,54,93,52,212,142,34,112,92,101,61,40,26,62
hrea,2022-04-22T20:24:20.014Z,0,1,2,1,1,22,54,49,91,79,207,139,84,17,14,0,0
jsdelivr,2021-11-01T16:20:04.098Z,0,0,0,0,0,0,0,0,2,199,39,35,33,26,174,69,29
fast-check,2021-10-11T15:12:47.087Z,39,20,15,4,12,8,0,2,10,5,0,6,2,7,9,21,17
katex,2021-08-31T11:43:10.517Z,123,4,0,39,7,25,0,0,23,0,59,76,37,122,45,112,22
katex,2021-08-31T11:43:10.517Z,123,4,0,39,7,25,0,0,23,0,59,76,37,122,45,112,22
ossia,2020-03-20T21:48:59.733Z,0,0,0,0,0,0,0,0,0,0,0,0,0,0,0,0,0
docksal,2020-08-25T00:38:50.480Z,84,78,49,59,32,115,39,95,42,20,48,43,28,9,24,56,14
polymc,2022-03-29T08:06:31.209Z,0,0,0,0,0,7,109,138,56,136,244,131,67,235,247,534,209
planby,2023-04-08T18:13:54.098Z,0,17,2,11,9,7,5,20,11,3,6,2,11,12,5,9,13
lamdu,2022-03-23T01:54:01.836Z,1,2,2,2,5,21,4,17,6,3,4,1,1,6,1,5,0
polymc,2022-03-29T08:06:31.209Z,0,0,0,0,0,7,109,138,56,136,244,131,67,235,247,534,209
jsketcher-ad3d,2022-07-14T23:54:20.287Z,0,1,1,8,6,3,3,24,6,23,4,16,6,14,2,3,12
docksal,2020-08-25T00:38:50.480Z,84,78,49,59,32,115,39,95,42,20,48,43,28,9,24,56,14
writefreely,2021-05-10T13:40:16.282Z,36,36,7,32,19,12,27,35,22,47,17,9,10,1,6,14,17
passkit-generator,2020-09-02T03:34:20.605Z,1,0,0,0,35,16,0,0,14,7,1,6,12,14,13,0,3
discord4j,2020-08-11T00:12:24.934Z,9,73,9,43,107,115,27,77,26,46,55,37,35,48,16,84,33
kairos-research-lab,2022-11-11T21:20:15.887Z,0,0,0,0,0,0,11,0,30,3,8,0,0,0,0,7,2
devstaff,2020-12-15T12:17:43.729Z,2,0,0,0,0,1,8,24,2,1,0,71,0,2,2,0,0
vuepress,2019-10-03T09:03:38.866Z,22,40,24,4,33,2,41,70,30,22,11,9,9,44,16,17,9
multitheftauto,2022-04-07T02:23:27.392Z,0,0,0,0,0,0,0,0,0,0,0,0,0,0,0,0,0
cgru,2022-02-02T06:01:09.039Z,0,0,0,0,0,0,0,0,0,0,0,0,0,0,0,0,0
vuepress,2019-10-03T09:03:38.866Z,22,40,24,4,33,2,41,70,30,22,11,9,9,44,16,17,9
community,2020-01-17T15:08:19.994Z,0,0,0,0,0,0,0,0,0,0,16,0,0,0,0,0,0
bumbag,2020-07-20T03:28:44.357Z,0,0,0,0,0,0,0,0,8,103,18,12,2,6,5,13,35
intelowl-project,2022-12-27T21:13:38.393Z,0,0,1,0,0,0,0,0,0,0,0,1,0,0,0,1,1
awesome-ttrss,2019-07-23T07:11:34.572Z,0,0,0,1,23,8,19,17,15,40,20,20,23,34,27,9,42
hanami,2022-03-23T11:24:09.176Z,9,0,2,28,38,3,28,15,7,8,6,51,54,43,17,47,129
badaso,2021-08-04T02:15:28.111Z,0,0,0,0,0,14,19,8,4,17,5,24,6,6,31,51,2
badaso,2021-08-04T02:15:28.111Z,0,0,0,0,0,14,19,8,4,17,5,24,6,6,31,51,2
vadimdemedes,2022-02-09T20:31:32.712Z,0,0,0,0,0,0,0,0,0,0,0,0,0,0,0,0,0
vadimdemedes,2022-02-09T20:31:32.712Z,0,0,0,0,0,0,0,0,0,0,0,0,0,0,0,0,0
sympy,2021-06-16T13:35:18.278Z,0,0,0,0,0,0,0,0,0,0,0,0,0,0,0,0,0
freshos,2017-10-20T14:37:14.668Z,0,0,0,0,0,0,0,0,0,0,0,0,0,0,0,0,0
kaffy,2020-07-29T23:26:04.040Z,0,0,0,0,0,0,143,148,21,11,32,25,13,8,7,8,10
php-standard-library,2021-06-21T19:44:22.691Z,239,18,7,26,136,165,50,63,44,26,4,26,46,86,122,8,28
activeadmin,2019-02-02T17:17:19.999Z,0,0,10,33,73,25,72,6,11,21,6,8,17,17,4,14,31
openapi-ts,2024-07-11T23:51:26.263Z,27,6,15,17,13,8,8,61,27,72,13,18,95,187,248,170,160
pygad,2021-01-04T15:03:21.556Z,21,7,0,0,5,4,5,0,6,2,3,5,7,5,1,3,14
gdevelop-community,2024-01-11T17:22:01.419Z,0,0,0,0,0,32,162,158,173,60,92,40,43,71,222,120,215
scikit-image,2022-05-05T19:49:34.994Z,0,0,1,0,0,0,0,0,0,0,0,0,0,0,2,0,0
platypus,2021-05-03T05:09:58.730Z,0,3,0,0,7,0,20,12,36,0,33,49,23,18,4,11,22
platypus,2021-05-03T05:09:58.730Z,0,3,0,0,7,0,20,12,36,0,33,49,23,18,4,11,22
scikit-image,2022-05-05T19:49:34.994Z,0,0,1,0,0,0,0,0,0,0,0,0,0,0,2,0,0
manyfold,2024-03-28T15:45:19.835Z,3,9,4,0,2,0,0,1,3,7,33,5,1,4,9,13,1
mapletestimony,2023-02-13T16:43:42.431Z,10,19,64,17,26,30,34,12,41,124,263,53,136,203,63,125,96
prism,2019-12-10T00:59:10.028Z,0,0,0,0,0,0,0,35,7,0,0,1,0,3,0,0,0
redom,2018-03-05T09:31:25.793Z,46,30,10,3,54,5,29,11,0,43,0,3,14,6,8,2,47
ucs,2024-07-31T15:13:40.148Z,3,23,5,0,0,4,52,3,1,2,1,0,1,0,12,0,4
markdown-it,2022-01-25T02:38:00.576Z,10,10,27,49,5,12,9,30,40,3,23,17,24,9,20,20,7
prism,2019-12-10T00:59:10.028Z,0,0,0,0,0,0,0,35,7,0,0,1,0,3,0,0,0
markdown-it,2022-01-25T02:38:00.576Z,10,10,27,49,5,12,9,30,40,3,23,17,24,9,20,20,7
cheton,2018-10-14T00:31:55.921Z,0,0,0,0,0,0,0,0,0,0,0,0,0,0,0,0,0
flow-launcher,2022-07-06T04:46:42.955Z,0,0,0,1,0,0,0,0,0,0,0,0,0,0,4,0,0
gwdevhub_collective,2023-12-15T06:44:35.169Z,18,16,18,8,81,27,33,7,22,4,6,9,103,61,63,92,37
xrdp-project,2023-12-21T16:47:23.372Z,16,3,0,0,0,28,7,5,16,13,16,0,9,11,4,4,142
greenshot,2019-09-18T00:33:48.616Z,0,0,0,0,0,0,0,0,0,0,0,0,0,0,0,18,8
hotio_collective,2021-01-17T14:54:00.480Z,0,0,0,0,0,0,0,0,0,0,0,0,0,0,0,0,0
reactfigma,2020-12-22T03:30:46.308Z,38,37,32,24,29,5,14,7,33,23,19,38,23,39,11,22,18
axmol,2024-01-10T04:58:05.127Z,3,0,5,11,6,16,7,30,21,5,7,32,12,12,51,124,156
codecrumbs,2019-02-18T12:27:17.939Z,0,0,0,0,0,0,0,0,0,8,18,16,3,55,13,2,0
openchakra,2020-02-19T04:28:18.651Z,0,0,0,0,0,0,0,2,85,3,6,7,2,0,6,5,22
nextacular,2022-03-22T17:41:17.095Z,0,0,0,0,0,0,0,0,0,0,0,0,0,0,0,0,0
bitmagnet,2024-06-05T14:52:51.950Z,65,65,21,30,67,116,12,13,29,45,9,20,54,11,10,49,17
hyper-term,2021-09-19T23:01:34.031Z,0,0,0,1,0,0,3,2,0,0,0,0,1,0,3,0,0
assimp,2021-01-25T21:26:28.158Z,10,13,0,0,0,4,0,2,2,2,2,3,11,3,2,5,6
code-spell-checker,2022-02-13T18:24:35.679Z,0,0,31,0,0,0,3,0,14,0,0,0,0,0,0,0,0
sorry-cypress,2020-11-03T02:10:05.590Z,0,1,0,0,5,0,35,16,0,0,33,46,36,94,94,53,40
sorry-cypress,2020-11-03T02:10:05.590Z,0,1,0,0,5,0,35,16,0,0,33,46,36,94,94,53,40
dolibarr,2018-05-31T17:53:09.043Z,0,0,0,0,0,0,0,0,0,0,0,0,0,0,0,0,0
dolibarr,2018-05-31T17:53:09.043Z,0,0,0,0,0,0,0,0,0,0,0,0,0,0,0,0,0
vue-stripe-checkout,2020-08-21T00:48:30.000Z,19,9,5,21,44,6,16,46,17,38,20,3,18,38,65,18,31
astropy,2022-04-05T17:27:59.759Z,0,0,0,0,0,0,0,0,0,0,0,0,0,0,0,0,0
rwf2,2022-06-21T22:30:48.245Z,0,0,0,0,0,0,0,0,0,0,0,0,0,0,0,0,0
africarxiv,2020-02-15T22:00:19.355Z,0,0,0,0,0,0,0,11,7,6,4,0,0,0,0,0,0
rekit,2020-07-01T04:26:59.983Z,4,4,10,0,9,7,6,1,1,0,6,0,5,0,0,1,12
openhv,2023-04-08T16:08:58.534Z,3,6,71,218,40,0,0,6,16,1,3,4,43,52,51,12,12
africarxiv,2020-02-15T22:00:19.355Z,0,0,0,0,0,0,0,11,7,6,4,0,0,0,0,0,0
jscpd,2018-12-17T04:29:34.793Z,3,6,16,5,4,23,20,22,21,12,34,18,18,4,12,6,9
jscpd,2018-12-17T04:29:34.793Z,3,6,16,5,4,23,20,22,21,12,34,18,18,4,12,6,9
statoscope,2021-03-10T23:25:18.271Z,0,0,0,9,0,23,0,3,6,0,5,20,34,6,35,93,35
statoscope,2021-03-10T23:25:18.271Z,0,0,0,9,0,23,0,3,6,0,5,20,34,6,35,93,35
mapstruct,2023-09-02T15:04:59.773Z,0,0,10,41,21,2,12,2,7,10,38,157,51,51,67,116,141
mapstruct,2023-09-02T15:04:59.773Z,0,0,10,41,21,2,12,2,7,10,38,157,51,51,67,116,141
tbox,2021-10-21T02:50:50.692Z,8,0,0,6,2,4,1,0,7,7,0,5,2,4,0,7,5
larecipe,2019-03-14T08:02:11.849Z,0,0,105,48,7,7,14,54,35,27,23,11,34,10,69,23,22
unocss,2023-05-05T16:26:42.958Z,32,62,12,4,19,26,29,56,72,17,21,40,44,42,27,22,17
offlineimap-organization,2019-12-07T18:11:14.503Z,36,27,13,2,14,5,12,11,15,22,68,28,36,12,15,28,16
offlineimap-organization,2019-12-07T18:11:14.503Z,36,27,13,2,14,5,12,11,15,22,68,28,36,12,15,28,16
swup,2019-09-29T09:35:08.725Z,1,1,0,0,0,0,0,0,0,0,0,0,0,0,0,0,0
frontmatter,2022-05-31T18:02:33.450Z,34,0,0,0,0,0,0,0,0,0,0,33,110,66,63,44,18
emplea_do,2018-06-06T03:01:30.620Z,0,0,0,0,0,0,0,0,0,0,11,4,3,0,0,0,0
vifm,2022-05-24T15:54:34.171Z,0,25,48,27,36,17,29,22,31,33,25,37,22,37,74,35,98
safing-portmaster,2023-10-19T13:16:49.439Z,0,0,1,0,0,0,3,17,0,9,9,0,7,5,0,14,0
emplea_do,2018-06-06T03:01:30.620Z,0,0,0,0,0,0,0,0,0,0,11,4,3,0,0,0,0
phoenix-ide,2023-07-17T13:59:53.677Z,1,0,0,0,2,0,0,1,0,0,0,2,0,0,36,31,183
vuepress-theme-hope,2021-09-13T00:38:32.733Z,0,0,0,0,0,2,0,0,0,0,5,0,0,2,15,17,59
vuepress-theme-hope,2021-09-13T00:38:32.733Z,0,0,0,0,0,2,0,0,0,0,5,0,0,2,15,17,59
selenium-jupiter,2019-09-16T17:47:57.584Z,14,8,4,5,2,5,3,0,1,2,7,2,1,1,4,2,15
yii2-widgets,2020-12-16T00:13:42.418Z,0,2,1,2,0,0,0,1,0,0,0,0,0,0,0,0,0
react-data-table-component,2021-07-13T21:49:09.704Z,81,44,61,42,27,41,25,92,41,89,87,57,35,41,32,27,30
yii2-widgets,2020-12-16T00:13:42.418Z,0,2,1,2,0,0,0,1,0,0,0,0,0,0,0,0,0
phoenix-ide,2023-07-17T13:59:53.677Z,1,0,0,0,2,0,0,1,0,0,0,2,0,0,36,31,183
javet,2021-11-26T13:42:03.570Z,0,0,0,0,0,0,0,0,0,0,0,0,0,0,0,0,0
javet,2021-11-26T13:42:03.570Z,0,0,0,0,0,0,0,0,0,0,0,0,0,0,0,0,0
sophox,2022-12-01T01:43:20.448Z,0,0,0,0,0,0,1,0,0,0,0,0,1,0,0,0,0
nodeca,2022-07-12T13:49:40.460Z,1,0,3,4,0,0,1,0,0,0,0,0,0,0,0,0,1
jailer,2020-12-22T09:28:14.102Z,1,0,0,0,10,15,0,3,0,0,2,8,0,0,2,0,1
wireflow,2017-12-04T10:30:35.943Z,0,0,0,0,0,0,0,22,32,0,0,1,7,0,0,0,0
wireflow,2017-12-04T10:30:35.943Z,0,0,0,0,0,0,0,22,32,0,0,1,7,0,0,0,0
pyrogram,2021-10-15T06:14:24.667Z,8,51,12,21,9,1,20,6,5,4,20,42,21,13,33,6,4
dynamoid,2022-04-01T04:03:15.563Z,0,2,7,0,14,5,9,13,8,11,7,16,17,10,22,7,19
react-ace,2017-05-26T19:00:58.820Z,0,0,0,0,0,0,0,0,4,1,0,2,0,2,3,1,0
react-ace,2017-05-26T19:00:58.820Z,0,0,0,0,0,0,0,0,4,1,0,2,0,2,3,1,0
ffplayout,2023-06-16T14:07:10.762Z,69,58,10,3,24,45,13,20,62,97,5,1,27,32,49,64,101
pgrouting,2020-06-09T21:26:35.672Z,13,10,23,9,2,4,1,14,13,49,9,9,37,34,118,105,14
wemake-python-styleguide,2019-07-04T12:36:55.325Z,0,0,0,0,0,0,0,0,0,0,0,0,0,0,32,211,70
il-libro-open-source,2023-10-10T07:48:29.635Z,0,0,0,0,0,0,26,184,130,74,279,289,235,168,97,158,130
games-on-whales,2024-06-13T01:59:31.511Z,2,0,1,41,5,1,7,0,29,13,12,5,24,8,8,23,48
chrome-react-ai,2019-09-23T13:03:14.362Z,0,0,0,0,0,0,52,45,66,205,106,25,1,3,0,0,0
chrome-react-ai,2019-09-23T13:03:14.362Z,0,0,0,0,0,0,52,45,66,205,106,25,1,3,0,0,0
rhash,2022-01-01T12:24:39.797Z,10,1,18,3,11,7,8,10,6,5,2,2,2,29,2,1,5
wemake-python-styleguide,2019-07-04T12:36:55.325Z,0,0,0,0,0,0,0,0,0,0,0,0,0,0,32,211,70
open-chemistry,2018-12-21T14:35:14.711Z,7,6,1,12,9,2,0,0,0,0,0,0,0,1,0,0,0
open-chemistry,2018-12-21T14:35:14.711Z,7,6,1,12,9,2,0,0,0,0,0,0,0,1,0,0,0
iplug2,2022-10-04T14:14:48.091Z,32,40,13,13,9,26,17,42,4,7,8,13,9,18,19,87,14
flutter_easy_localization,2020-04-29T08:31:58.273Z,0,0,0,0,0,0,31,75,31,31,0,0,13,30,42,79,51
sepheocoop,2024-09-17T15:50:58.756Z,0,0,0,0,0,0,0,0,0,0,0,0,0,0,0,0,0
iplug2,2022-10-04T14:14:48.091Z,32,40,13,13,9,26,17,42,4,7,8,13,9,18,19,87,14
googlecl,2021-07-06T19:55:29.008Z,0,0,0,0,0,0,0,3,0,0,1,0,1,0,0,0,0
wbds-la,2022-09-05T23:37:01.115Z,0,0,0,0,0,0,0,0,0,0,0,0,0,0,0,0,0
eruda,2022-03-19T21:12:07.445Z,1,5,3,3,7,0,5,8,5,2,8,6,4,6,1,6,14
ant-design-blazor,2020-03-29T16:33:58.442Z,0,0,0,0,0,0,0,0,0,0,0,0,0,0,0,0,0
ant-design-blazor,2020-03-29T16:33:58.442Z,0,0,0,0,0,0,0,0,0,0,0,0,0,0,0,0,0
kube-hetzner,2023-04-24T18:02:32.840Z,26,4,48,14,0,88,18,9,20,11,6,29,9,6,28,0,10
nodejs-mobile,2023-09-27T12:58:51.255Z,16,6,0,7,1,6,2,1,18,20,11,7,28,1,6,5,4
respec,2019-09-15T01:45:58.876Z,0,0,0,0,0,0,0,0,0,0,0,0,0,0,42,54,96
memos,2023-03-08T17:50:25.661Z,35,12,16,59,56,60,9,62,76,26,50,18,77,16,11,18,9
nodejs-mobile,2023-09-27T12:58:51.255Z,16,6,0,7,1,6,2,1,18,20,11,7,28,1,6,5,4
otree,2023-01-07T22:50:12.889Z,0,2,0,0,0,0,0,2,0,0,0,0,0,1,0,0,0
swarmpit,2020-01-30T13:23:17.413Z,41,69,26,18,18,63,24,92,62,22,23,24,64,83,36,18,55
futurecoder,2021-02-09T18:39:25.121Z,0,15,95,130,125,24,47,11,74,5,17,23,5,2,20,17,12
futurecoder,2021-02-09T18:39:25.121Z,0,15,95,130,125,24,47,11,74,5,17,23,5,2,20,17,12
otree,2023-01-07T22:50:12.889Z,0,2,0,0,0,0,0,2,0,0,0,0,0,1,0,0,0
librepcb,2021-04-17T19:17:16.653Z,128,66,54,13,50,35,72,47,5,12,49,19,20,35,24,11,18
mue,2022-11-02T18:21:53.746Z,11,11,9,9,13,6,5,7,15,15,11,11,12,18,25,30,55
spire,2021-05-24T15:24:18.865Z,0,0,0,1,0,0,1,0,0,1,0,4,0,0,0,0,1
mudlet,2023-04-04T18:16:26.462Z,0,0,0,0,0,0,3,1,46,159,26,0,11,2,0,0,60
reqnroll,2024-04-15T09:13:42.137Z,0,0,0,0,0,0,0,2,13,29,25,19,1,2,14,29,58
spire,2021-05-24T15:24:18.865Z,0,0,0,1,0,0,1,0,0,1,0,4,0,0,0,0,1
spire,2021-05-24T15:24:18.865Z,0,0,0,1,0,0,1,0,0,1,0,4,0,0,0,0,1
chaoss-africa,2023-05-04T16:04:26.507Z,0,4,0,0,0,21,4,0,0,0,0,1,12,12,0,0,3
gab,2020-08-11T00:17:35.050Z,14,15,15,4,0,2,2,0,0,1,0,1,0,4,0,2,0
reqnroll,2024-04-15T09:13:42.137Z,0,0,0,0,0,0,0,2,13,29,25,19,1,2,14,29,58
reqnroll,2024-04-15T09:13:42.137Z,0,0,0,0,0,0,0,2,13,29,25,19,1,2,14,29,58
dockle,2019-07-23T13:39:07.936Z,0,0,0,0,0,0,0,63,4,3,9,2,5,2,0,0,1
dexiejs,2023-04-20T10:14:43.728Z,0,13,46,18,22,32,28,41,40,42,53,53,91,24,35,24,66
handycontrol,2020-07-04T09:47:58.636Z,6,0,0,0,0,2,0,0,21,36,10,10,86,115,92,74,60
datahike,2021-04-04T01:14:59.813Z,31,28,32,44,34,38,59,23,38,112,53,27,12,33,11,62,43
bagisto,2019-04-29T10:04:34.901Z,0,0,0,0,0,0,0,0,0,0,0,0,0,0,0,0,13
react-admin,2022-01-27T02:31:10.515Z,0,2,0,0,2,1,0,6,0,0,0,2,0,0,0,0,2
datahike,2021-04-04T01:14:59.813Z,31,28,32,44,34,38,59,23,38,112,53,27,12,33,11,62,43
ya-webadb,2022-05-01T23:25:55.301Z,1,3,11,23,48,45,13,66,52,14,23,4,4,10,17,8,22
blogmarks,2020-11-04T17:33:19.439Z,0,0,0,0,0,0,0,0,0,0,0,0,0,0,0,0,0
blogmarks,2020-11-04T17:33:19.439Z,0,0,0,0,0,0,0,0,0,0,0,0,0,0,0,0,0
imask,2019-07-26T11:14:11.957Z,0,0,0,0,0,0,0,2,0,0,0,0,0,9,40,44,52
koko-analytics,2022-08-17T13:08:54.894Z,1,16,6,0,2,9,5,7,28,14,8,4,7,0,1,1,5
ya-webadb,2022-05-01T23:25:55.301Z,1,3,11,23,48,45,13,66,52,14,23,4,4,10,17,8,22
jekyll-admin,2020-02-28T23:19:26.971Z,5,1,17,30,73,33,33,32,4,37,10,10,1,6,1,1,1
opencannabis,2022-03-23T20:59:14.931Z,0,0,0,0,0,0,0,0,0,0,0,0,0,0,0,0,0
openml,2021-10-02T20:03:05.613Z,13,7,11,34,26,5,4,6,9,0,4,0,1,3,1,6,10
beawitching,2023-05-02T23:28:41.164Z,6,1,1,3,4,7,3,2,2,7,7,4,6,2,10,0,6
pest,2022-10-10T15:58:05.795Z,15,12,11,7,7,152,81,18,29,33,18,62,50,6,37,21,24
opencollective-oss,2017-08-05T18:48:10.517Z,0,0,0,0,0,0,0,0,0,0,0,0,0,0,0,0,0
k2vr,2022-10-13T20:32:02.126Z,0,0,0,0,0,0,1,0,0,0,0,0,0,0,0,0,0
beawitching,2023-05-02T23:28:41.164Z,6,1,1,3,4,7,3,2,2,7,7,4,6,2,10,0,6
k2vr,2022-10-13T20:32:02.126Z,0,0,0,0,0,0,1,0,0,0,0,0,0,0,0,0,0
opencannabis,2022-03-23T20:59:14.931Z,0,0,0,0,0,0,0,0,0,0,0,0,0,0,0,0,0
hpx,2021-06-11T01:51:42.122Z,0,0,0,0,0,0,0,0,0,0,0,0,0,79,91,2,35
sourcery,2021-02-24T11:23:41.703Z,0,0,0,0,0,0,0,0,0,0,0,0,0,0,0,0,0
commitizen-tools,2023-03-06T20:11:53.483Z,23,67,24,17,2,21,42,4,8,82,8,29,8,19,23,126,95
g-4-g,2019-04-02T16:41:17.860Z,0,0,0,0,0,19,33,16,17,8,10,13,0,2,0,0,0
hpx,2021-06-11T01:51:42.122Z,0,0,0,0,0,0,0,0,0,0,0,0,0,79,91,2,35
castopod,2022-03-07T16:32:13.896Z,0,0,0,0,0,0,0,3,0,0,0,0,0,0,0,0,0
tidal-media-downloader,2021-07-10T04:11:07.164Z,0,1,0,0,0,0,0,0,0,3,0,0,132,84,152,235,37
diskframe,2019-09-11T04:17:21.325Z,0,13,6,0,3,41,12,34,61,63,35,27,23,20,16,1,16
yamada-ui,2024-03-06T20:36:17.138Z,0,0,0,0,0,0,0,0,0,0,0,0,0,0,0,208,420
yamada-ui,2024-03-06T20:36:17.138Z,0,0,0,0,0,0,0,0,0,0,0,0,0,0,0,208,420
yamada-ui,2024-03-06T20:36:17.138Z,0,0,0,0,0,0,0,0,0,0,0,0,0,0,0,208,420
suneditor,2021-04-10T14:26:31.953Z,0,0,0,0,0,0,2,0,0,0,0,1,59,40,8,43,34
gqless,2020-03-19T21:50:06.740Z,4,16,12,7,30,1,0,11,74,132,23,6,8,2,15,1,3
sweetalert,2018-10-04T14:23:11.103Z,35,27,29,10,9,10,7,11,25,10,13,23,10,24,10,10,10
gqless,2020-03-19T21:50:06.740Z,4,16,12,7,30,1,0,11,74,132,23,6,8,2,15,1,3
networkupstools,2023-02-02T16:01:25.119Z,1,0,9,0,20,12,0,15,13,0,0,5,12,25,38,9,64
networkupstools,2023-02-02T16:01:25.119Z,1,0,9,0,20,12,0,15,13,0,0,5,12,25,38,9,64
sollumz,2024-11-04T22:05:20.772Z,23,17,17,22,24,45,18,46,44,13,21,2,15,12,25,13,6
ueransim,2021-01-31T11:45:15.487Z,0,0,0,1,28,3,69,95,76,84,54,69,126,77,42,59,64
typeorm-fixtures,2022-11-08T20:04:34.033Z,10,0,1,26,8,8,2,5,3,0,1,0,0,3,2,0,0
umap,2023-08-16T15:56:52.817Z,0,0,1,2,8,52,47,14,21,19,10,44,83,92,55,116,117
umap,2023-08-16T15:56:52.817Z,0,0,1,2,8,52,47,14,21,19,10,44,83,92,55,116,117
typeorm-fixtures,2022-11-08T20:04:34.033Z,10,0,1,26,8,8,2,5,3,0,1,0,0,3,2,0,0
apiato,2018-03-02T01:40:54.281Z,61,33,46,67,86,84,37,24,35,58,75,33,27,22,21,7,9
apiflask,2023-12-08T15:42:40.092Z,13,8,14,19,15,24,3,26,12,12,19,26,9,3,6,48,4
redmodding,2021-02-17T16:15:27.686Z,0,0,0,3,2,0,0,0,17,0,1,1,2,4,5,2,5
anotherredisdesktopmanager,2020-07-09T15:10:10.974Z,0,0,0,0,0,2,8,0,0,0,0,3,0,0,0,3,1
aedes,2020-02-13T22:09:38.530Z,0,10,8,9,0,25,14,52,27,12,7,4,5,0,0,14,57
anotherredisdesktopmanager,2020-07-09T15:10:10.974Z,0,0,0,0,0,2,8,0,0,0,0,3,0,0,0,3,1
coopcycle,2022-08-30T12:32:44.089Z,0,1,0,0,0,1,0,0,0,0,0,0,0,0,0,0,2
jump,2022-04-05T19:49:40.197Z,0,0,0,0,0,0,0,0,0,0,0,0,0,0,12,12,27
coopcycle,2022-08-30T12:32:44.089Z,0,1,0,0,0,1,0,0,0,0,0,0,0,0,0,0,2
razonyang-foss,2022-06-12T04:30:06.606Z,0,0,0,0,0,0,0,0,0,0,0,0,0,0,0,0,0
drogon,2023-04-08T18:15:01.838Z,7,5,16,5,0,0,0,14,11,31,12,11,106,145,51,58,51
coopcycle,2022-08-30T12:32:44.089Z,0,1,0,0,0,1,0,0,0,0,0,0,0,0,0,0,2
express-cassandra,2021-08-09T23:26:25.556Z,1,1,0,1,3,1,0,0,0,0,0,3,1,9,1,6,3
express-cassandra,2021-08-09T23:26:25.556Z,1,1,0,1,3,1,0,0,0,0,0,3,1,9,1,6,3
whatsie,2021-08-31T11:29:13.316Z,0,0,0,0,0,0,0,0,0,0,0,0,0,0,0,0,0
whatsie,2021-08-31T11:29:13.316Z,0,0,0,0,0,0,0,0,0,0,0,0,0,0,0,0,0
openseadragon,2021-05-20T18:59:27.893Z,1,0,0,0,0,0,31,0,5,2,13,0,10,0,14,18,15
openseadragon,2021-05-20T18:59:27.893Z,1,0,0,0,0,0,31,0,5,2,13,0,10,0,14,18,15
westpa,2021-09-01T17:06:53.041Z,2,11,31,8,8,1,18,10,50,11,5,16,37,6,3,8,25
iconify,2024-04-20T18:20:11.886Z,66,20,7,16,28,27,20,22,54,46,16,18,29,15,16,22,20
iconify,2024-04-20T18:20:11.886Z,66,20,7,16,28,27,20,22,54,46,16,18,29,15,16,22,20
hadolint,2023-05-23T21:03:15.283Z,8,19,47,9,28,20,15,8,5,4,4,5,9,6,1,2,9
less,2020-03-06T11:34:25.144Z,0,0,0,56,19,16,3,53,20,28,36,53,57,8,32,3,6
less,2020-03-06T11:34:25.144Z,0,0,0,56,19,16,3,53,20,28,36,53,57,8,32,3,6
iconify,2024-04-20T18:20:11.886Z,66,20,7,16,28,27,20,22,54,46,16,18,29,15,16,22,20
iconify,2024-04-20T18:20:11.886Z,66,20,7,16,28,27,20,22,54,46,16,18,29,15,16,22,20
cobbler,2023-04-24T18:04:05.687Z,80,33,15,43,41,60,115,134,130,91,39,46,18,43,38,86,51
heylinda,2021-08-02T12:28:45.429Z,0,0,0,0,0,0,0,10,116,36,85,5,2,4,30,3,3
just-the-docs,2023-01-24T16:00:40.613Z,5,42,28,21,12,78,74,278,249,136,77,111,60,40,122,73,67
cupy,2023-12-03T10:39:03.122Z,16,52,63,114,64,44,72,64,45,25,60,73,14,38,6,17,85
cupy,2023-12-03T10:39:03.122Z,16,52,63,114,64,44,72,64,45,25,60,73,14,38,6,17,85
notesnook,2022-11-05T17:29:18.048Z,0,0,0,0,0,0,13,8,23,13,34,0,84,60,10,15,1
notesnook,2022-11-05T17:29:18.048Z,0,0,0,0,0,0,13,8,23,13,34,0,84,60,10,15,1
poliastro,2019-10-13T10:51:23.656Z,18,102,72,13,57,47,58,7,0,3,1,0,16,34,104,16,54
poliastro,2019-10-13T10:51:23.656Z,18,102,72,13,57,47,58,7,0,3,1,0,16,34,104,16,54
gacp,2020-02-22T21:25:17.059Z,8,6,0,0,0,0,0,0,14,5,8,8,6,1,1,0,6
mathesar,2023-03-15T20:15:45.443Z,0,0,0,0,0,0,0,0,0,27,51,59,123,90,111,30,29
mathesar,2023-03-15T20:15:45.443Z,0,0,0,0,0,0,0,0,0,27,51,59,123,90,111,30,29
blosc,2022-04-05T18:43:03.620Z,6,26,10,8,4,10,4,34,20,23,9,5,1,12,7,2,10
univer,2023-12-26T03:21:20.578Z,0,0,0,0,0,0,2,92,55,64,71,87,78,148,75,59,134
witchcraft,2019-02-14T03:41:55.032Z,5,0,0,1,1,1,0,0,4,5,6,0,0,4,0,1,1
babybuddy,2021-09-25T21:57:49.734Z,24,3,0,1,8,0,2,2,0,2,3,11,15,40,39,32,35
django-import-export,2023-06-26T10:06:19.926Z,7,0,1,0,81,55,74,30,21,16,13,139,92,99,88,120,38
vvvebjs,2019-04-10T09:29:08.146Z,15,10,2,9,32,4,22,29,14,20,9,11,3,6,9,7,5
vvvebjs,2019-04-10T09:29:08.146Z,15,10,2,9,32,4,22,29,14,20,9,11,3,6,9,7,5
univer,2023-12-26T03:21:20.578Z,0,0,0,0,0,0,2,92,55,64,71,87,78,148,75,59,134
spiral-collective,2021-04-05T05:11:42.706Z,0,0,0,0,1,24,1,0,0,0,0,1,0,0,1,2,2
vvvebjs,2019-04-10T09:29:08.146Z,15,10,2,9,32,4,22,29,14,20,9,11,3,6,9,7,5
dynamoose,2020-05-06T03:42:00.576Z,1,0,5,0,0,0,1,111,159,54,8,18,0,18,48,28,6
dynamoose,2020-05-06T03:42:00.576Z,1,0,5,0,0,0,1,111,159,54,8,18,0,18,48,28,6
dynamoose,2020-05-06T03:42:00.576Z,1,0,5,0,0,0,1,111,159,54,8,18,0,18,48,28,6
domino-ui,2024-02-22T15:25:19.493Z,8,14,17,6,11,32,8,16,0,0,3,8,0,11,10,13,3
instantos,2022-08-16T20:02:52.360Z,4,5,0,0,2,0,0,0,0,2,0,0,0,0,2,13,7
appium-device-farm,2024-05-05T09:45:22.490Z,0,0,5,19,12,0,0,0,0,0,0,178,134,137,89,78,70
appium-device-farm,2024-05-05T09:45:22.490Z,0,0,5,19,12,0,0,0,0,0,0,178,134,137,89,78,70
semantic-release,2021-05-06T15:34:23.381Z,0,2,3,2,21,3,0,1,4,4,3,9,2,13,4,0,5
saasfly,2024-04-19T15:11:29.449Z,0,0,0,0,0,0,0,12,49,20,26,18,32,21,20,6,4
codeowners-generator,2023-03-01T16:43:11.849Z,25,24,4,1,0,0,2,12,91,20,0,8,2,0,5,4,64
rust-battery,2019-06-04T07:57:59.235Z,0,0,0,0,30,14,4,3,1,0,0,6,4,19,3,8,7
codeowners-generator,2023-03-01T16:43:11.849Z,25,24,4,1,0,0,2,12,91,20,0,8,2,0,5,4,64
rustpython,2022-04-22T16:09:10.764Z,0,0,1,0,0,0,0,0,0,0,0,1,0,0,0,1,0
rustpython,2022-04-22T16:09:10.764Z,0,0,1,0,0,0,0,0,0,0,0,1,0,0,0,1,0
breathe,2023-01-04T02:54:01.961Z,7,49,27,5,0,10,0,10,28,18,13,23,35,29,8,15,5
geostyler,2023-05-23T06:54:52.580Z,19,21,35,90,68,18,17,17,97,205,31,10,4,2,120,24,16
civic-tech-field-guide,2022-06-24T12:43:33.416Z,0,0,0,0,0,0,0,1,0,0,1,0,0,0,0,0,0
amogos,2021-08-12T20:08:35.183Z,0,0,0,0,0,13,99,54,47,151,93,194,39,110,20,28,21
pgai-collective,2024-03-21T00:30:30.998Z,0,0,0,0,0,0,0,0,0,0,0,0,0,0,0,0,0
pgai-collective,2024-03-21T00:30:30.998Z,0,0,0,0,0,0,0,0,0,0,0,0,0,0,0,0,0
deskreen,2021-01-19T08:22:26.873Z,0,0,0,2,3,0,0,1,168,148,27,3,5,25,2,2,5
apollo-elements,2021-02-01T10:52:33.831Z,0,0,0,5,41,68,26,42,7,6,9,6,20,34,34,26,6
pmd,2021-03-01T18:12:03.269Z,0,2,0,1,0,1,2,0,0,0,3,0,0,0,0,0,0
apollo-elements,2021-02-01T10:52:33.831Z,0,0,0,5,41,68,26,42,7,6,9,6,20,34,34,26,6
open-app-ecosystem,2020-02-14T15:11:07.723Z,0,0,0,0,0,0,0,0,0,0,0,0,0,0,0,0,0
react-awesome-query-builder,2020-02-15T17:04:13.789Z,0,0,0,0,2,0,0,0,0,0,0,0,8,0,0,2,8
postgres,2023-07-30T10:42:59.228Z,36,34,80,34,13,12,48,47,41,13,26,41,48,55,8,10,37
vue-material,2020-07-03T14:21:04.851Z,13,21,15,11,14,33,36,13,15,30,13,25,24,16,14,22,15
color,2024-07-12T04:41:31.074Z,175,82,54,417,136,20,147,185,41,48,8,77,39,52,75,21,47
vue-material,2020-07-03T14:21:04.851Z,13,21,15,11,14,33,36,13,15,30,13,25,24,16,14,22,15
django-crispy-forms,2023-11-28T18:40:25.644Z,5,15,6,14,15,7,4,19,7,6,3,13,2,6,0,7,11
daobrussels,2023-05-02T19:03:19.775Z,0,0,0,0,0,0,0,0,0,0,0,0,0,0,0,0,0
mlpack,2022-04-05T20:16:09.166Z,0,0,0,0,0,0,0,0,0,0,0,0,0,0,0,0,0
color,2024-07-12T04:41:31.074Z,175,82,54,417,136,20,147,185,41,48,8,77,39,52,75,21,47
xdebug,2020-07-17T09:03:33.686Z,1,24,31,10,16,0,2,10,142,46,12,16,17,3,21,0,9
sopel,2020-04-21T11:34:16.215Z,0,0,0,0,0,0,0,0,0,0,0,0,0,0,0,0,0
lycheeorg,2024-02-28T14:05:03.336Z,0,0,0,0,0,0,0,0,62,20,46,20,12,17,13,8,262
lycheeorg,2024-02-28T14:05:03.336Z,0,0,0,0,0,0,0,0,62,20,46,20,12,17,13,8,262
websockets,2024-02-28T14:11:54.585Z,38,42,13,17,44,14,22,38,32,7,9,30,12,46,81,52,33
urduhack,2019-07-04T23:24:10.198Z,0,0,6,6,0,0,1,1,5,3,1,0,4,17,11,4,6
urduhack,2019-07-04T23:24:10.198Z,0,0,6,6,0,0,1,1,5,3,1,0,4,17,11,4,6
lowdefy-os,2023-08-02T15:48:26.873Z,76,55,43,53,26,35,13,74,28,26,44,39,15,134,27,16,38
doc-detective,2024-04-30T10:53:59.142Z,0,0,0,0,0,2,1,5,3,0,8,6,9,9,32,0,0
monotorrent,2020-02-03T15:58:10.734Z,0,30,2,9,0,4,71,130,100,100,41,81,71,16,16,12,3
rebelsmanager,2019-11-06T21:27:30.603Z,0,0,0,0,0,10,22,58,18,23,16,6,2,3,6,5,3
revogrid,2022-08-15T13:07:11.927Z,20,25,7,59,1,14,25,5,9,9,1,7,3,5,8,9,7
cspell,2022-02-13T18:20:27.413Z,0,0,0,56,2,0,0,8,0,0,3,59,1,6,0,3,0
cp-algorithms,2024-02-28T14:11:57.074Z,42,74,20,40,75,19,70,37,45,9,30,2,106,108,11,6,302
revogrid,2022-08-15T13:07:11.927Z,20,25,7,59,1,14,25,5,9,9,1,7,3,5,8,9,7
loadable,2019-04-22T15:58:55.186Z,0,0,1,2,4,2,0,2,4,8,0,0,0,16,2,2,6
nekox,2021-07-21T10:24:43.165Z,0,0,0,0,0,0,0,0,0,0,0,0,0,0,0,0,0
revogrid,2022-08-15T13:07:11.927Z,20,25,7,59,1,14,25,5,9,9,1,7,3,5,8,9,7
vanilla-rtb,2018-10-14T18:49:54.863Z,0,0,0,0,0,0,0,0,0,0,0,0,0,0,0,0,0
prettier-eslint,2024-03-28T20:37:46.508Z,37,51,33,39,7,15,29,16,8,29,13,27,35,19,21,42,53
semaphore,2022-10-22T08:53:13.829Z,0,0,0,0,0,0,0,0,0,0,0,0,0,0,1,5,2
gfx-rs,2021-05-04T14:20:19.856Z,94,210,258,347,238,137,168,177,233,50,10,5,0,0,0,0,0
gfx-rs,2021-05-04T14:20:19.856Z,94,210,258,347,238,137,168,177,233,50,10,5,0,0,0,0,0
ngx-bootstrap,2019-04-15T11:00:58.396Z,0,20,110,9,66,109,45,82,7,0,0,8,3,3,22,0,0
fre,2021-07-13T00:22:06.863Z,0,11,37,11,12,9,15,41,5,13,15,10,18,4,18,0,1
peerbit,2022-11-21T10:19:08.779Z,0,0,0,0,0,0,0,0,0,0,0,0,0,0,0,0,0
decap,2024-02-27T11:33:47.679Z,0,0,79,69,103,71,40,137,80,80,42,39,38,25,121,31,65
csstree,2024-09-03T13:45:57.174Z,2,2,1,1,1,0,2,6,43,22,41,33,17,10,11,19,10
csstree,2024-09-03T13:45:57.174Z,2,2,1,1,1,0,2,6,43,22,41,33,17,10,11,19,10
ngx-bootstrap,2019-04-15T11:00:58.396Z,0,20,110,9,66,109,45,82,7,0,0,8,3,3,22,0,0
donut,2019-04-08T11:10:20.458Z,0,0,3,3,42,11,104,345,114,27,46,30,31,7,30,39,11
css-gg,2020-02-16T14:03:38.418Z,0,0,0,0,0,0,23,14,0,14,11,7,3,2,2,0,0
donut,2019-04-08T11:10:20.458Z,0,0,3,3,42,11,104,345,114,27,46,30,31,7,30,39,11
css-gg,2020-02-16T14:03:38.418Z,0,0,0,0,0,0,23,14,0,14,11,7,3,2,2,0,0
hydephp,2024-10-22T11:00:03.680Z,9,0,6,1,10,0,0,0,0,0,10,0,4,1,18,39,47
sled,2019-07-23T10:10:47.227Z,6,17,30,45,55,110,49,50,30,76,106,48,41,32,52,120,40
hydephp,2024-10-22T11:00:03.680Z,9,0,6,1,10,0,0,0,0,0,10,0,4,1,18,39,47
sled,2019-07-23T10:10:47.227Z,6,17,30,45,55,110,49,50,30,76,106,48,41,32,52,120,40
fluentvalidation,2022-12-25T15:04:55.591Z,31,57,50,16,50,29,21,19,18,44,29,33,11,15,30,20,55
actionshub,2023-05-15T08:42:15.223Z,0,0,0,0,0,0,0,0,0,0,0,0,0,0,0,0,0
javaparser,2023-11-22T05:53:27.922Z,0,0,0,0,0,0,0,0,0,0,0,0,0,0,0,0,0
vue-tables-2,2019-11-20T18:23:59.044Z,1,0,0,0,0,0,0,0,0,0,0,0,0,0,0,0,0
fluentvalidation,2022-12-25T15:04:55.591Z,4,5,0,2,0,2,0,0,1,0,0,0,0,0,0,0,33
raspbernetes,2020-08-03T00:50:28.876Z,0,0,0,0,4,0,12,2,1,0,0,0,2,14,0,2,0
plyr,2020-03-14T10:37:59.710Z,22,0,0,0,0,0,11,11,6,27,2,0,0,0,0,0,1
raspbernetes,2020-08-03T00:50:28.876Z,0,0,0,0,4,0,12,2,1,0,0,0,2,14,0,2,0
simply,2022-02-17T05:54:27.338Z,0,1,1,1,0,2,6,4,0,1,13,17,12,4,35,0,0
simply,2022-02-17T05:54:27.338Z,0,1,1,1,0,2,6,4,0,1,13,17,12,4,35,0,0
organilab,2024-08-02T14:24:35.371Z,0,1,8,0,0,7,0,2,6,48,8,0,0,0,0,0,0
pion,2025-01-07T15:21:48.527Z,49,55,129,131,35,112,39,42,178,43,86,163,47,108,91,76,71
ohmyform-sustainability,2020-06-16T07:34:54.714Z,86,10,3,3,3,14,15,22,88,9,6,21,22,3,6,7,19
ohmyform-sustainability,2020-06-16T07:34:54.714Z,86,10,3,3,3,14,15,22,88,9,6,21,22,3,6,7,19
playfulprogramming,2024-02-22T21:05:48.837Z,80,45,43,76,159,34,111,81,37,110,46,2,24,23,69,19,51
nodebook,2019-04-28T16:20:25.614Z,5,4,1,3,7,3,2,10,38,9,10,6,0,0,20,5,0
nodebook,2019-04-28T16:20:25.614Z,5,4,1,3,7,3,2,10,38,9,10,6,0,0,20,5,0
the-katzenpost-software-project,2019-02-18T14:54:26.400Z,0,0,0,0,0,0,4,0,0,3,0,0,0,0,0,0,0
react-calendar,2020-06-03T17:03:19.219Z,15,45,23,30,20,58,42,69,24,34,23,27,27,23,11,35,19
react-calendar,2020-06-03T17:03:19.219Z,15,45,23,30,20,58,42,69,24,34,23,27,27,23,11,35,19
pep8speaks,2021-06-15T04:15:40.695Z,0,0,0,5,8,0,0,0,0,2,0,0,1,0,0,0,2
coronatracker,2020-04-21T22:28:37.448Z,0,0,0,0,0,0,0,731,1020,182,12,4,3,0,0,0,0
ng-web-apis,2021-07-13T16:03:22.564Z,1,0,0,0,0,0,0,0,3,0,0,0,0,0,0,0,0
ng-web-apis,2021-07-13T16:03:22.564Z,1,0,0,0,0,0,0,0,3,0,0,0,0,0,0,0,0
slideshowp2,2019-11-13T08:08:16.302Z,19,16,6,5,5,1,1,4,2,1,0,2,3,3,5,1,1
the-katzenpost-software-project,2019-02-18T14:54:26.400Z,0,0,0,0,0,0,4,0,0,3,0,0,0,0,0,0,0
jaeles-project,2019-12-01T17:37:53.784Z,0,0,0,0,0,0,0,4,1,1,11,3,9,5,1,0,3
educode,2019-09-02T16:55:03.932Z,0,0,0,0,0,0,0,0,0,0,0,0,0,0,0,0,0
open-research-calendar,2022-10-01T23:25:38.762Z,4,4,0,0,0,0,0,0,2,4,8,1,4,4,0,1,4
contribkanban,2019-06-04T01:24:03.006Z,0,0,0,5,0,0,3,8,10,1,6,0,0,0,0,3,0
electerm,2023-09-25T19:41:54.627Z,0,0,2,0,0,0,0,0,0,0,0,1,140,33,95,143,88
contribkanban,2019-06-04T01:24:03.006Z,0,0,0,5,0,0,3,8,10,1,6,0,0,0,0,3,0
educode,2019-09-02T16:55:03.932Z,0,0,0,0,0,0,0,0,0,0,0,0,0,0,0,0,0
jaeles-project,2019-12-01T17:37:53.784Z,0,0,0,0,0,0,0,4,1,1,11,3,9,5,1,0,3
contribkanban,2019-06-04T01:24:03.006Z,0,0,0,5,0,0,3,8,10,1,6,0,0,0,0,3,0
rspamd_project,2019-06-27T07:47:37.382Z,9,9,0,2,3,10,1,2,5,2,4,6,2,10,3,12,0
stacer,2019-11-22T17:38:32.162Z,22,6,42,10,9,1,3,18,10,19,46,12,2,21,16,2,24
nthumods,2024-09-02T00:23:52.022Z,45,76,30,69,42,30,35,62,42,20,16,20,24,32,19,27,17
verso,2024-09-03T14:28:46.156Z,3,0,27,16,12,12,60,129,21,73,70,23,8,77,31,7,2
oapi-codegen,2024-09-20T04:22:32.717Z,138,32,73,55,90,75,93,66,64,69,92,11,32,41,44,54,86
syspass,2022-04-28T08:50:25.111Z,4,54,9,20,6,6,0,19,5,15,38,10,4,4,2,3,2
toybox,2022-05-06T02:24:15.211Z,8,14,9,27,34,11,40,28,43,15,41,57,53,76,24,18,30
syspass,2022-04-28T08:50:25.111Z,4,54,9,20,6,6,0,19,5,15,38,10,4,4,2,3,2
oxygenjl,2024-05-27T15:34:47.480Z,9,9,9,15,51,97,33,43,12,33,0,17,59,12,19,2,27
wenyan-lang,2020-02-08T20:07:49.855Z,0,0,0,0,0,0,504,587,99,182,14,24,6,23,12,6,6
oxygenjl,2024-05-27T15:34:47.480Z,9,9,9,15,51,97,33,43,12,33,0,17,59,12,19,2,27
oapi-codegen,2024-09-20T04:22:32.717Z,138,32,73,55,90,75,93,66,64,69,92,11,32,41,44,54,86
gridjs,2021-01-06T21:00:37.030Z,0,0,0,0,0,3,54,63,48,39,82,51,41,75,24,29,32
oapi-codegen,2024-09-20T04:22:32.717Z,138,32,73,55,90,75,93,66,64,69,92,11,32,41,44,54,86
oapi-codegen,2024-09-20T04:22:32.717Z,138,32,73,55,90,75,93,66,64,69,92,11,32,41,44,54,86
toybox,2022-05-06T02:24:15.211Z,8,14,9,27,34,11,40,28,43,15,41,57,53,76,24,18,30
ihateregex,2020-02-17T12:07:51.308Z,0,0,1,0,0,0,0,4,63,13,27,4,1,6,2,1,0
intellij-elixir,2019-07-04T10:05:00.056Z,0,0,0,0,0,0,0,0,0,0,0,0,0,0,0,0,0
material-table,2019-12-06T02:02:24.377Z,1,15,1,5,9,9,12,7,0,5,2,1,0,6,16,21,8
gapstyle,2022-02-13T16:03:49.042Z,4,0,5,0,8,1,0,0,1,0,1,0,13,0,0,5,1
camelot,2020-01-09T18:52:36.257Z,0,0,59,29,6,83,33,1,3,5,14,5,5,18,35,40,14
camelot,2020-01-09T18:52:36.257Z,0,0,59,29,6,83,33,1,3,5,14,5,5,18,35,40,14
cloudcmd,2017-09-22T13:12:52.750Z,0,0,0,0,0,0,0,0,0,0,0,0,0,0,62,60,29
material-table,2019-12-06T02:02:24.377Z,1,15,1,5,9,9,12,7,0,5,2,1,0,6,16,21,8
gapstyle,2022-02-13T16:03:49.042Z,4,0,5,0,8,1,0,0,1,0,1,0,13,0,0,5,1
aflpluspluseu,2021-06-12T01:02:28.307Z,73,30,46,34,75,103,129,21,69,17,33,17,18,46,3,30,13
twtxt,2021-02-21T15:47:14.857Z,0,1,6,0,0,0,0,2,0,0,0,0,0,2,0,0,0
jest-puppeteer,2018-09-26T15:52:09.938Z,0,0,52,77,37,57,23,69,44,10,69,39,44,66,67,74,52
ssh-action,2022-07-01T12:33:39.065Z,0,0,0,0,0,0,0,0,0,0,0,0,0,0,0,0,0
aflpluspluseu,2021-06-12T01:02:28.307Z,73,30,46,34,75,103,129,21,69,17,33,17,18,46,3,30,13
logchimp,2021-07-20T19:08:32.616Z,0,18,11,6,3,2,4,1,14,13,28,7,10,12,11,4,22
frontpage,2024-10-24T23:06:09.659Z,0,0,0,5,130,17,36,35,168,51,29,1,3,16,43,11,3
frontpage,2024-10-24T23:06:09.659Z,0,0,0,5,130,17,36,35,168,51,29,1,3,16,43,11,3
snabbdom,2020-09-06T00:11:57.528Z,173,32,21,8,114,47,41,36,36,14,8,4,15,169,64,29,21
snabbdom,2020-09-06T00:11:57.528Z,173,32,21,8,114,47,41,36,36,14,8,4,15,169,64,29,21
mdanalysis,2022-04-05T20:12:43.276Z,0,0,0,0,0,0,0,0,0,0,0,0,0,0,0,0,0
frontpage,2024-10-24T23:06:09.659Z,0,0,0,5,130,17,36,35,168,51,29,1,3,16,43,11,3
mdanalysis,2022-04-05T20:12:43.276Z,0,0,0,0,0,0,0,0,0,0,0,0,0,0,0,0,0
bbchallenge,2024-09-12T14:43:56.913Z,0,0,0,0,1,3,0,0,0,0,0,0,0,0,3,0,0
cadmium,2020-01-11T13:33:56.676Z,2,3,25,35,20,12,10,0,3,0,0,0,0,0,0,0,0
korge,2020-01-23T06:23:55.301Z,0,0,0,0,0,0,0,0,15,3,3,0,45,19,19,0,0
react-design-editor,2019-12-06T04:43:58.782Z,18,13,1,2,0,1,3,10,19,26,6,5,6,10,3,13,5
sgkit,2022-10-26T19:43:33.226Z,0,0,0,0,0,0,0,0,0,0,0,0,0,0,0,0,0
sgkit,2022-10-26T19:43:33.226Z,0,0,0,0,0,0,0,0,0,0,0,0,0,0,0,0,0
orangopus,2019-08-03T15:43:54.433Z,0,0,0,0,0,0,0,0,0,0,0,0,0,0,0,0,0
enraged-rabbit-community,2024-07-25T22:16:49.243Z,0,46,53,18,32,16,3,2,7,3,6,3,2,4,9,10,4
orangopus,2019-08-03T15:43:54.433Z,0,0,0,0,0,0,0,0,0,0,0,0,0,0,0,0,0
enraged-rabbit-community,2024-07-25T22:16:49.243Z,0,46,53,18,32,16,3,2,7,3,6,3,2,4,9,10,4
sgkit,2022-10-26T19:43:33.226Z,0,0,0,0,0,0,0,0,0,0,0,0,0,0,0,0,0
enraged-rabbit-community,2024-07-25T22:16:49.243Z,0,46,53,18,32,16,3,2,7,3,6,3,2,4,9,10,4
orangopus,2019-08-03T15:43:54.433Z,0,0,0,0,0,0,0,0,0,0,0,0,0,0,0,0,0
oi-wiki,2020-10-19T09:07:21.746Z,6,0,1,0,0,0,1,0,0,0,0,0,0,0,0,0,0
cglm,2020-06-06T08:58:38.362Z,1,18,2,7,14,45,73,20,0,15,19,11,2,22,12,3,6
drupalnj,2022-06-06T20:57:04.148Z,0,0,0,0,0,0,0,0,0,0,0,0,0,0,0,0,0
openms,2021-06-11T01:53:34.360Z,0,0,0,0,1,0,3,0,0,0,0,0,0,0,0,0,0
heti,2022-06-18T17:42:22.049Z,3,3,3,29,3,12,0,0,7,2,0,0,0,5,20,7,4
heti,2022-06-18T17:42:22.049Z,3,3,3,29,3,12,0,0,7,2,0,0,0,5,20,7,4
code-for-dayton,2023-11-07T23:56:41.226Z,0,0,0,0,0,0,0,0,0,0,0,0,0,0,0,0,0
cglm,2020-06-06T08:58:38.362Z,1,18,2,7,14,45,73,20,0,15,19,11,2,22,12,3,6
code-for-dayton,2023-11-07T23:56:41.226Z,0,0,0,0,0,0,0,0,0,0,0,0,0,0,0,0,0
casdoor,2023-09-25T19:41:11.489Z,3,0,0,14,80,136,113,99,7,21,0,56,32,53,44,23,21
moonshine,2023-06-29T18:40:35.790Z,0,3,24,21,18,15,50,65,13,65,35,28,46,25,55,20,80
moonshine,2023-06-29T18:40:35.790Z,0,3,24,21,18,15,50,65,13,65,35,28,46,25,55,20,80
tone-row,2021-05-10T20:10:33.637Z,0,0,0,0,0,0,0,0,0,0,0,0,0,0,0,0,0
fayettevillejs,2020-01-21T02:32:21.735Z,0,0,0,0,0,0,0,0,5,3,1,1,3,1,2,1,0
heti,2022-06-18T17:42:22.049Z,3,3,3,29,3,12,0,0,7,2,0,0,0,5,20,7,4
fayettevillejs,2020-01-21T02:32:21.735Z,0,0,0,0,0,0,0,0,5,3,1,1,3,1,2,1,0
tone-row,2021-05-10T20:10:33.637Z,0,0,0,0,0,0,0,0,0,0,0,0,0,0,0,0,0
bootscore,2023-09-27T10:22:12.118Z,52,39,35,60,16,29,3,25,74,39,24,25,30,69,26,14,35
tone-row,2021-05-10T20:10:33.637Z,0,0,0,0,0,0,0,0,0,0,0,0,0,0,0,0,0
moonshine,2023-06-29T18:40:35.790Z,0,3,24,21,18,15,50,65,13,65,35,28,46,25,55,20,80
utopia-project,2024-10-17T20:48:00.388Z,0,0,0,0,0,0,0,0,12,11,5,7,32,8,6,5,18
fritzing,2019-07-04T06:31:14.332Z,0,0,0,0,0,7,20,13,2,4,0,30,18,1,1,7,1
remix-pwa,2023-01-01T01:05:12.939Z,0,0,0,0,0,0,0,0,0,0,0,0,0,0,0,0,0
pixi-viewport,2021-11-11T15:13:45.280Z,19,45,20,7,22,14,27,19,33,34,3,44,15,8,4,9,6
tesseractjs,2019-11-27T06:09:35.242Z,0,0,3,0,0,0,0,60,11,50,8,31,41,17,13,22,15
hoplon,2019-07-07T14:29:33.460Z,0,3,0,0,0,1,2,4,1,0,0,0,0,3,2,0,0
openandroidinstaller,2023-08-04T15:47:12.343Z,0,0,2,18,83,96,31,165,155,145,144,93,58,118,51,53,14
openstf,2019-06-28T06:17:04.872Z,46,50,81,26,24,23,23,32,96,62,85,60,80,62,58,74,158
hoplon,2019-07-07T14:29:33.460Z,0,3,0,0,0,1,2,4,1,0,0,0,0,3,2,0,0
openstf,2019-06-28T06:17:04.872Z,46,50,81,26,24,23,23,32,96,62,85,60,80,62,58,74,158
mewsfeed,2023-04-11T15:48:31.024Z,1,0,0,0,4,14,24,87,52,42,17,22,29,32,0,7,4
renative,2019-08-23T18:16:07.632Z,0,0,0,0,0,2,0,0,3,0,1,0,0,3,3,4,30
hoplon,2019-07-07T14:29:33.460Z,0,3,0,0,0,1,2,4,1,0,0,0,0,3,2,0,0
utopia-project,2024-10-17T20:48:00.388Z,0,0,0,0,0,0,0,0,12,11,5,7,32,8,6,5,18
select2,2019-12-14T22:21:27.586Z,0,2,0,4,1,0,0,1,0,0,8,2,0,0,0,4,0
profile-md,2022-02-07T21:54:01.680Z,0,0,0,1,33,0,0,0,0,0,0,0,0,0,0,0,0
cpeditor,2021-04-01T11:12:24.433Z,78,117,111,243,23,38,41,77,22,63,236,204,62,17,13,65,14
profile-md,2022-02-07T21:54:01.680Z,0,0,0,1,33,0,0,0,0,0,0,0,0,0,0,0,0
expand,2019-05-28T08:01:12.112Z,4,0,0,0,0,0,0,0,0,0,0,0,0,0,0,0,0
renative,2019-08-23T18:16:07.632Z,0,0,0,0,0,2,0,0,3,0,1,0,0,3,3,4,30
libreplan,2024-08-02T13:34:23.538Z,0,0,0,0,1,0,0,0,0,0,0,2,0,0,0,3,0
expand,2019-05-28T08:01:12.112Z,4,0,0,0,0,0,0,0,0,0,0,0,0,0,0,0,0
hatsh,2022-07-14T12:51:36.889Z,0,0,0,0,0,0,0,0,0,0,0,0,0,0,0,0,0
profile-md,2022-02-07T21:54:01.680Z,0,0,0,1,33,0,0,0,0,0,0,0,0,0,0,0,0
vue-facing-decorator,2023-08-14T06:20:31.683Z,3,16,14,19,49,13,11,9,48,16,8,11,17,10,28,25,1
ng-matero,2020-02-05T02:59:24.724Z,0,4,0,3,2,8,6,15,7,10,20,6,6,4,15,2,1
leafletglify,2020-11-09T13:48:53.840Z,18,29,1,1,15,3,5,29,10,8,0,0,10,18,2,4,2
deep-cover,2021-07-08T09:26:34.383Z,0,0,3,1,0,0,0,0,0,0,0,0,0,0,0,1,0
selfhostedpro,2020-10-12T09:48:48.577Z,0,0,0,0,0,0,0,0,0,0,0,0,0,0,0,0,0
lukehaas,2024-06-03T13:34:56.943Z,3,0,0,0,0,0,0,0,0,0,0,0,0,0,0,0,0
ngx-scrollbar,2019-08-26T01:32:48.851Z,63,19,16,1,1,21,7,12,40,45,20,57,11,7,46,31,9
ng-matero,2020-02-05T02:59:24.724Z,0,4,0,3,2,8,6,15,7,10,20,6,6,4,15,2,1
pikepdf,2021-07-26T13:20:34.318Z,23,25,44,16,63,64,7,22,84,63,32,17,35,44,29,83,46
powernukkit,2021-02-13T01:48:16.059Z,41,66,40,19,21,8,188,166,147,84,59,130,145,190,31,44,67
leafletglify,2020-11-09T13:48:53.840Z,18,29,1,1,15,3,5,29,10,8,0,0,10,18,2,4,2
sfml,2024-10-03T16:43:14.598Z,0,0,0,192,528,243,199,156,171,143,149,247,92,163,146,96,154
aspnetcore-developer-roadmap,2019-04-01T12:37:04.134Z,0,0,0,0,0,0,18,4,11,0,3,2,1,0,0,5,9
bodymovin-extension,2021-01-06T21:05:06.048Z,0,0,1,2,0,0,0,0,2,0,0,0,0,0,0,1,0
aframe,2024-11-22T20:27:48.276Z,133,56,46,101,22,22,58,149,185,5,196,299,49,31,88,25,18
extenject,2018-08-17T08:24:51.603Z,0,0,0,0,0,0,0,0,0,0,0,0,0,0,0,0,4
mkdocs,2023-08-29T15:37:49.267Z,0,0,0,0,3,1,33,69,48,121,73,70,163,51,116,74,278
aframe,2024-11-22T20:27:48.276Z,133,56,46,101,22,22,58,149,185,5,196,299,49,31,88,25,18
cantera,2022-04-05T18:47:04.498Z,0,0,0,0,0,0,0,0,2,0,0,0,0,0,0,0,0
bowser,2020-02-02T23:50:03.414Z,12,35,13,46,17,3,22,35,6,8,8,7,15,14,8,24,11
deck-of-cards,2019-06-02T21:01:29.038Z,0,2,2,0,1,16,0,2,8,0,0,3,0,0,0,0,0
extenject,2018-08-17T08:24:51.603Z,0,0,0,0,0,0,0,0,0,0,0,0,0,0,0,0,4
formily,2020-01-02T05:23:05.486Z,23,0,108,41,0,0,6,1,0,0,9,0,1,0,1,0,0
deck-of-cards,2019-06-02T21:01:29.038Z,0,2,2,0,1,16,0,2,8,0,0,3,0,0,0,0,0
formily,2020-01-02T05:23:05.486Z,23,0,108,41,0,0,6,1,0,0,9,0,1,0,1,0,0
deck-of-cards,2019-06-02T21:01:29.038Z,0,2,2,0,1,16,0,2,8,0,0,3,0,0,0,0,0
countries-states-cities,2020-09-18T22:32:57.059Z,0,0,0,0,0,0,0,0,0,1,0,0,0,0,0,0,0
formily,2020-01-02T05:23:05.486Z,23,0,108,41,0,0,6,1,0,0,9,0,1,0,1,0,0
cantera,2022-04-05T18:47:04.498Z,0,0,0,0,0,0,0,0,2,0,0,0,0,0,0,0,0
inure,2023-02-02T05:07:13.813Z,0,0,9,7,12,55,12,31,15,1,2,13,8,6,11,3,3
linux-wifi-hotspot,2023-02-12T12:34:39.362Z,0,0,0,0,0,0,0,0,0,0,0,0,0,0,0,0,0
jsstore,2020-05-16T11:14:04.256Z,45,12,7,9,1,7,15,18,23,2,10,0,2,3,25,0,1
inure,2023-02-02T05:07:13.813Z,0,0,9,7,12,55,12,31,15,1,2,13,8,6,11,3,3
inure,2023-02-02T05:07:13.813Z,0,0,9,7,12,55,12,31,15,1,2,13,8,6,11,3,3
alovoa,2023-01-14T19:56:18.740Z,29,7,9,23,13,8,31,13,20,3,11,16,1,12,18,19,36
wangeditor,2022-07-19T16:35:44.590Z,0,0,0,0,0,0,0,1,0,0,0,0,0,0,0,0,0
unikraft,2024-10-23T20:36:24.115Z,41,25,77,68,5,11,37,247,125,51,88,79,216,185,385,61,118
presentator,2022-10-31T15:17:36.966Z,0,5,0,0,16,11,17,0,0,0,0,1,5,2,0,0,0
stump,2022-10-07T16:46:44.505Z,1,1,3,8,14,14,1,15,34,4,2,0,14,42,14,4,11
presentator,2022-10-31T15:17:36.966Z,0,5,0,0,16,11,17,0,0,0,0,1,5,2,0,0,0
supabase-php,2022-12-12T20:26:41.542Z,0,0,0,0,0,0,0,0,0,0,0,0,0,0,0,0,0
wangeditor,2022-07-19T16:35:44.590Z,0,0,0,0,0,0,0,1,0,0,0,0,0,0,0,0,0
stump,2022-10-07T16:46:44.505Z,1,1,3,8,14,14,1,15,34,4,2,0,14,42,14,4,11
rtklib-demo5,2021-11-25T11:13:40.041Z,6,3,0,0,0,3,1,0,9,3,1,1,3,10,0,1,1
jsstore,2020-05-16T11:14:04.256Z,45,12,7,9,1,7,15,18,23,2,10,0,2,3,25,0,1
berrysauce,2022-03-13T14:18:00.703Z,0,0,0,0,0,0,1,0,0,0,0,0,0,0,0,0,0
cocash,2022-02-19T17:21:43.292Z,0,0,0,0,0,0,0,0,0,0,0,0,0,0,0,0,0
wangeditor,2022-07-19T16:35:44.590Z,0,0,0,0,0,0,0,1,0,0,0,0,0,0,0,0,0
libplacebo,2021-01-05T21:09:36.285Z,47,5,6,2,1,5,5,3,0,2,19,5,32,11,12,15,11
gephi,2023-09-13T13:03:38.310Z,60,22,77,19,15,4,5,10,1,3,7,1,5,3,7,17,7
cocash,2022-02-19T17:21:43.292Z,0,0,0,0,0,0,0,0,0,0,0,0,0,0,0,0,0
reia,2024-06-21T21:22:12.643Z,0,0,0,0,4,0,2,0,3,0,0,0,0,0,1,0,16
olivier-binette-collective,2022-03-21T21:04:07.921Z,0,0,0,0,0,0,0,0,0,0,0,0,0,0,0,0,0
evershopcommerce,2024-05-10T07:50:39.332Z,10,73,53,16,46,15,15,37,63,35,9,17,30,29,47,6,30
libplacebo,2021-01-05T21:09:36.285Z,47,5,6,2,1,5,5,3,0,2,19,5,32,11,12,15,11
olivier-binette-collective,2022-03-21T21:04:07.921Z,0,0,0,0,0,0,0,0,0,0,0,0,0,0,0,0,0
olivier-binette-collective,2022-03-21T21:04:07.921Z,0,0,0,0,0,0,0,0,0,0,0,0,0,0,0,0,0
supabase-php,2022-12-12T20:26:41.542Z,0,0,0,0,0,0,0,0,0,0,0,0,0,0,0,0,0
olivier-binette-collective,2022-03-21T21:04:07.921Z,0,0,0,0,0,0,0,0,0,0,0,0,0,0,0,0,0
esp-rfid,2021-03-19T22:27:46.337Z,10,9,27,29,24,17,13,26,4,9,7,3,1,15,0,5,9
cocash,2022-02-19T17:21:43.292Z,0,0,0,0,0,0,0,0,0,0,0,0,0,0,0,0,0
react-date-picker,2018-10-27T18:09:21.519Z,22,32,19,25,12,9,21,32,35,37,13,21,20,24,10,9,14
bioicons,2024-04-18T09:47:24.557Z,2,8,2,58,0,3,8,2,44,24,6,4,1,1,12,13,4
drill,2019-06-17T18:52:06.772Z,0,0,0,0,0,0,0,140,95,11,21,3,0,8,0,0,9
doocs-leetcode,2019-09-28T19:28:04.379Z,2,0,3,0,0,3,0,2,0,0,0,0,4,0,1,1,0
evershopcommerce,2024-05-10T07:50:39.332Z,10,73,53,16,46,15,15,37,63,35,9,17,30,29,47,6,30
evershopcommerce,2024-05-10T07:50:39.332Z,10,73,53,16,46,15,15,37,63,35,9,17,30,29,47,6,30
openphl,2019-11-24T22:11:21.954Z,0,0,0,0,0,0,0,0,0,0,0,0,0,0,0,0,0
psake,2024-10-07T20:25:24.807Z,0,0,0,0,4,0,0,6,10,0,0,0,0,4,3,0,0
doocs-leetcode,2019-09-28T19:28:04.379Z,2,0,3,0,0,3,0,2,0,0,0,0,4,0,1,1,0
lucialand,2021-06-25T12:26:26.847Z,156,125,34,23,11,8,42,16,0,2,0,4,0,0,1,2,0
mongodb-memory-server,2020-12-21T01:11:12.286Z,0,0,0,0,0,33,43,19,26,2,0,0,0,0,0,8,0
psake,2024-10-07T20:25:24.807Z,0,0,0,0,4,0,0,6,10,0,0,0,0,4,3,0,0
androidlocalizeplugin,2022-09-30T10:18:17.992Z,14,8,34,3,3,10,4,2,5,28,7,4,3,10,21,3,1
androidlocalizeplugin,2022-09-30T10:18:17.992Z,14,8,34,3,3,10,4,2,5,28,7,4,3,10,21,3,1
bundle,2022-03-14T19:24:48.229Z,0,0,26,18,31,8,3,5,10,14,25,5,11,12,0,4,9
techup,2021-08-09T06:45:22.321Z,0,0,0,0,0,1,0,0,0,0,0,0,0,0,0,0,0
mocked-api-os,2023-02-03T15:28:45.775Z,0,0,0,1,642,35,23,22,19,9,7,3,6,0,0,7,71
onedark-pro,2021-07-06T14:56:57.118Z,29,11,4,14,11,81,38,3,30,31,54,11,20,39,36,18,11
cezerin2,2019-05-13T05:32:30.062Z,0,0,0,0,0,0,0,0,0,0,0,0,0,0,0,0,0
pyparsing,2024-07-18T07:17:42.032Z,89,2,6,15,45,8,9,14,6,23,18,21,6,14,11,2,18
mongodb-memory-server,2020-12-21T01:11:12.286Z,0,0,0,0,0,33,43,19,26,2,0,0,0,0,0,8,0
techup,2021-08-09T06:45:22.321Z,0,0,0,0,0,1,0,0,0,0,0,0,0,0,0,0,0
techup,2021-08-09T06:45:22.321Z,0,0,0,0,0,1,0,0,0,0,0,0,0,0,0,0,0
bundle,2022-03-14T19:24:48.229Z,0,0,26,18,31,8,3,5,10,14,25,5,11,12,0,4,9
onedark-pro,2021-07-06T14:56:57.118Z,29,11,4,14,11,81,38,3,30,31,54,11,20,39,36,18,11
mongodb-memory-server,2020-12-21T01:11:12.286Z,0,0,0,0,0,33,43,19,26,2,0,0,0,0,0,8,0
bundle,2022-03-14T19:24:48.229Z,0,0,26,18,31,8,3,5,10,14,25,5,11,12,0,4,9
vue-functional-calendar,2021-07-14T22:47:01.624Z,3,3,0,2,2,0,2,2,0,1,3,0,2,2,1,1,0
botamusique,2021-09-13T21:19:45.415Z,38,27,25,24,76,10,1,0,5,10,0,18,61,16,6,7,7
confuserex,2019-11-07T19:54:30.737Z,0,0,0,0,0,0,0,0,0,0,0,0,0,0,0,26,83
vue-functional-calendar,2021-07-14T22:47:01.624Z,3,3,0,2,2,0,2,2,0,1,3,0,2,2,1,1,0
goodwork,2020-04-15T20:30:35.667Z,39,59,224,35,65,33,52,96,43,6,4,10,3,13,53,42,47
vue-functional-calendar,2021-07-14T22:47:01.624Z,3,3,0,2,2,0,2,2,0,1,3,0,2,2,1,1,0
restsharp,2021-12-13T19:29:09.775Z,0,0,0,0,0,0,0,0,1,15,0,11,5,0,0,1,50
vue-functional-calendar,2021-07-14T22:47:01.624Z,3,3,0,2,2,0,2,2,0,1,3,0,2,2,1,1,0
cert-manager,2022-06-13T22:03:51.501Z,0,0,0,0,0,6,0,1,0,1,0,0,0,2,0,1,2
efqrcode,2017-12-14T06:41:55.230Z,10,14,6,7,0,1,1,0,5,7,3,0,3,2,2,5,2
octobercms,2019-07-03T10:15:14.967Z,21,32,32,38,16,28,35,133,143,72,95,68,61,40,72,40,116
botamusique,2021-09-13T21:19:45.415Z,38,27,25,24,76,10,1,0,5,10,0,18,61,16,6,7,7
spotmenu,2019-10-08T00:49:34.761Z,4,11,13,5,6,13,6,2,16,3,5,3,6,2,10,8,9
goodwork,2020-04-15T20:30:35.667Z,39,59,224,35,65,33,52,96,43,6,4,10,3,13,53,42,47
spaceship-prompt,2022-01-15T10:46:04.415Z,19,152,71,35,18,28,31,9,29,14,13,6,24,26,10,16,278
confuserex,2019-11-07T19:54:30.737Z,0,0,0,0,0,0,0,0,0,0,0,0,0,0,0,26,83
broadband-institute,2022-03-29T20:08:14.858Z,0,0,0,0,0,0,0,0,0,0,0,0,0,0,0,0,0
libhydrogen,2020-06-05T05:32:11.461Z,18,4,1,2,0,2,3,3,0,5,0,0,10,0,0,1,0
augmented-ui,2019-09-25T18:14:45.096Z,0,0,0,0,0,0,0,0,2,5,0,0,3,7,0,0,0
devlopr-jekyll,2020-05-08T15:56:01.297Z,0,0,0,0,23,113,24,45,78,60,4,4,4,32,1,1,2
sweet-alert,2020-09-15T16:24:19.968Z,16,6,11,6,19,11,13,5,12,2,1,16,16,12,7,3,3
spaceship-prompt,2022-01-15T10:46:04.415Z,19,152,71,35,18,28,31,9,29,14,13,6,24,26,10,16,278
devlopr-jekyll,2020-05-08T15:56:01.297Z,0,0,0,0,23,113,24,45,78,60,4,4,4,32,1,1,2
libhydrogen,2020-06-05T05:32:11.461Z,18,4,1,2,0,2,3,3,0,5,0,0,10,0,0,1,0
sweet-alert,2020-09-15T16:24:19.968Z,16,6,11,6,19,11,13,5,12,2,1,16,16,12,7,3,3
spaceship-prompt,2022-01-15T10:46:04.415Z,19,152,71,35,18,28,31,9,29,14,13,6,24,26,10,16,278
octobercms,2019-07-03T10:15:14.967Z,21,32,32,38,16,28,35,133,143,72,95,68,61,40,72,40,116
indigenamarket,2022-02-21T00:28:18.975Z,0,0,0,0,0,0,0,0,0,0,0,0,0,0,0,0,0
knowlo,2020-02-01T21:55:05.552Z,0,0,0,0,0,0,0,0,0,0,0,0,0,0,0,0,0
flyimg,2024-05-22T22:29:49.055Z,22,20,36,10,7,40,21,2,33,43,5,35,49,40,9,13,12
guiscrcpy,2021-04-12T16:26:57.193Z,113,82,26,3,11,50,19,38,13,15,28,10,24,27,57,37,11
openrpc,2020-09-10T01:46:38.044Z,29,34,74,67,58,41,55,36,30,44,37,26,23,20,8,10,6
vite-electron-builder,2021-08-03T02:20:46.404Z,27,17,12,46,8,14,2,10,6,21,25,18,19,76,29,0,0
node-argon2,2021-08-14T07:04:21.598Z,2,16,3,16,14,1,32,12,8,13,7,27,20,12,14,21,13
schedule-x,2024-07-03T10:18:43.995Z,0,0,2,3,2,36,81,94,140,88,163,66,120,58,113,64,90
teamo1,2019-02-07T19:02:59.540Z,0,0,0,0,0,0,0,0,0,0,0,0,0,0,0,0,0
anndatar,2024-07-24T14:37:55.820Z,63,51,0,2,1,0,1,3,13,5,3,9,216,18,6,68,87
keyshade,2024-04-24T19:54:14.123Z,0,0,0,0,0,0,3,0,0,102,106,227,20,61,84,95,48
erfoursgroupsejahtera,2024-05-21T02:43:52.626Z,0,0,0,0,0,0,0,0,0,0,0,0,0,0,0,0,0
laravel-mongodb,2019-07-18T14:01:46.017Z,0,0,0,0,0,0,0,0,0,1,1,0,1,1,0,0,1
bluez,2024-01-25T17:48:20.036Z,0,0,0,0,0,0,0,1,0,1,2,0,10,0,0,0,0
mllaunchpad,2019-12-05T09:18:57.291Z,0,0,12,20,5,0,2,15,2,6,31,13,9,19,7,1,4
jsts,2021-05-30T15:56:13.732Z,0,12,1,0,0,13,1,2,7,27,4,3,18,18,4,5,11
scanapi,2021-12-14T22:31:59.958Z,26,55,129,145,186,26,27,0,0,0,25,1,36,7,27,5,2
quinn-rs,2024-03-22T21:21:44.708Z,0,0,0,0,0,0,0,0,0,56,137,76,186,106,135,275,319
python-sortedcontainers,2019-01-24T04:54:47.271Z,45,8,6,0,9,1,5,70,6,0,5,5,0,7,10,7,1
python-sortedcontainers,2019-01-24T04:54:47.271Z,45,8,6,0,9,1,5,70,6,0,5,5,0,7,10,7,1
circuitverse,2020-05-12T18:32:08.035Z,0,0,0,5,2,0,0,0,0,0,0,0,0,0,0,0,1
automatio,2024-07-24T20:06:58.063Z,0,0,0,0,0,0,0,0,0,0,0,0,0,0,0,0,0
bluez,2024-01-25T17:48:20.036Z,0,0,0,0,0,0,0,1,0,1,2,0,10,0,0,0,0
mllaunchpad,2019-12-05T09:18:57.291Z,0,0,12,20,5,0,2,15,2,6,31,13,9,19,7,1,4
erfoursgroupsejahtera,2024-05-21T02:43:52.626Z,0,0,0,0,0,0,0,0,0,0,0,0,0,0,0,0,0
rgeo,2024-10-15T00:56:43.686Z,12,0,0,0,0,0,8,22,0,1,1,1,8,0,0,0,0
azerothcore,2020-08-09T18:17:35.271Z,0,0,0,0,0,0,0,0,0,0,0,0,0,0,0,0,0
rgeo,2024-10-15T00:56:43.686Z,12,0,0,0,0,0,8,22,0,1,1,1,8,0,0,0,0
mllaunchpad,2019-12-05T09:18:57.291Z,0,0,12,20,5,0,2,15,2,6,31,13,9,19,7,1,4
setup-php,2021-07-15T15:57:59.875Z,0,0,3,1,0,0,0,0,0,2,42,60,39,41,30,49,31
quinn-rs,2024-03-22T21:21:44.708Z,0,0,0,0,0,0,0,0,0,56,137,76,186,106,135,275,319
circuitverse,2020-05-12T18:32:08.035Z,0,0,0,5,2,0,0,0,0,0,0,0,0,0,0,0,1
setup-php,2021-07-15T15:57:59.875Z,0,0,3,1,0,0,0,0,0,2,42,60,39,41,30,49,31
coughcheckapp,2020-04-10T09:26:18.109Z,0,0,0,0,0,0,0,0,150,0,0,0,0,0,0,0,0
formatjs,2022-08-08T09:25:26.399Z,0,18,2,0,0,0,12,3,2,7,37,5,0,2,2,106,91
microcks,2023-11-28T18:42:32.801Z,0,5,0,0,0,0,0,11,0,26,16,13,6,24,28,10,73
project-atlantis,2022-09-07T23:08:12.151Z,0,0,0,0,0,0,0,0,1,0,17,5,0,0,0,0,0
pytables,2022-04-05T20:29:14.359Z,20,10,4,8,182,28,0,56,17,4,12,20,9,1,42,40,90
cloudmusic-vscode,2021-03-29T01:26:08.806Z,0,0,0,0,0,0,0,0,0,0,0,0,1,0,0,0,0
azerothcore,2020-08-09T18:17:35.271Z,0,0,0,0,0,0,0,0,0,0,0,0,0,0,0,0,0
sinuous,2020-02-01T17:16:20.606Z,20,26,31,31,10,6,2,61,56,78,36,31,39,46,8,12,32
libgit2,2024-07-22T10:38:31.087Z,41,124,26,128,120,47,20,21,28,23,128,128,22,77,50,16,9
cookiecutter-django,2023-07-02T13:45:10.750Z,50,52,76,62,45,55,32,70,65,35,23,19,43,31,72,91,54
cookiecutter-django,2023-07-02T13:45:10.750Z,50,52,76,62,45,55,32,70,65,35,23,19,43,31,72,91,54
openglobusjs,2024-05-18T20:07:43.682Z,24,4,9,3,3,4,1,4,0,13,13,3,2,0,1,1,4
gorush,2021-04-19T06:36:45.348Z,0,0,0,0,0,0,0,0,0,0,0,0,0,0,0,0,0
live-code-london,2024-04-30T22:15:44.299Z,0,0,0,0,0,0,0,0,0,0,0,0,0,0,0,0,0
project-atlantis,2022-09-07T23:08:12.151Z,0,0,0,0,0,0,0,0,1,0,17,5,0,0,0,0,0
sched-ext,2024-11-22T20:28:52.938Z,0,1,4,0,0,0,0,1,0,0,0,189,404,401,479,508,349
we-cropper,2019-12-08T05:28:38.715Z,27,15,4,10,5,3,7,9,11,7,2,0,5,1,5,2,0
awesome-python,2019-11-12T01:27:10.336Z,12,7,22,3,14,11,16,478,45,10,9,7,13,9,3,6,7
portable-ascii,2021-07-08T08:15:13.075Z,0,0,0,0,0,0,0,0,0,0,0,0,0,0,0,0,0
gorush,2021-04-19T06:36:45.348Z,0,0,0,0,0,0,0,0,0,0,0,0,0,0,0,0,0
dts-bundle-generator,2022-06-04T23:41:21.275Z,16,58,6,51,4,5,41,9,70,18,19,12,12,4,3,1,1
badgen,2019-01-19T18:14:42.832Z,0,0,43,118,154,32,33,25,56,39,45,5,22,85,16,8,13
pyinquirer,2021-05-19T01:57:21.848Z,10,5,4,2,5,4,0,6,6,0,2,2,0,5,3,2,5
coughcheckapp,2020-04-10T09:26:18.109Z,0,0,0,0,0,0,0,0,150,0,0,0,0,0,0,0,0
dribdat,2020-12-29T16:39:03.015Z,0,0,5,3,3,1,36,15,18,6,2,10,12,23,9,16,4
cloudmusic-vscode,2021-03-29T01:26:08.806Z,0,0,0,0,0,0,0,0,0,0,0,0,1,0,0,0,0
cloudmusic-vscode,2021-03-29T01:26:08.806Z,0,0,0,0,0,0,0,0,0,0,0,0,1,0,0,0,0
chinachu,2020-07-11T08:39:45.245Z,0,0,0,0,0,0,0,1,0,0,0,0,0,2,0,0,0
microcks,2023-11-28T18:42:32.801Z,0,5,0,0,0,0,0,11,0,26,16,13,6,24,28,10,73
polka,2019-07-18T17:52:42.718Z,10,11,36,1,30,29,15,22,9,6,14,26,16,4,22,6,17
reconmap,2021-11-02T13:11:36.802Z,1,4,9,0,8,59,35,21,14,13,11,5,7,9,4,4,12
openglobusjs,2024-05-18T20:07:43.682Z,24,4,9,3,3,4,1,4,0,13,13,3,2,0,1,1,4
mango,2022-01-03T20:35:38.988Z,0,0,0,0,0,0,0,0,0,0,0,0,0,0,0,0,0
sharpetronics,2023-04-19T22:40:53.353Z,0,0,0,0,0,0,0,0,0,0,0,0,0,0,0,0,0
splitjs,2018-01-16T17:29:08.074Z,17,28,4,16,2,19,1,29,4,3,9,4,2,2,2,4,9
woographql,2020-02-21T22:51:57.358Z,0,11,0,0,0,0,0,8,76,35,36,36,53,35,19,34,33
rslint,2020-10-29T18:38:45.288Z,0,0,0,0,0,0,0,77,235,20,5,28,29,9,9,4,17
arnft,2021-12-01T00:58:24.889Z,27,44,21,5,1,7,176,16,6,11,21,41,1,0,2,10,8
sigstore,2023-06-16T16:31:46.925Z,15,14,33,55,24,151,345,151,116,68,153,34,14,55,9,6,3
wifi-passview,2021-07-13T20:54:56.724Z,0,0,0,0,0,0,0,0,0,0,0,0,0,0,0,0,0
go-admin,2021-01-26T04:08:23.268Z,0,0,0,0,0,0,0,0,0,0,0,0,0,0,0,0,0
tailwindcss-classnames,2022-06-18T05:14:00.923Z,22,10,17,27,8,10,6,14,9,2,10,2,1,4,1,3,3
deepwto,2020-04-01T03:19:57.023Z,0,0,0,0,0,0,0,1,0,0,0,0,0,0,0,0,0
sharpetronics,2023-04-19T22:40:53.353Z,0,0,0,0,0,0,0,0,0,0,0,0,0,0,0,0,0
schemathesis,2021-04-01T11:08:47.672Z,2,29,102,2,16,0,0,0,0,16,2,0,9,3,10,0,8
tailwindcss-classnames,2022-06-18T05:14:00.923Z,22,10,17,27,8,10,6,14,9,2,10,2,1,4,1,3,3
tenzing,2022-04-22T16:15:04.260Z,12,10,2,3,0,0,0,0,0,6,1,0,0,0,0,0,0
vue-gallery,2019-12-24T12:35:56.484Z,1,4,0,10,1,3,5,9,15,3,6,5,9,2,3,8,1
ksnip,2022-05-25T14:53:03.449Z,108,116,216,94,90,53,55,78,27,21,25,38,41,18,32,30,19
sigstore,2023-06-16T16:31:46.925Z,15,14,33,55,24,151,345,151,116,68,153,34,14,55,9,6,3
mirai-js,2022-03-20T06:58:54.834Z,0,0,0,0,0,0,0,0,0,0,0,0,0,0,0,0,0
jenkins-x,2022-12-15T13:54:36.834Z,0,0,2,44,36,171,140,100,26,65,32,90,35,19,15,14,33
pizzaql,2019-06-04T11:06:32.297Z,0,0,0,1,1,12,1,2,0,2,1,0,2,0,0,0,0
supertinyicons,2020-10-18T13:42:45.718Z,0,3,19,1,3,17,2,13,107,78,17,6,1,0,0,18,3
saltlakecityfightingcovid,2020-04-15T22:42:45.807Z,0,0,0,0,0,0,0,0,0,0,0,0,0,0,0,0,0
grassmannjl,2020-07-03T20:28:20.647Z,7,20,4,10,15,47,10,11,13,18,21,2,1,0,3,3,2
sudobot,2024-01-04T05:01:15.548Z,6,15,87,0,0,2,1,13,6,1,12,13,6,5,54,41,47
arnft,2021-12-01T00:58:24.889Z,27,44,21,5,1,7,176,16,6,11,21,41,1,0,2,10,8
grassmannjl,2020-07-03T20:28:20.647Z,7,20,4,10,15,47,10,11,13,18,21,2,1,0,3,3,2
mirai-js,2022-03-20T06:58:54.834Z,0,0,0,0,0,0,0,0,0,0,0,0,0,0,0,0,0
noblox,2023-07-06T19:47:29.820Z,18,5,10,14,20,42,1,13,5,20,9,19,13,5,11,1,12
pizzaql,2019-06-04T11:06:32.297Z,0,0,0,1,1,12,1,2,0,2,1,0,2,0,0,0,0
django-phone-verify,2022-01-23T13:09:47.610Z,0,0,0,0,0,0,0,0,0,0,0,0,0,0,0,0,0
fotorama,2019-02-01T11:40:29.786Z,4,0,1,0,2,6,0,5,0,1,0,3,15,1,10,20,0
kp-fan-world,2019-03-20T14:37:05.655Z,0,0,0,0,0,0,0,0,0,0,0,0,0,0,0,2,0
mirai-js,2022-03-20T06:58:54.834Z,0,0,0,0,0,0,0,0,0,0,0,0,0,0,0,0,0
home-assistant-cli,2024-03-29T08:04:13.578Z,0,1,2,2,1,4,1,2,0,2,1,0,3,2,2,2,0
grassmannjl,2020-07-03T20:28:20.647Z,7,20,4,10,15,47,10,11,13,18,21,2,1,0,3,3,2
photoviewer,2022-02-01T15:13:29.532Z,0,4,0,0,2,0,0,0,0,0,0,1,4,1,8,0,1
kp-fan-world,2019-03-20T14:37:05.655Z,0,0,0,0,0,0,0,0,0,0,0,0,0,0,0,2,0
vajrahackingasdfg,2021-03-15T18:32:33.161Z,0,0,0,0,0,0,0,0,0,0,0,0,0,0,0,0,0
discordbm,2024-12-19T18:12:47.919Z,0,3,1,1,2,1,7,2,1,0,3,1,2,0,0,0,0
proxypy,2021-07-10T09:21:11.227Z,0,0,0,0,4,2,0,0,0,0,3,42,784,145,191,32,39
schemathesis,2021-04-01T11:08:47.672Z,2,29,102,2,16,0,0,0,0,16,2,0,9,3,10,0,8
vue-lazy-hydration,2019-09-23T14:25:08.173Z,11,6,0,5,15,4,0,0,5,5,8,3,4,7,27,4,7
rita,2021-07-06T15:02:52.683Z,0,11,13,18,13,0,8,22,9,30,5,5,1,1,0,0,3
alova,2024-09-04T02:09:34.884Z,11,9,33,77,48,69,56,72,21,35,42,15,20,12,19,12,34
kitx,2024-03-08T15:47:31.526Z,5,3,4,4,0,0,2,8,12,1,0,0,0,0,3,9,0
gnet,2020-12-07T04:38:57.007Z,10,17,0,5,0,0,0,1,0,0,0,32,5,3,0,42,0
carleton-college,2022-09-20T02:43:08.021Z,0,0,0,0,0,0,0,0,0,0,0,0,0,0,0,0,0
ebitengine,2022-12-06T04:57:37.774Z,0,38,1,25,117,102,78,29,0,8,87,91,142,3,15,0,4
substitute-js,2024-02-07T01:11:45.040Z,0,0,0,0,0,0,0,0,0,10,0,0,0,0,0,0,0
tmodloader,2021-07-21T02:02:24.109Z,3,2,0,0,1,0,0,0,1,3,0,4,0,1,0,1,1
html-bundler-webpack-plugin,2023-10-17T09:45:49.407Z,0,16,30,4,12,13,4,14,56,64,42,29,11,4,17,16,5
jerverless,2019-01-30T17:09:35.861Z,0,0,0,0,0,0,0,4,51,0,0,0,0,0,0,0,0
owasp-crs,2021-01-04T14:31:47.525Z,0,0,0,0,0,0,0,0,0,0,0,0,0,0,0,0,0
webqit,2022-09-17T02:49:49.461Z,0,0,0,0,0,0,0,0,0,0,0,0,0,0,0,0,0
orcapods,2024-07-02T13:08:29.390Z,0,0,0,0,0,0,0,0,0,0,0,0,0,0,0,0,4
mongoke,2021-07-20T05:48:52.567Z,0,0,0,0,0,0,0,0,0,0,0,0,0,0,0,0,0
pdfme,2025-01-24T11:19:06.480Z,0,0,47,29,12,0,54,47,125,289,398,138,295,225,64,80,76
gltfforue4,2021-09-16T13:30:24.604Z,4,27,5,0,11,0,2,2,2,0,0,0,0,0,0,0,0
github-readme-activity-graph,2024-06-12T03:29:10.129Z,3,3,0,0,6,4,4,16,0,10,0,0,7,0,5,3,3
carleton-college,2022-09-20T02:43:08.021Z,0,0,0,0,0,0,0,0,0,0,0,0,0,0,0,0,0
wexond,2019-05-02T14:33:53.644Z,13,5,2,21,5,16,12,66,61,14,37,59,38,21,20,24,3
webqit,2022-09-17T02:49:49.461Z,0,0,0,0,0,0,0,0,0,0,0,0,0,0,0,0,0
autospotting,2021-07-15T11:44:34.204Z,41,1,0,1,1,44,13,10,2,3,17,1,0,4,1,3,4
hypha,2021-02-03T15:41:32.581Z,0,0,0,0,0,0,0,0,0,0,0,4,0,0,0,4,0
hellomicroservice,2021-06-30T19:07:03.924Z,0,0,0,0,0,0,0,0,0,0,0,0,0,0,0,0,0
orcapods,2024-07-02T13:08:29.390Z,0,0,0,0,0,0,0,0,0,0,0,0,0,0,0,0,4
bridge-foundry,2020-05-26T21:17:42.815Z,2,1,0,0,5,1,2,0,0,0,0,0,0,0,0,0,0
trex,2021-07-03T06:47:19.490Z,0,4,2,2,0,1,0,0,0,0,0,0,0,0,0,4,1
wizdwarfs,2021-07-03T14:38:44.955Z,0,0,0,0,0,0,0,0,0,0,0,0,0,0,0,0,0
discordbm,2024-12-19T18:12:47.919Z,0,3,1,1,2,1,7,2,1,0,3,1,2,0,0,0,0
timecat,2020-07-21T07:44:03.772Z,0,0,0,0,1,0,1,3,36,7,36,8,2,7,2,0,0
django-river,2021-01-02T11:52:33.835Z,26,13,24,1,2,2,0,11,43,13,4,0,0,1,1,0,6
ebitengine,2022-12-06T04:57:37.774Z,0,38,1,25,117,102,78,29,0,8,87,91,142,3,15,0,4
ebitengine,2022-12-06T04:57:37.774Z,0,38,1,25,117,102,78,29,0,8,87,91,142,3,15,0,4
live-captioning-initiative,2020-09-24T22:15:01.714Z,0,0,5,0,0,0,1,0,6,2,0,0,0,0,0,0,0
mattn-emmet-vim,2022-12-26T07:59:38.853Z,1,0,3,1,1,0,0,2,1,3,1,4,0,4,1,6,0
stt-datacore,2021-07-17T05:23:48.605Z,0,0,0,0,0,0,0,3,0,0,0,0,0,0,0,0,0
perfumejs,2019-07-22T22:29:07.318Z,10,1,4,3,6,0,6,1,0,12,21,15,16,9,17,10,1
hievents,2024-09-23T18:15:22.297Z,0,0,0,0,7,69,20,63,86,49,55,49,57,52,62,51,85
openstitching,2024-08-07T18:14:29.966Z,4,16,0,0,1,4,1,0,19,10,11,5,1,0,4,8,3
ebitengine,2022-12-06T04:57:37.774Z,0,38,1,25,117,102,78,29,0,8,87,91,142,3,15,0,4
gngr,2021-02-10T07:44:34.846Z,14,0,1,0,0,0,0,1,1,1,4,4,3,0,2,2,0
oss-code-ge,2023-05-23T16:07:30.407Z,0,0,0,0,0,0,0,0,0,1,0,0,0,0,0,0,0
nodejieba,2021-07-19T11:55:42.274Z,14,3,1,3,8,2,2,2,3,0,1,1,1,5,4,4,5
ebitengine,2022-12-06T04:57:37.774Z,0,38,1,25,117,102,78,29,0,8,87,91,142,3,15,0,4
openstitching,2024-08-07T18:14:29.966Z,4,16,0,0,1,4,1,0,19,10,11,5,1,0,4,8,3
artalk,2024-05-30T06:13:21.385Z,25,17,40,235,34,62,32,73,122,37,22,36,43,21,18,11,4
easer,2020-04-21T10:34:44.654Z,78,65,44,20,49,76,27,6,9,7,1,3,6,6,1,4,8
pdfme,2025-01-24T11:19:06.480Z,0,0,47,29,12,0,54,47,125,289,398,138,295,225,64,80,76
osgeo,2021-05-10T21:11:57.893Z,0,0,0,2,1,2,0,4,0,2,0,0,0,3,0,0,1
shazziepurple,2024-03-25T17:09:04.592Z,0,0,0,0,0,0,0,0,0,0,0,0,0,0,0,0,0
hellomicroservice,2021-06-30T19:07:03.924Z,0,0,0,0,0,0,0,0,0,0,0,0,0,0,0,0,0
release-plz,2024-12-04T07:47:26.684Z,69,62,79,30,101,144,125,122,110,116,111,61,90,70,28,40,79
faction,2024-10-21T06:04:29.507Z,47,14,6,0,6,20,12,5,15,9,3,0,4,2,2,15,0
openstitching,2024-08-07T18:14:29.966Z,4,16,0,0,1,4,1,0,19,10,11,5,1,0,4,8,3
shazziepurple,2024-03-25T17:09:04.592Z,0,0,0,0,0,0,0,0,0,0,0,0,0,0,0,0,0
craftgen,2024-08-16T05:12:53.942Z,0,0,13,2,5,2,10,36,0,1,0,0,0,0,1,0,0
shazziepurple,2024-03-25T17:09:04.592Z,0,0,0,0,0,0,0,0,0,0,0,0,0,0,0,0,0
release-plz,2024-12-04T07:47:26.684Z,69,62,79,30,101,144,125,122,110,116,111,61,90,70,28,40,79
release-plz,2024-12-04T07:47:26.684Z,69,62,79,30,101,144,125,122,110,116,111,61,90,70,28,40,79
mattn-emmet-vim,2022-12-26T07:59:38.853Z,1,0,3,1,1,0,0,2,1,3,1,4,0,4,1,6,0
txthinking-mr2,2019-12-29T11:41:01.512Z,0,24,0,0,1,1,0,0,2,0,0,0,0,5,0,0,0
node-vault,2024-03-02T11:34:24.811Z,34,2,1,1,0,0,0,9,0,0,0,2,0,0,0,1,0
altdrag,2019-12-17T07:29:20.687Z,4,0,0,2,0,12,0,2,1,13,2,4,3,3,0,5,13
perfumejs,2019-07-22T22:29:07.318Z,10,1,4,3,6,0,6,1,0,12,21,15,16,9,17,10,1
go-callvis,2020-12-31T17:03:52.263Z,0,2,0,1,5,1,2,1,6,2,0,1,0,4,3,5,14
djangoextensions,2021-07-17T09:03:59.994Z,18,17,17,21,17,34,11,8,11,4,4,13,2,4,10,7,6
stt-datacore,2021-07-17T05:23:48.605Z,0,0,0,0,0,0,0,3,0,0,0,0,0,0,0,0,0
txthinking-mr2,2019-12-29T11:41:01.512Z,0,24,0,0,1,1,0,0,2,0,0,0,0,5,0,0,0
cloudflare-dyns,2023-06-20T06:07:25.814Z,0,0,0,0,0,0,0,0,0,0,0,0,0,0,0,0,0
hypergan-foundation,2023-05-01T09:54:39.443Z,0,0,0,0,0,0,0,0,0,0,1,0,0,0,0,0,0
cyph,2019-02-09T17:22:07.983Z,1,0,0,0,0,0,0,0,0,0,0,0,0,0,0,0,0
github-profile-readme-generator,2022-09-27T03:42:29.619Z,8,17,11,19,20,33,12,33,22,106,24,7,10,16,5,4,3
haskell-stripe,2021-07-13T16:06:31.154Z,5,6,2,0,0,2,2,0,1,0,0,0,0,3,0,0,0
opt-out-tools,2020-01-07T14:41:13.272Z,0,0,0,0,0,0,0,10,8,20,3,20,3,8,0,0,0
hpy,2020-10-08T09:55:00.977Z,7,47,16,27,14,3,21,42,101,106,96,81,143,56,80,12,23
hartex,2023-09-14T09:48:55.182Z,125,112,161,124,61,132,18,15,0,1,8,3,3,3,1,2,1
dnnc,2022-03-25T11:14:26.025Z,0,1,0,0,0,0,0,0,0,0,1,1,0,0,0,1,0
wikicensorship,2022-08-14T16:13:52.536Z,1,0,0,0,0,2,0,0,0,3,0,0,0,0,0,0,0
wiremocknet,2021-07-27T02:28:20.605Z,0,0,0,0,0,0,0,0,0,0,0,0,0,0,0,0,0
poolifier,2022-10-22T16:48:07.246Z,0,0,0,0,0,0,0,0,8,0,0,0,0,0,0,0,0
wikicensorship,2022-08-14T16:13:52.536Z,1,0,0,0,0,2,0,0,0,3,0,0,0,0,0,0,0
ng-alain,2021-02-03T02:09:46.487Z,0,6,0,0,0,19,68,51,43,94,41,28,46,37,73,62,26
quantum-computing,2022-01-27T02:26:45.892Z,0,0,0,0,0,0,0,0,0,0,0,0,0,0,0,0,0
openstl,2023-12-01T03:08:15.128Z,0,0,0,0,0,0,0,0,0,0,0,0,0,0,0,0,0
github-profile-readme-generator,2022-09-27T03:42:29.619Z,8,17,11,19,20,33,12,33,22,106,24,7,10,16,5,4,3
opencomic,2024-10-23T01:18:44.955Z,11,36,44,43,15,6,49,19,63,16,21,42,59,44,36,69,95
go-api-boilerplate,2022-05-11T22:39:04.015Z,0,0,1,0,4,2,0,1,1,0,5,0,0,0,0,0,0
yii2-widget-fileinput,2021-08-19T07:58:31.300Z,0,0,0,1,0,0,2,1,0,3,1,0,0,6,1,0,0
hartex,2023-09-14T09:48:55.182Z,125,112,161,124,61,132,18,15,0,1,8,3,3,3,1,2,1
dnnc,2022-03-25T11:14:26.025Z,0,1,0,0,0,0,0,0,0,0,1,1,0,0,0,1,0
rtl-styling-101,2023-07-02T13:49:12.494Z,0,6,1,0,0,0,0,1,0,0,0,3,5,0,0,0,3
github-profile-readme-generator,2022-09-27T03:42:29.619Z,8,17,11,19,20,33,12,33,22,106,24,7,10,16,5,4,3
drutopia,2022-05-24T20:38:09.488Z,0,0,0,0,0,0,0,0,0,0,0,0,0,0,0,0,0
packem,2023-08-01T11:21:51.323Z,0,0,0,0,0,0,0,0,0,0,0,0,0,0,0,0,0
web-shells,2020-10-30T10:00:05.912Z,0,0,0,0,0,0,0,0,0,0,0,0,0,0,0,0,0
quantum-computing,2022-01-27T02:26:45.892Z,0,0,0,0,0,0,0,0,0,0,0,0,0,0,0,0,0
xlayers,2020-07-21T14:08:30.448Z,20,10,4,9,37,7,0,2,0,2,11,95,36,24,15,8,38
hartex,2023-09-14T09:48:55.182Z,125,112,161,124,61,132,18,15,0,1,8,3,3,3,1,2,1
xlayers,2020-07-21T14:08:30.448Z,20,10,4,9,37,7,0,2,0,2,11,95,36,24,15,8,38
openstl,2023-12-01T03:08:15.128Z,0,0,0,0,0,0,0,0,0,0,0,0,0,0,0,0,0
wiremocknet,2021-07-27T02:28:20.605Z,0,0,0,0,0,0,0,0,0,0,0,0,0,0,0,0,0
portable-utf8,2023-11-01T19:08:12.219Z,3,4,0,6,1,0,6,3,1,4,6,4,3,0,1,0,1
quantum-computing,2022-01-27T02:26:45.892Z,0,0,0,0,0,0,0,0,0,0,0,0,0,0,0,0,0
jira-plugin,2020-04-28T13:47:53.482Z,20,7,0,33,14,0,11,19,2,6,0,9,1,14,15,2,0
lysand,2024-05-24T14:51:39.321Z,0,0,1,1,0,0,4,11,1,2,1,2,0,0,1,0,0
electrocrud,2019-10-26T11:04:29.841Z,0,0,0,0,0,5,1,0,0,4,3,1,8,3,0,0,1
vite-plugin-rsw,2021-06-29T11:53:44.512Z,0,0,0,0,0,0,0,0,0,0,0,0,0,0,0,0,0
jira-plugin,2020-04-28T13:47:53.482Z,20,7,0,33,14,0,11,19,2,6,0,9,1,14,15,2,0
xlayers,2020-07-21T14:08:30.448Z,20,10,4,9,37,7,0,2,0,2,11,95,36,24,15,8,38
terraforge3d,2022-08-05T20:51:23.317Z,3,2,5,20,5,1,0,0,0,0,1,0,0,18,19,0,0
geolib,2019-10-19T12:03:06.394Z,2,0,2,71,13,3,0,1,8,10,19,1,6,3,21,28,2
electrocrud,2019-10-26T11:04:29.841Z,0,0,0,0,0,5,1,0,0,4,3,1,8,3,0,0,1
blazorise,2022-06-01T08:32:00.756Z,2,0,0,1,0,0,0,0,0,1,0,0,0,0,0,0,0
openstl,2023-12-01T03:08:15.128Z,0,0,0,0,0,0,0,0,0,0,0,0,0,0,0,0,0
xmlbuilder2,2021-07-06T15:01:43.141Z,0,0,0,0,0,0,0,0,0,0,0,0,0,0,0,0,0
portable-utf8,2023-11-01T19:08:12.219Z,3,4,0,6,1,0,6,3,1,4,6,4,3,0,1,0,1
javaistic,2024-01-16T22:23:13.180Z,28,33,26,22,16,41,15,11,10,15,25,11,5,5,8,10,14
moeoverflow,2019-05-26T16:14:14.186Z,0,0,0,0,0,0,0,0,0,0,0,0,0,0,0,0,0
opt-out-tools,2020-01-07T14:41:13.272Z,0,0,0,0,0,0,0,10,8,20,3,20,3,8,0,0,0
moeoverflow,2019-05-26T16:14:14.186Z,0,0,0,0,0,0,0,0,0,0,0,0,0,0,0,0,0
aqurusmc,2024-01-27T18:07:10.990Z,0,0,0,0,0,0,0,0,0,0,0,0,0,0,0,0,0
geolib,2019-10-19T12:03:06.394Z,2,0,2,71,13,3,0,1,8,10,19,1,6,3,21,28,2
jacksonkasi0,2022-06-08T12:30:46.593Z,0,0,0,0,0,0,0,0,0,0,0,0,0,0,0,0,0
nsfwfilter,2023-01-14T07:56:23.833Z,28,1,1,2,0,0,0,0,6,0,11,0,2,3,1,3,11
intelligo,2019-04-17T01:54:28.551Z,0,0,0,0,0,3,0,0,0,6,3,6,0,2,3,1,0
peachpiecompiler,2020-01-29T16:16:44.497Z,2,7,15,17,16,19,5,15,171,97,47,30,128,40,72,164,68
openintents,2019-12-20T08:12:00.336Z,0,0,0,0,0,0,0,0,0,0,0,0,0,0,0,0,0
questgenai,2021-06-25T12:41:11.035Z,1,0,2,1,7,0,0,0,0,0,3,0,4,1,2,0,0
lomoware,2023-01-24T10:37:04.800Z,1,23,38,31,4,27,1,0,1,4,1,0,3,2,0,0,0
persiandate4mysql,2023-03-01T16:12:35.796Z,0,0,0,0,0,0,0,0,0,0,0,0,0,0,0,0,0
poweradmin,2022-01-27T02:34:13.532Z,0,1,0,4,0,0,2,3,89,3,7,3,2,5,1,10,26
soupault,2022-01-27T02:33:46.391Z,15,24,0,0,0,0,0,0,2,2,0,1,18,3,6,6,0
dyrectorio-platform,2023-05-24T15:12:18.672Z,45,171,38,51,134,176,245,92,285,181,119,199,97,145,39,34,50
pona,2023-06-30T13:39:32.470Z,0,0,0,0,0,0,0,0,0,0,0,0,0,0,0,0,0
joshua-studio,2024-10-17T08:39:54.251Z,0,0,0,0,0,0,0,0,0,0,0,0,0,0,0,0,0
xmlbuilder2,2021-07-06T15:01:43.141Z,0,0,0,0,0,0,0,0,0,0,0,0,0,0,0,0,0
quantum-computing,2022-01-27T02:26:45.892Z,0,0,0,0,0,0,0,0,0,0,0,0,0,0,0,0,0
opensuspect,2021-03-23T05:05:37.691Z,0,0,0,0,0,0,0,0,0,0,0,0,0,0,0,0,0
lomoware,2023-01-24T10:37:04.800Z,1,23,38,31,4,27,1,0,1,4,1,0,3,2,0,0,0
walletconnect,2022-01-19T14:43:11.817Z,0,0,0,0,0,0,0,0,0,3,69,35,125,106,47,76,17
focusmastodon,2024-06-14T02:36:32.494Z,0,0,0,0,0,0,0,0,0,0,0,0,0,0,0,0,0
protectbot,2022-02-02T21:52:37.677Z,0,0,0,0,0,0,0,0,0,0,0,0,0,0,0,0,0
pona,2023-06-30T13:39:32.470Z,0,0,0,0,0,0,0,0,0,0,0,0,0,0,0,0,0
piximagepicker,2023-12-03T20:11:25.111Z,0,0,0,0,0,0,0,0,0,0,0,0,0,0,0,0,0
typetura,2022-10-13T21:19:27.908Z,7,0,0,0,0,0,0,0,0,0,0,0,0,0,0,0,0
dryer,2023-12-05T02:42:45.386Z,0,0,0,0,0,7,227,210,46,20,6,9,0,0,0,0,1
ffpopup,2018-12-18T09:37:36.048Z,0,0,0,0,0,0,0,0,3,1,0,0,2,0,2,0,5
visualpython,2021-06-25T11:23:17.381Z,0,0,0,0,0,0,0,5,2,6,5,0,3,0,0,1,4
poolifier,2022-10-22T16:48:07.246Z,0,0,0,0,0,0,0,0,8,0,0,0,0,0,0,0,0
envio,2024-10-28T17:10:17.438Z,89,12,3,1,3,0,0,19,1,0,0,0,1,0,0,0,0
pickr,2019-07-15T16:28:25.747Z,15,4,17,41,41,36,41,88,78,101,25,38,24,21,19,6,25
muffon,2021-11-16T08:30:30.440Z,0,0,0,0,16,4,1,5,13,31,60,5,5,0,30,33,5
rss-bridge,2022-03-05T11:22:14.384Z,28,15,3,43,3,14,37,21,76,43,44,142,90,4,7,8,10
_rpisurv_,2020-12-28T23:55:00.453Z,0,1,0,1,1,7,18,0,6,17,9,2,18,0,4,0,45
poweradmin,2022-01-27T02:34:13.532Z,0,1,0,4,0,0,2,3,89,3,7,3,2,5,1,10,26
wiremocknet,2021-07-27T02:28:20.605Z,0,0,0,0,0,0,0,0,0,0,0,0,0,0,0,0,0
openstl,2023-12-01T03:08:15.128Z,0,0,0,0,0,0,0,0,0,0,0,0,0,0,0,0,0
statecraft,2019-12-08T00:04:48.611Z,0,1,0,0,0,0,0,0,3,0,0,0,0,0,0,0,0
joshua-studio,2024-10-17T08:39:54.251Z,0,0,0,0,0,0,0,0,0,0,0,0,0,0,0,0,0
wiremocknet,2021-07-27T02:28:20.605Z,0,0,0,0,0,0,0,0,0,0,0,0,0,0,0,0,0
wikicensorship,2022-08-14T16:13:52.536Z,1,0,0,0,0,2,0,0,0,3,0,0,0,0,0,0,0
openintents,2019-12-20T08:12:00.336Z,0,0,0,0,0,0,0,0,0,0,0,0,0,0,0,0,0
effectivemoderncppchinese,2022-06-20T15:07:14.968Z,0,0,1,2,1,7,1,2,8,0,0,0,1,5,0,6,0
pona,2023-06-30T13:39:32.470Z,0,0,0,0,0,0,0,0,0,0,0,0,0,0,0,0,0
hartex,2023-09-14T09:48:55.182Z,125,112,161,124,61,132,18,15,0,1,8,3,3,3,1,2,1
shirakumo,2021-11-23T13:45:25.440Z,0,0,0,0,0,0,0,0,0,0,0,0,0,0,0,0,0
piximagepicker,2023-12-03T20:11:25.111Z,0,0,0,0,0,0,0,0,0,0,0,0,0,0,0,0,0
matter,2022-01-27T02:33:32.072Z,2,4,2,0,0,0,0,0,0,1,1,2,0,0,0,0,0
pickr,2019-07-15T16:28:25.747Z,15,4,17,41,41,36,41,88,78,101,25,38,24,21,19,6,25
shirakumo,2021-11-23T13:45:25.440Z,0,0,0,0,0,0,0,0,0,0,0,0,0,0,0,0,0
intelligo,2019-04-17T01:54:28.551Z,0,0,0,0,0,3,0,0,0,6,3,6,0,2,3,1,0
effectivemoderncppchinese,2022-06-20T15:07:14.968Z,0,0,1,2,1,7,1,2,8,0,0,0,1,5,0,6,0
matter,2022-01-27T02:33:32.072Z,2,4,2,0,0,0,0,0,0,1,1,2,0,0,0,0,0
britechartsorg,2021-10-06T13:51:25.105Z,6,16,8,28,5,1,11,4,49,38,0,8,19,26,3,27,3
mac-cleanup,2021-02-28T15:39:01.522Z,9,2,6,0,2,0,12,1,2,9,0,0,26,35,11,1,2
kmon,2020-04-01T17:22:30.543Z,0,0,0,0,0,0,0,0,44,6,6,10,2,0,3,1,0
airform,2021-07-21T23:28:42.189Z,0,10,0,1,1,6,0,0,0,1,0,1,0,1,0,4,1
centeredcollectionview,2021-07-11T16:05:05.114Z,0,0,0,0,1,0,0,0,3,0,1,0,0,0,1,0,0
devs-with-disabilities,2019-08-28T17:41:25.763Z,0,0,0,0,0,0,0,0,0,0,0,0,0,0,0,0,0
interview,2021-07-15T16:04:02.688Z,2,2,1,1,1,10,1,1,0,0,9,0,1,3,0,0,6
go-mini-social-network,2021-07-21T01:58:58.149Z,0,0,0,0,0,0,0,0,0,0,0,0,0,0,0,0,0
sunglasses4gh,2021-05-03T15:08:24.663Z,0,0,0,0,0,0,2,1,19,0,0,0,0,0,1,0,0
food-for-homeless,2020-11-04T03:43:24.109Z,0,0,0,0,0,0,0,0,0,0,0,0,0,0,0,0,0
xgo,2022-08-31T00:20:42.719Z,4,2,7,1,7,9,1,4,4,0,1,42,9,39,11,0,2
carroted,2023-11-09T18:00:20.387Z,0,0,0,0,0,0,0,0,0,0,0,0,0,0,0,0,0
gerbera-io,2021-01-25T10:44:51.512Z,26,70,22,5,9,33,7,5,50,42,42,50,26,68,55,83,96
micro-web-stacks,2023-02-23T16:09:34.488Z,0,0,0,0,0,0,0,0,0,0,0,0,0,0,0,0,0
dataspray,2023-12-21T20:03:12.837Z,0,0,0,0,0,0,0,0,0,0,0,0,0,0,0,0,0
pytition,2021-07-18T15:06:02.877Z,0,0,1,26,7,0,4,5,0,0,4,0,0,0,0,0,0
bassa,2021-07-20T18:35:08.203Z,3,0,2,2,0,0,0,0,0,0,0,0,0,0,0,0,0
pytition,2021-07-18T15:06:02.877Z,0,0,1,26,7,0,4,5,0,0,4,0,0,0,0,0,0
redux-requests,2020-10-13T09:15:23.306Z,5,61,91,10,9,21,5,12,15,35,45,69,21,11,6,9,0
metro4,2019-10-17T07:20:54.517Z,0,0,0,0,0,0,0,0,5,0,26,29,38,9,30,87,70
flatgeobuf,2021-05-10T18:01:04.938Z,30,0,6,49,13,15,34,12,104,27,0,10,5,24,48,8,16
bootstrap-popover-x,2021-07-13T15:59:22.293Z,1,0,0,0,0,0,0,0,0,0,0,0,0,0,0,0,0
centeredcollectionview,2021-07-11T16:05:05.114Z,0,0,0,0,1,0,0,0,3,0,1,0,0,0,1,0,0
fastapi-template,2022-11-04T10:12:28.990Z,0,28,1,20,47,20,4,36,11,16,25,3,23,17,1,51,14
carroted,2023-11-09T18:00:20.387Z,0,0,0,0,0,0,0,0,0,0,0,0,0,0,0,0,0
angular-tree-component,2019-10-24T10:39:55.453Z,31,7,7,7,9,7,11,2,17,8,27,13,79,10,35,21,11
helio-workstation,2020-02-08T13:26:48.202Z,2,10,33,15,4,0,0,11,8,8,7,1,17,12,2,1,5
usingcombine,2019-07-25T01:00:42.244Z,0,0,0,0,0,0,0,2,37,8,10,2,36,32,3,5,7
github-trending-api,2020-01-09T07:23:58.074Z,13,38,6,19,24,30,11,16,20,12,39,30,33,2,15,5,4
fexo,2021-07-13T15:01:45.001Z,0,0,1,0,0,1,1,0,0,3,0,0,0,0,0,0,0
jekyll-spaceship,2021-07-15T06:50:55.878Z,5,38,12,0,33,12,5,9,0,0,9,11,14,9,0,3,0
xupdate,2021-07-20T19:27:30.615Z,12,3,4,8,7,6,1,5,2,1,12,1,4,1,3,0,0
notepads,2021-07-15T16:05:15.685Z,13,14,78,58,179,36,19,14,2,19,10,44,8,34,9,23,31
laravel-zero,2021-07-17T06:12:11.451Z,9,4,18,8,9,7,0,18,13,6,16,7,12,17,9,38,17
flatgeobuf,2021-05-10T18:01:04.938Z,30,0,6,49,13,15,34,12,104,27,0,10,5,24,48,8,16
inotify-tools,2021-07-22T10:38:20.686Z,5,15,25,1,20,44,32,9,38,1,19,9,4,8,41,9,13
codedrift,2025-01-04T07:04:21.825Z,0,0,0,0,0,0,0,0,0,0,0,0,0,0,0,0,0
fieldsets,2021-07-08T01:39:39.061Z,0,0,0,0,1,0,2,0,0,0,0,1,0,0,1,3,0
sunglasses4gh,2021-05-03T15:08:24.663Z,0,0,0,0,0,0,2,1,19,0,0,0,0,0,1,0,0
nest-cloud,2020-02-22T23:12:07.968Z,2,1,0,2,0,2,1,3,1,0,15,2,2,6,7,1,0
laravel-s,2021-07-17T05:41:19.114Z,26,15,24,18,15,16,7,1,11,31,6,4,11,13,9,3,7
swiftui,2021-08-08T10:48:47.278Z,1,0,0,0,0,0,0,1,0,0,0,0,0,0,1,0,0
substats,2021-07-10T09:21:56.643Z,21,3,2,0,0,0,0,0,0,0,0,0,1,3,2,25,1
kashgari,2021-07-21T04:14:53.788Z,19,18,12,16,14,9,0,3,21,3,3,7,2,7,2,2,0
jekyll-spaceship,2021-07-15T06:50:55.878Z,5,38,12,0,33,12,5,9,0,0,9,11,14,9,0,3,0
airform,2021-07-21T23:28:42.189Z,0,10,0,1,1,6,0,0,0,1,0,1,0,1,0,4,1
bassa,2021-07-20T18:35:08.203Z,3,0,2,2,0,0,0,0,0,0,0,0,0,0,0,0,0
substats,2021-07-10T09:21:56.643Z,21,3,2,0,0,0,0,0,0,0,0,0,1,3,2,25,1
xgo,2022-08-31T00:20:42.719Z,4,2,7,1,7,9,1,4,4,0,1,42,9,39,11,0,2
ants,2021-07-12T14:05:48.171Z,17,7,1,0,35,14,19,21,22,6,11,31,25,16,12,15,3
openshelter,2023-08-15T18:55:16.881Z,0,0,0,0,0,0,0,0,3,2,9,0,0,0,0,0,0
standard-readme,2021-07-13T04:38:13.332Z,3,4,4,0,0,0,0,0,0,0,1,0,0,0,0,0,0
tysimulator,2021-07-13T00:06:54.476Z,0,0,0,0,0,0,0,0,0,0,0,0,0,0,0,0,0
unofficial-shopee-php,2024-07-15T03:40:55.477Z,0,0,0,1,0,0,0,0,0,1,4,0,3,1,3,0,0
usingcombine,2019-07-25T01:00:42.244Z,0,0,0,0,0,0,0,2,37,8,10,2,36,32,3,5,7
v-selectpage,2021-07-21T23:29:52.495Z,9,1,3,0,0,0,5,2,1,0,0,0,0,0,0,0,0
copyissue-xcode-plugin,2021-07-17T05:41:06.289Z,0,0,0,0,0,0,0,0,0,0,0,0,0,0,0,0,0
lin-ui,2021-07-06T14:58:54.225Z,88,130,86,60,8,30,9,4,6,0,6,5,23,16,4,6,7
lin-ui,2021-07-06T14:58:54.225Z,88,130,86,60,8,30,9,4,6,0,6,5,23,16,4,6,7
vscodebeautify,2021-07-19T04:00:40.688Z,1,4,3,7,6,3,1,1,1,3,3,1,4,1,3,0,0
pongo2,2021-07-17T05:14:38.522Z,6,4,1,2,15,3,3,3,6,3,1,13,3,15,1,12,12
create-nw-react-app,2021-07-20T02:37:50.484Z,2,0,3,1,0,0,1,1,0,0,0,0,0,1,2,2,0
vscodebeautify,2021-07-19T04:00:40.688Z,1,4,3,7,6,3,1,1,1,3,3,1,4,1,3,0,0
codedrift,2025-01-04T07:04:21.825Z,0,0,0,0,0,0,0,0,0,0,0,0,0,0,0,0,0
apollonet,2021-07-13T14:50:58.192Z,2,28,10,3,10,7,15,0,12,5,2,2,6,0,2,0,3
create-nw-react-app,2021-07-20T02:37:50.484Z,2,0,3,1,0,0,1,1,0,0,0,0,0,1,2,2,0
carroted,2023-11-09T18:00:20.387Z,0,0,0,0,0,0,0,0,0,0,0,0,0,0,0,0,0
apollonet,2021-07-13T14:50:58.192Z,2,28,10,3,10,7,15,0,12,5,2,2,6,0,2,0,3
iris,2018-01-04T22:07:51.572Z,0,0,0,4,1,3,0,0,4,2,0,0,0,0,0,1,3
vue-drag-resize,2021-04-10T13:32:48.000Z,0,1,0,4,2,2,1,4,21,8,2,2,3,5,6,7,6
nginx-proxy-automation,2021-04-01T09:28:28.158Z,16,4,5,8,17,7,6,83,31,23,13,7,0,17,4,8,7
nginx-admins-handbook,2020-03-13T18:16:37.163Z,6,0,7,5,0,0,0,1,0,3,0,0,0,1,0,0,0
urlpattern-polyfill,2022-10-04T14:05:29.838Z,7,51,81,43,2,7,10,18,1,6,0,0,0,2,2,6,2
milkdown,2021-07-16T05:06:22.824Z,0,0,0,0,0,5,0,0,0,3,0,5,0,1,5,11,1
tinyfilemanager,2021-07-17T06:56:46.084Z,10,25,12,34,8,31,21,29,22,21,37,11,10,14,15,44,23
pterodactyl-installer,2021-08-08T10:50:33.153Z,97,99,35,24,12,71,21,30,80,12,18,12,53,34,5,29,52
mingyaulee-gh,2023-10-26T18:23:43.440Z,0,0,0,0,0,0,0,0,0,0,0,0,0,0,0,0,0
sollet,2021-12-07T13:34:52.079Z,0,0,0,0,0,0,0,0,0,0,0,0,0,0,0,0,0
swarmlet,2021-07-18T13:48:38.230Z,5,2,10,6,0,0,88,1,3,0,0,1,0,2,0,0,0
jodd,2021-07-19T04:17:10.934Z,0,1,4,3,1,0,1,0,0,1,0,0,0,2,0,5,1
yandex-music,2021-07-14T10:57:48.450Z,30,0,7,21,1153,6,8,0,2,6,9,0,1,2,3,59,0
puppeteer-screen-recorder,2023-11-11T18:07:37.557Z,8,0,5,5,1,5,1,1,3,1,6,9,3,2,2,8,4
puppeteer-screen-recorder,2023-11-11T18:07:37.557Z,8,0,5,5,1,5,1,1,3,1,6,9,3,2,2,8,4
iris,2018-01-04T22:07:51.572Z,0,0,0,4,1,3,0,0,4,2,0,0,0,0,0,1,3
librebooks,2020-06-27T23:47:56.503Z,0,0,0,0,0,0,0,0,0,0,0,0,0,0,0,0,0
graphql-java,2019-03-27T07:45:06.180Z,0,0,0,0,0,0,0,0,0,0,0,0,0,0,0,0,0
thegorgeouslogin,2019-10-28T23:42:08.451Z,0,1,0,0,0,1,3,1,3,0,0,0,0,0,0,1,0
react-cool-starter,2020-08-10T16:01:58.858Z,81,140,78,46,38,45,48,57,81,103,112,88,41,22,20,16,71
emelia-smith,2024-08-25T18:26:15.373Z,0,0,0,0,0,0,0,0,0,0,0,0,0,0,0,0,0
jsontokotlin,2021-07-19T12:21:00.187Z,6,4,10,14,5,9,54,5,13,4,5,2,5,1,0,0,2
jfoenix,2021-07-10T09:29:58.370Z,15,23,24,8,20,8,12,8,4,8,20,16,5,6,2,5,4
wee-slack,2021-07-17T06:57:31.148Z,10,24,12,33,40,28,18,6,9,14,5,24,6,2,16,24,18
letterpad,2021-07-08T19:57:30.980Z,0,0,0,0,0,0,0,11,1,0,2,0,3,1,3,6,3
taro,2019-11-21T02:04:14.540Z,7,3,6,17,3,6,2,3,6,4,0,1,9,16,12,8,145
jsontokotlin,2021-07-19T12:21:00.187Z,6,4,10,14,5,9,54,5,13,4,5,2,5,1,0,0,2
yii2-export,2020-03-18T15:40:35.401Z,3,4,6,4,3,3,1,8,6,2,5,5,12,0,8,8,1
podsframework,2021-07-22T06:16:10.631Z,10,88,7,10,6,20,11,10,2,11,5,33,9,18,130,86,48
mingyaulee-gh,2023-10-26T18:23:43.440Z,0,0,0,0,0,0,0,0,0,0,0,0,0,0,0,0,0
animatescroll,2021-07-24T23:44:47.372Z,0,0,0,0,0,0,0,0,0,1,0,0,0,0,0,0,0
usingcombine,2019-07-25T01:00:42.244Z,0,0,0,0,0,0,0,2,37,8,10,2,36,32,3,5,7
excel-parser-processor,2021-07-17T06:27:10.040Z,0,4,1,5,17,0,3,4,8,0,0,0,0,0,0,19,18
bolo,2021-07-08T08:20:16.997Z,0,0,0,0,0,0,0,0,0,0,0,0,0,0,0,0,0
magnify,2021-07-22T05:35:22.552Z,0,0,0,0,0,0,0,0,1,0,0,0,0,0,0,0,1
aq-org1,2024-09-09T13:08:13.682Z,0,3,5,0,5,12,1,5,65,50,22,10,28,29,1,2,1
taro,2019-11-21T02:04:14.540Z,7,3,6,17,3,6,2,3,6,4,0,1,9,16,12,8,145
react-awesome-loaders,2021-07-15T07:24:25.390Z,0,0,0,0,0,0,0,0,0,0,0,0,0,0,0,0,0
gowechat,2021-07-22T03:11:36.857Z,11,3,5,8,33,13,6,5,57,53,103,12,9,29,16,14,11
jaime-olivares-opensource,2021-07-08T08:58:15.866Z,0,0,0,0,0,7,0,0,0,0,0,1,0,0,0,0,0
tinyfilemanager,2021-07-17T06:56:46.084Z,10,25,12,34,8,31,21,29,22,21,37,11,10,14,15,44,23
nrjavaserial,2021-07-22T05:01:25.600Z,5,0,44,11,2,4,13,20,0,1,0,0,0,0,0,1,3
github-trending-api,2020-01-09T07:23:58.074Z,13,38,6,19,24,30,11,16,20,12,39,30,33,2,15,5,4
clinical-meteor,2021-07-20T18:41:34.150Z,0,0,0,0,0,0,0,0,0,0,0,0,0,0,0,0,0
dowww,2021-07-19T16:42:17.987Z,1,4,0,0,4,4,8,8,0,4,9,0,0,2,2,2,0
smproxy,2021-07-10T04:29:27.901Z,4,4,1,3,0,0,2,0,0,11,0,2,1,0,1,0,3
x6,2021-07-06T14:59:04.145Z,2,4,6,1,6,0,5,3,8,0,0,2,1,0,3,0,9
ramda-adjunct,2021-07-09T07:37:55.835Z,0,17,26,0,17,12,0,0,0,0,0,0,9,19,24,5,0
aq-org1,2024-09-09T13:08:13.682Z,0,3,5,0,5,12,1,5,65,50,22,10,28,29,1,2,1
animatescroll,2021-07-24T23:44:47.372Z,0,0,0,0,0,0,0,0,0,1,0,0,0,0,0,0,0
awesome-ai-books,2021-07-22T03:18:24.109Z,2,0,0,0,0,0,0,0,0,0,0,1,0,0,0,0,0
excel-parser-processor,2021-07-17T06:27:10.040Z,0,4,1,5,17,0,3,4,8,0,0,0,0,0,0,19,18
translatr,2021-07-06T08:23:04.109Z,0,0,1,0,0,0,0,0,0,0,0,0,0,0,0,0,0
gojieba,2021-07-06T15:03:39.442Z,4,2,9,2,3,4,0,0,0,2,1,0,1,0,0,0,2
taro,2019-11-21T02:04:14.540Z,7,3,6,17,3,6,2,3,6,4,0,1,9,16,12,8,145
ducklang,2021-03-06T10:28:57.255Z,0,0,0,3,0,0,0,0,1,0,0,0,0,0,0,0,0
react-awesome-loaders,2021-07-15T07:24:25.390Z,0,0,0,0,0,0,0,0,0,0,0,0,0,0,0,0,0
mattn-anko,2021-07-13T14:41:58.464Z,0,0,0,0,7,0,1,0,0,0,0,0,0,1,0,0,0
pomoday-project,2021-07-19T01:32:34.252Z,0,0,0,2,2,7,2,0,0,1,0,0,0,6,1,1,0
cppjieba,2021-07-21T00:15:54.623Z,3,0,0,0,3,1,0,3,1,1,0,0,0,0,0,0,0
yii2-export,2020-03-18T15:40:35.401Z,3,4,6,4,3,3,1,8,6,2,5,5,12,0,8,8,1
form-render,2021-07-13T20:49:55.171Z,0,2,0,0,0,4,14,0,1,0,0,0,1,0,0,3,0
simplestatemachine,2021-07-16T04:36:37.051Z,0,0,0,0,0,0,0,0,0,0,0,0,0,0,0,0,0
react-cool-starter,2020-08-10T16:01:58.858Z,81,140,78,46,38,45,48,57,81,103,112,88,41,22,20,16,71
umentorjs,2020-05-09T17:53:56.243Z,0,0,0,0,0,0,0,0,0,0,0,0,0,0,0,0,0
jfoenix,2021-07-10T09:29:58.370Z,15,23,24,8,20,8,12,8,4,8,20,16,5,6,2,5,4
nosqlclient,2021-07-11T04:52:01.146Z,0,3,9,0,12,9,0,0,21,0,0,0,3,0,0,0,0
excel-parser-processor,2021-07-17T06:27:10.040Z,0,4,1,5,17,0,3,4,8,0,0,0,0,0,0,19,18
vue-popper,2019-12-01T00:29:41.439Z,8,16,18,7,12,19,14,7,13,3,1,19,14,16,0,0,0
learning-rxjs,2021-07-19T00:51:48.915Z,0,0,0,0,0,0,0,0,0,0,0,0,0,0,0,0,0
x6,2021-07-06T14:59:04.145Z,2,4,6,1,6,0,5,3,8,0,0,2,1,0,3,0,9
excel-parser-processor,2021-07-17T06:27:10.040Z,0,4,1,5,17,0,3,4,8,0,0,0,0,0,0,19,18
pytition,2021-07-18T15:06:02.877Z,0,0,1,26,7,0,4,5,0,0,4,0,0,0,0,0,0
yii2-export,2020-03-18T15:40:35.401Z,3,4,6,4,3,3,1,8,6,2,5,5,12,0,8,8,1
thegorgeouslogin,2019-10-28T23:42:08.451Z,0,1,0,0,0,1,3,1,3,0,0,0,0,0,0,1,0
nomacs,2020-08-21T11:54:14.449Z,0,0,0,1,8,0,0,1,4,0,0,0,0,0,0,0,0
learning-rxjs,2021-07-19T00:51:48.915Z,0,0,0,0,0,0,0,0,0,0,0,0,0,0,0,0,0
emelia-smith,2024-08-25T18:26:15.373Z,0,0,0,0,0,0,0,0,0,0,0,0,0,0,0,0,0
vue-popper,2019-12-01T00:29:41.439Z,8,16,18,7,12,19,14,7,13,3,1,19,14,16,0,0,0
endpoints4s,2021-07-19T16:44:44.847Z,57,22,47,38,28,30,45,78,73,181,42,67,213,136,17,22,81
letterpad,2021-07-08T19:57:30.980Z,0,0,0,0,0,0,0,11,1,0,2,0,3,1,3,6,3
betterseqta-plus,2025-05-11T05:25:34.803Z,94,31,27,15,6,138,119,55,270,160,19,49,65,14,0,0,0
podsframework,2021-07-22T06:16:10.631Z,10,88,7,10,6,20,11,10,2,11,5,33,9,18,130,86,48
portal-2-community-edition,2021-05-21T12:21:37.779Z,0,0,0,0,0,0,0,0,0,0,0,0,0,0,0,0,0
p2panda,2025-02-01T22:38:54.571Z,0,9,12,48,117,73,144,62,42,69,51,59,17,72,26,143,113
ferrumc,2025-06-02T13:06:52.421Z,57,91,81,74,3,14,18,11,11,16,34,0,39,0,0,0,0
leptos,2025-02-19T14:42:14.073Z,5,13,23,1,35,15,12,15,93,267,260,249,169,117,205,139,101
ferrumc,2025-06-02T13:06:52.421Z,57,91,81,74,3,14,18,11,11,16,34,0,39,0,0,0,0
saumyaquake,2023-10-25T23:55:46.444Z,0,0,0,0,0,0,0,0,1,0,0,0,0,0,0,0,0
saumyaquake,2023-10-25T23:55:46.444Z,0,0,0,0,0,0,0,0,1,0,0,0,0,0,0,0,0
ofnusa,2021-08-17T15:11:42.739Z,1,0,0,8,0,0,0,0,0,0,0,0,0,1,0,0,0
meta-system-engine,2025-04-02T14:07:21.693Z,0,0,0,0,0,0,4,0,0,0,0,0,0,0,0,0,0
portal-2-community-edition,2021-05-21T12:21:37.779Z,0,0,0,0,0,0,0,0,0,0,0,0,0,0,0,0,0
podlite,2025-06-24T17:06:20.646Z,0,2,0,0,0,0,0,0,0,0,0,0,0,0,0,0,0
sdkman,2019-04-25T20:45:45.738Z,0,6,0,1,0,0,0,0,0,0,0,0,0,0,0,0,0
betterseqta-plus,2025-05-11T05:25:34.803Z,94,31,27,15,6,138,119,55,270,160,19,49,65,14,0,0,0
crypto-icons-font-068-npm,2025-01-28T00:10:32.957Z,0,0,0,0,0,0,0,0,0,0,0,0,0,0,0,0,0
surfacepsycho,2025-06-20T12:01:07.795Z,0,0,0,2,1,0,0,0,2,2,6,1,0,0,0,0,0
portal-2-community-edition,2021-05-21T12:21:37.779Z,0,0,0,0,0,0,0,0,0,0,0,0,0,0,0,0,0
voca,2022-10-11T09:22:49.766Z,0,0,0,0,0,0,0,0,0,0,0,0,0,0,0,0,0
saumyaquake,2023-10-25T23:55:46.444Z,0,0,0,0,0,0,0,0,1,0,0,0,0,0,0,0,0
puppetee-r,2025-03-25T09:02:53.946Z,105,45,4,80,55,14,156,181,217,232,136,135,206,159,258,131,0
