project_name,first_donation_date,-8月,-7月,-6月,-5月,-4月,-3月,-2月,-1月,0月,1月,2月,3月,4月,5月,6月,7月,8月,pre_avg,post_avg,pre_std,post_std,absolute_change,relative_change,pre_trend_r2,post_trend_r2,pre_trend_slope,post_trend_slope,pre_zscore,post_zscore,zscore_change
vllm,2024-05-01T07:26:22.904Z,5,4,7,9,15,21,26,33,32,42,40,48,57,46,49,39,52,15.0,46.625,10.703804397102395,6.186101934405635,31.625,2.1083333333333334,0.9300855005343784,0.07219518698753416,0.0,0.0,3.164346299624881,9.9311416192228,6.766795319597918
excalidraw,2020-01-25T21:16:30.999Z,0,0,0,0,0,0,0,7,26,15,19,25,15,11,15,13,8,0.875,15.125,2.4748737341529163,5.139135558215436,14.25,16.285714285714285,0.3333333333333334,0.41112077014713944,0.0,0.0,-0.5104878959571477,2.7353235751001397,3.245811471057287
uptime-kuma,2021-08-28T19:41:32.486Z,0,0,0,0,0,0,1,9,14,17,27,9,10,18,7,13,17,1.25,14.75,3.1509635714446826,6.4309519401985,13.5,10.8,0.39602603631380606,0.09507360802697594,0.0,0.0,-0.41292592616293455,2.64965907457487,3.062585000737805
yamada-ui,2024-03-06T20:36:17.138Z,1,1,1,2,6,7,17,22,21,21,21,20,12,23,33,19,16,7.125,20.625,8.096516005577426,6.06953752062591,13.5,1.894736842105263,0.8042573063003464,0.0005770606837014979,0.0,0.0,1.1155449339464047,3.9917362494707627,2.876191315524358
yamada-ui,2024-03-06T20:36:17.138Z,1,1,1,2,6,7,17,22,21,21,21,20,12,23,33,19,16,7.125,20.625,8.096516005577426,6.06953752062591,13.5,1.894736842105263,0.8042573063003464,0.0005770606837014979,0.0,0.0,1.1155449339464047,3.9917362494707627,2.876191315524358
yamada-ui,2024-03-06T20:36:17.138Z,1,1,1,2,6,7,17,22,21,21,21,20,12,23,33,19,16,7.125,20.625,8.096516005577426,6.06953752062591,13.5,1.894736842105263,0.8042573063003464,0.0005770606837014979,0.0,0.0,1.1155449339464047,3.9917362494707627,2.876191315524358
dokploy,2024-05-31T06:53:21.538Z,0,0,0,0,0,0,0,3,7,11,8,5,10,9,14,14,24,0.375,11.875,1.0606601717798212,5.743008171432708,11.5,30.666666666666668,0.3333333333333334,0.5571196534921495,0.0,0.0,-0.6405705223494319,1.9928979038811352,2.633468426230567
supabase-php,2022-12-12T20:26:41.542Z,26,32,26,31,33,27,38,33,37,41,40,37,42,45,45,44,44,30.75,42.25,4.200340122282616,2.8157719063467175,11.5,0.37398373983739835,0.3400809716599192,0.49592449592449606,0.0,0.0,7.2619490309818335,8.931722446427985,1.6697734154461514
supabase-php,2022-12-12T20:26:41.542Z,26,32,26,31,33,27,38,33,37,41,40,37,42,45,45,44,44,30.75,42.25,4.200340122282616,2.8157719063467175,11.5,0.37398373983739835,0.3400809716599192,0.49592449592449606,0.0,0.0,7.2619490309818335,8.931722446427985,1.6697734154461514
elk,2023-01-12T10:14:38.505Z,0,0,0,0,0,0,24,29,53,31,19,24,13,6,23,14,12,6.625,17.75,12.33968626598169,8.031189202104505,11.125,1.679245283018868,0.582625497718731,0.3720930232558141,0.0,0.0,0.9854623075541207,3.334975078777028,2.3495127712229076
ant-design-blazor,2020-03-29T16:33:58.442Z,0,0,0,0,1,1,1,1,5,5,13,16,15,11,11,11,10,0.5,11.5,0.5345224838248488,3.3806170189140663,11.0,22.0,0.761904761904762,0.002678571428571429,0.0,0.0,-0.6080498657513609,1.9072334033558653,2.5152832691072264
ant-design-blazor,2020-03-29T16:33:58.442Z,0,0,0,0,1,1,1,1,5,5,13,16,15,11,11,11,10,0.5,11.5,0.5345224838248488,3.3806170189140663,11.0,22.0,0.761904761904762,0.002678571428571429,0.0,0.0,-0.6080498657513609,1.9072334033558653,2.5152832691072264
codeeditapp,2022-03-30T03:59:21.133Z,0,0,0,0,0,0,0,0,18,22,15,8,11,7,12,8,3,0.0,10.75,0.0,5.800246300189082,10.75,inf,0.0,0.6470528763522394,0.0,0.0,-0.7381324921436451,1.7359044023053258,2.474036894448971
univer,2023-12-26T03:21:20.578Z,4,0,4,3,5,5,7,11,9,11,11,15,15,17,20,16,15,4.875,15.0,3.181980515339464,2.9760952365713798,10.125,2.076923076923077,0.665238935080205,0.47043010752688175,0.0,0.0,0.530173115181126,2.7067687415917163,2.1765956264105903
univer,2023-12-26T03:21:20.578Z,4,0,4,3,5,5,7,11,9,11,11,15,15,17,20,16,15,4.875,15.0,3.181980515339464,2.9760952365713798,10.125,2.076923076923077,0.665238935080205,0.47043010752688175,0.0,0.0,0.530173115181126,2.7067687415917163,2.1765956264105903
stdlib,2023-11-17T14:10:02.043Z,5,4,7,5,4,4,4,5,5,6,5,19,29,23,10,14,11,4.75,14.625,1.0350983390135313,8.4335638967165,9.875,2.0789473684210527,0.07936507936507936,0.026409860956684964,0.0,0.0,0.4976524585830549,2.6211042410664467,2.1234517824833916
helix-editor,2022-04-26T11:11:18.858Z,14,10,14,18,17,21,15,12,21,23,26,27,23,25,33,21,22,15.125,25.0,3.48209706929603,3.8172540616821107,9.875,0.6528925619834711,0.06739603057717933,0.008403361344537816,0.0,0.0,3.196866956222952,4.991155422265576,1.7942884660426244
mudblazor,2020-11-12T21:16:48.785Z,0,0,0,0,0,1,3,6,10,9,10,5,6,11,14,20,12,1.25,10.875,2.187627547301936,4.733995594179856,9.625,7.7,0.6396588486140727,0.4025422121039652,0.0,0.0,-0.41292592616293455,1.764459235813749,2.1773851619766837
astrodotbuild,2021-08-14T02:58:28.579Z,0,0,0,5,7,6,8,15,22,20,16,18,12,15,11,12,13,5.125,14.625,5.19443383412888,3.2043497223082786,9.5,1.853658536585366,0.8579937600453815,0.626832298136646,0.0,0.0,0.595214428377268,2.6211042410664467,2.0258898126891784
element-plus,2020-10-28T12:46:33.634Z,0,0,0,0,0,7,10,11,12,13,15,10,10,10,10,16,13,3.5,12.125,4.956957592256421,2.4748737341529163,8.625,2.4642857142857144,0.7580287929125138,0.0034707760655282517,0.0,0.0,0.17244589260234436,2.0500075708979817,1.8775616782956372
intelowl-project,2022-12-27T21:13:38.393Z,4,6,4,4,4,4,6,4,5,10,12,12,14,14,7,17,17,4.5,12.875,0.9258200997725514,3.399054490379851,8.375,1.8611111111111112,0.0,0.2562007801575036,0.0,0.0,0.43261114538691275,2.221336571948521,1.7887254265616082
selfdefined,2020-03-08T22:52:50.373Z,0,1,2,5,8,2,4,13,9,6,36,19,3,17,0,7,10,4.375,12.25,4.307385683749649,11.585088938557428,7.875,1.8,0.5445254136303224,0.1621936693783421,0.0,0.0,0.40009048878884174,2.078562404406405,1.6784719156175634
lfortran,2022-04-05T20:08:53.196Z,6,6,3,3,2,4,4,6,3,4,6,11,17,18,18,11,10,4.25,11.875,1.5811388300841898,5.383506557731945,7.625,1.7941176470588236,0.0217687074829932,0.23240325088753927,0.0,0.0,0.36756983219077066,1.9928979038811352,1.6253280716903644
logseq,2020-09-22T11:25:49.718Z,0,1,1,1,1,1,2,4,5,9,8,9,8,8,11,8,11,1.375,9.0,1.1877349391654206,1.3093073414159542,7.625,5.545454545454546,0.6564195298372517,0.1984126984126984,0.0,0.0,-0.38040526956486354,1.3361367331874003,1.7165420027522638
ngrx,2017-07-18T17:14:03.380Z,0,0,0,1,3,3,0,4,14,8,7,10,10,10,4,10,10,1.375,8.625,1.6850180160122068,2.1998376563477846,7.25,5.2727272727272725,0.45552560646900286,0.021261641187840456,0.0,0.0,-0.38040526956486354,1.2504722326621305,1.6308775022269941
prowlarr,2021-05-30T21:18:43.442Z,6,4,3,3,3,5,4,4,10,18,15,13,7,10,9,8,10,4.0,11.25,1.0690449676496976,3.770183777256185,7.25,1.8125,0.04761904761904762,0.598229241445322,0.0,0.0,0.30252851899462857,1.8501237363390188,1.5475952173443903
azerothcore,2020-08-09T18:17:35.271Z,9,8,8,11,13,12,5,9,15,10,9,16,15,24,15,20,21,9.375,16.25,2.5599944196367748,5.230405611149374,6.875,0.7333333333333333,0.00012975217334890366,0.5919433047370384,0.0,0.0,1.7009167527116837,2.992317076675949,1.2914003239642653
azerothcore,2020-08-09T18:17:35.271Z,9,8,8,11,13,12,5,9,15,10,9,16,15,24,15,20,21,9.375,16.25,2.5599944196367748,5.230405611149374,6.875,0.7333333333333333,0.00012975217334890366,0.5919433047370384,0.0,0.0,1.7009167527116837,2.992317076675949,1.2914003239642653
keyshade,2024-04-24T19:54:14.123Z,0,0,0,0,7,7,5,9,5,11,10,13,4,16,12,8,8,3.5,10.25,3.8913824205360674,3.6547425158474374,6.75,1.9285714285714286,0.7556154537286612,0.030812324929971997,0.0,0.0,0.17244589260234436,1.6216850682716328,1.4492391756692884
catppuccin,2022-08-30T23:27:35.724Z,1,3,3,3,2,3,4,3,6,7,6,6,9,20,10,10,7,2.75,9.375,0.8864052604279183,4.596194077712559,6.625,2.409090909090909,0.3506493506493506,0.07442740409773378,0.0,0.0,-0.022678046986081946,1.42180123371267,1.4444792806987519
yew,2020-01-11T17:09:35.853Z,2,2,4,9,4,4,4,8,9,7,17,12,11,9,12,12,9,4.625,11.125,2.5599944196367748,2.9970223317724636,6.5,1.4054054054054055,0.28662255092772804,0.015999242639401688,0.0,0.0,0.46513180198498383,1.8215689028305955,1.3564371008456115
supabase-supasquad,2021-06-23T05:00:35.976Z,5,13,9,12,9,12,11,19,11,14,16,14,13,25,16,24,20,11.25,17.75,4.026696625558686,4.6827952580239325,6.5,0.5777777777777777,0.4633941682399834,0.3877772607414302,0.0,0.0,2.1887266016827494,3.334975078777028,1.1462484770942787
strapi,2018-05-25T19:29:12.899Z,4,4,4,4,6,9,8,9,9,12,12,12,12,14,13,11,13,6.0,12.375,2.3299294900428698,0.9161253813129042,6.375,1.0625,0.81203007518797,0.04964539007092201,0.0,0.0,0.8228590245637654,2.107117237914828,1.2842582133510625
il-libro-open-source,2023-10-10T07:48:29.635Z,0,0,0,0,0,1,3,8,6,4,11,15,6,3,8,8,8,1.5,7.875,2.8284271247461903,3.833592123769634,6.375,4.25,0.5820578231292517,0.007001099346178326,0.0,0.0,-0.34788461296679246,1.079143231611591,1.4270278445783835
sequelize,2021-10-07T19:51:56.840Z,0,4,1,1,3,1,0,1,6,8,10,8,7,5,8,8,8,1.375,7.75,1.4078859531733587,1.3887301496588271,6.375,4.636363636363637,0.05190905190905193,0.0634920634920635,0.0,0.0,-0.38040526956486354,1.0505883981031678,1.4309936676680315
verdaccio,2018-05-03T22:26:59.247Z,1,2,3,3,9,6,8,5,10,17,15,15,8,14,5,6,7,4.625,10.875,2.8753881725529062,4.823676724538776,6.25,1.3513513513513513,0.5480818677362955,0.7060994773964846,0.0,0.0,0.46513180198498383,1.764459235813749,1.2993274338287653
servo,2024-02-19T18:34:11.841Z,12,11,12,9,10,9,12,12,15,17,17,11,16,16,18,20,21,10.875,17.0,1.3562026818605375,3.0237157840738176,6.125,0.5632183908045977,0.004160887656033288,0.3809523809523811,0.0,0.0,2.091164631888536,3.1636460777264883,1.0724814458379521
webpack,2016-10-15T15:48:09.612Z,1,1,1,2,4,1,3,5,7,5,10,15,9,10,10,1,7,2.25,8.375,1.5811388300841898,4.138236339311712,6.125,2.7222222222222223,0.5442176870748298,0.10055116937285864,0.0,0.0,-0.15276067337836616,1.193362565645284,1.3461232390236502
chakra-ui,2019-10-12T15:26:27.648Z,0,0,0,0,1,2,3,7,6,5,4,5,9,9,6,8,12,1.625,7.25,2.445841952609133,2.712405363721075,5.625,3.4615384615384617,0.7165600568585644,0.5991678224687933,0.0,0.0,-0.3153639563687214,0.9363690640694747,1.2517330204381962
gtk-rs,2020-04-02T16:48:36.029Z,6,2,3,3,3,4,10,6,10,14,5,10,8,12,12,8,11,4.625,10.0,2.615202805574687,2.8784916685156974,5.375,1.162162162162162,0.2298893447718513,0.001642036124794746,0.0,0.0,0.46513180198498383,1.5645754012547863,1.0994435992698026
tusky,2019-02-01T15:06:01.276Z,8,6,11,7,8,8,5,5,10,11,12,16,15,10,13,13,11,7.25,12.625,1.9820624179302297,2.0658792662827956,5.375,0.7413793103448276,0.2502164502164503,0.016138673042438736,0.0,0.0,1.1480655905444759,2.1642269049316747,1.0161613143871988
jellyfin,2019-02-07T05:23:11.906Z,0,0,1,0,1,1,17,18,14,14,8,6,11,8,8,13,13,4.75,10.125,7.887603293414655,2.9970223317724636,5.375,1.131578947368421,0.6142911814553608,0.04174950298210737,0.0,0.0,0.4976524585830549,1.5931302347632095,1.0954777761801546
amethyst,2018-11-27T09:01:25.452Z,5,7,6,6,6,12,12,19,16,16,12,11,12,16,16,19,13,9.125,14.375,4.85320218294802,2.774243783705493,5.25,0.5753424657534246,0.7177515433770173,0.12031819688432221,0.0,0.0,1.6358754395155415,2.5639945740496,0.9281191345340585
lando,2019-12-31T16:49:24.544Z,4,9,11,12,5,5,6,5,6,8,9,24,13,15,13,10,6,7.125,12.25,3.090885217631258,5.599744892148467,5.125,0.7192982456140351,0.09692923898531378,0.04338865386701377,0.0,0.0,1.1155449339464047,2.078562404406405,0.9630174704600003
opensourcebim,2020-12-29T21:05:11.578Z,4,4,3,5,5,4,7,12,13,13,10,9,9,12,7,13,12,5.5,10.625,2.8784916685156974,2.1998376563477846,5.125,0.9318181818181818,0.5619868637110018,0.004392901071867861,0.0,0.0,0.6927763981714812,1.7073495687969025,1.0145731706254213
mvvmcross,2017-04-25T12:51:57.157Z,10,10,9,7,6,6,8,8,11,16,13,10,16,12,13,9,15,8.0,13.0,1.6035674514745462,2.6186146828319083,5.0,0.625,0.38227513227513243,0.060019841269841286,0.0,0.0,1.3431895301329022,2.2498914054569443,0.9067018753240421
sched-ext,2024-11-22T20:28:52.938Z,7,8,11,13,9,11,13,11,17,13,13,9,17,14,15,23,19,10.375,15.375,2.1998376563477846,4.274091382136927,5.0,0.4819277108433735,0.4218942189421896,0.5329330168039845,0.0,0.0,1.9610820054962521,2.792433242116986,0.8313512366207338
zrythm,2020-04-13T13:19:09.046Z,4,5,7,1,3,3,3,6,6,6,6,7,10,18,9,8,8,4.0,9.0,1.927248223318863,3.8913824205360674,5.0,1.25,0.008241758241758242,0.08108715184186882,0.0,0.0,0.30252851899462857,1.3361367331874003,1.0336082141927718
gotosocial,2022-06-01T19:43:13.733Z,3,3,4,5,3,3,6,10,5,5,5,4,6,16,14,16,10,4.625,9.5,2.445841952609133,5.18238775634773,4.875,1.054054054054054,0.49481165600568616,0.535081053698075,0.0,0.0,0.46513180198498383,1.4503560672210933,0.9852242652361095
autokeras,2018-11-12T17:09:26.328Z,1,2,1,1,3,10,3,4,6,10,17,10,12,5,0,6,3,3.125,7.875,2.9970223317724636,5.436319658424385,4.75,1.52,0.28637697623781133,0.5720328010358222,0.0,0.0,0.0748839228081312,1.079143231611591,1.0042593088034597
kornia,2021-05-22T10:17:27.484Z,7,9,6,5,3,2,4,6,10,11,8,9,11,15,10,6,9,5.25,9.875,2.2519832529192065,2.6423744732991303,4.625,0.8809523809523809,0.35479543930248164,0.03519668737060042,0.0,0.0,0.6277350849753391,1.536020567746363,0.9082854827710238
ccxt,2018-01-17T20:56:56.622Z,1,2,4,7,7,10,10,14,13,13,12,10,12,9,13,14,9,6.875,11.5,4.421942042651783,1.927248223318863,4.625,0.6727272727272727,0.9654707545118506,0.03296703296703297,0.0,0.0,1.0505036207502627,1.9072334033558653,0.8567297826056026
reactive-resume,2023-11-25T04:39:03.334Z,2,2,3,2,4,3,0,0,6,9,8,9,8,4,8,4,3,2.0,6.625,1.4142135623730951,2.5035688811888406,4.625,2.3125,0.20578231292517005,0.6459096459096458,0.0,0.0,-0.21780198657450825,0.7935948965273586,1.011396883101867
openapi_generator,2019-04-09T10:14:07.133Z,11,14,12,8,10,8,8,14,10,12,11,16,14,13,16,19,21,10.625,15.25,2.5599944196367748,3.4537764010675946,4.625,0.43529411764705883,0.0468405345789542,0.741659538066724,0.0,0.0,2.0261233186923944,2.763878408608563,0.7377550899161687
formik,2019-09-27T10:52:46.349Z,4,4,2,2,5,6,4,3,1,2,15,9,16,8,3,4,10,3.75,8.375,1.3887301496588271,5.262739645035518,4.625,1.2333333333333334,0.028218694885361557,0.019188848976083018,0.0,0.0,0.23748720579848648,1.193362565645284,0.9558753598467975
cinny,2021-09-19T18:59:15.653Z,0,0,0,0,0,0,3,4,6,6,3,3,8,4,6,5,7,0.875,5.25,1.6420805617960925,1.8322507626258084,4.375,5.0,0.5830968148848944,0.12259371833839924,0.0,0.0,-0.5104878959571477,0.4794917279347028,0.9899796238918506
external-secrets-org,2021-06-30T13:00:56.431Z,0,3,3,3,4,5,4,11,6,8,12,9,11,5,4,10,9,4.125,8.5,3.1367635732209265,2.7774602993176543,4.375,1.0606060606060606,0.6845562181315358,0.0634920634920635,0.0,0.0,0.33504917559269964,1.2219173991537073,0.8868682235610077
drogon,2023-04-08T18:15:01.838Z,3,3,1,4,1,3,3,6,2,6,5,9,12,3,5,10,8,3.0,7.25,1.6035674514745462,3.011881234615431,4.25,1.4166666666666667,0.19047619047619055,0.030371203599550048,0.0,0.0,0.04236326621006016,0.9363690640694747,0.8940057978594146
kivymd,2020-04-28T12:53:31.566Z,2,5,5,4,4,3,2,3,1,10,4,5,11,7,8,11,6,3.5,7.75,1.1952286093343936,2.712405363721075,4.25,1.2142857142857142,0.11666666666666672,0.01664355062413315,0.0,0.0,0.17244589260234436,1.0505883981031678,0.8781425055008235
plyr,2020-03-14T10:37:59.710Z,0,3,2,0,0,0,2,5,5,5,3,3,4,4,4,6,17,1.5,5.75,1.8516401995451028,4.652188425123938,4.25,2.8333333333333335,0.14285714285714288,0.40876944837340884,0.0,0.0,-0.34788461296679246,0.5937110619683958,0.9415956749351884
plyr,2020-03-14T10:37:59.710Z,0,3,2,0,0,0,2,5,5,5,3,3,4,4,4,6,17,1.5,5.75,1.8516401995451028,4.652188425123938,4.25,2.8333333333333335,0.14285714285714288,0.40876944837340884,0.0,0.0,-0.34788461296679246,0.5937110619683958,0.9415956749351884
milkdown,2021-07-16T05:06:22.824Z,0,0,0,0,1,3,2,2,2,4,6,3,4,7,7,6,5,1.0,5.25,1.1952286093343936,1.4880476182856899,4.25,4.25,0.6880952380952383,0.18586789554531497,0.0,0.0,-0.47796723935907665,0.4794917279347028,0.9574589672937794
hoppscotch,2019-10-14T16:13:59.176Z,0,0,0,0,0,0,15,18,13,15,11,9,10,5,5,7,4,4.125,8.25,7.679983258910325,3.7321001364608946,4.125,1.0,0.5824575061632282,0.7934065934065937,0.0,0.0,0.33504917559269964,1.1648077321368608,0.8297585565441612
bookwyrm,2021-02-21T15:56:41.081Z,2,0,2,1,1,5,4,4,10,6,8,8,6,4,7,7,6,2.375,6.5,1.7677669529663689,1.3093073414159542,4.125,1.736842105263158,0.5031292517006802,0.0496031746031746,0.0,0.0,-0.1202400167802951,0.7650400630189353,0.8852800797992304
stc,2022-11-06T12:44:07.966Z,0,0,0,0,0,0,0,9,11,8,6,12,5,5,2,2,1,1.125,5.125,3.181980515339464,3.6425069859723185,4.0,3.5555555555555554,0.3333333333333334,0.6281484329936552,0.0,0.0,-0.4454465827610056,0.45093689442627954,0.8963834771872852
neovim,2020-09-14T02:34:22.376Z,10,11,10,13,13,11,9,12,14,13,19,12,12,15,14,17,19,11.125,15.125,1.4577379737113252,2.900123150094541,4.0,0.3595505617977528,0.019607843137254905,0.16995248205439295,0.0,0.0,2.1562059450846784,2.7353235751001397,0.5791176300154612
discordpy,2022-04-03T00:50:44.364Z,22,0,0,0,0,0,17,41,27,26,17,21,16,12,11,4,5,10.0,14.0,15.371587890836595,7.559289460184544,4.0,0.4,0.17102838717107166,0.9005357142857144,0.0,0.0,1.863520035702039,2.4783300735243303,0.6148100378222914
sagernet,2021-05-01T05:40:57.455Z,0,0,0,0,0,0,0,5,3,4,2,7,7,1,3,6,7,0.625,4.625,1.7677669529663689,2.445841952609133,4.0,6.4,0.3333333333333333,0.0751954513148543,0.0,0.0,-0.5755292091532899,0.33671756039258655,0.9122467695458765
vuetify,2018-11-08T00:51:10.929Z,10,9,5,5,12,9,6,10,9,10,10,14,13,10,12,16,13,8.25,12.25,2.6049403612586386,2.187627547301936,4.0,0.48484848484848486,0.002005012531328321,0.31343283582089565,0.0,0.0,1.4082308433290442,2.078562404406405,0.6703315610773608
erxes,2018-01-15T22:38:40.546Z,1,1,1,2,4,5,5,6,6,10,6,8,6,4,8,7,7,3.125,7.0,2.100170061141308,1.7728105208558367,3.875,1.24,0.9178716020821284,0.08766233766233765,0.0,0.0,0.0748839228081312,0.8792593970526283,0.8043754742444972
react-admin,2022-01-27T02:31:10.515Z,4,8,4,2,7,5,4,6,8,7,10,8,9,7,8,11,11,5.0,8.875,1.927248223318863,1.6420805617960925,3.875,0.775,0.0009157509157509159,0.3030589719331442,0.0,0.0,0.562693771779197,1.307581899678977,0.74488812789978
walletconnect,2022-01-19T14:43:11.817Z,0,0,0,0,0,0,0,0,0,0,1,3,6,8,5,6,2,0.0,3.875,0.0,2.7998724460742337,3.875,inf,0.0,0.23961384098058358,0.0,0.0,-0.7381324921436451,0.16538855934204702,0.9035210514856921
vuepress-theme-hope,2021-09-13T00:38:32.733Z,0,0,0,0,1,1,1,1,1,1,0,1,2,4,4,8,14,0.5,4.25,0.5345224838248488,4.6827952580239325,3.75,7.5,0.761904761904762,0.7819140685590198,0.0,0.0,-0.6080498657513609,0.2510530598673168,0.8591029256186777
quinn-rs,2024-03-22T21:21:44.708Z,3,5,3,4,3,5,4,6,8,7,5,6,8,6,10,8,13,4.125,7.875,1.1259916264596033,2.5877458475338284,3.75,0.9090909090909091,0.295774647887324,0.5700317460317459,0.0,0.0,0.33504917559269964,1.079143231611591,0.7440940560188913
monitorcontrol,2021-08-19T19:31:47.381Z,1,0,0,1,0,1,1,3,12,13,11,2,1,4,4,2,0,0.875,4.625,0.9910312089651149,4.779046527738113,3.75,4.285714285714286,0.3818181818181819,0.6005063479653006,0.0,0.0,-0.5104878959571477,0.33671756039258655,0.8472054563497342
vuepress-theme-hope,2021-09-13T00:38:32.733Z,0,0,0,0,1,1,1,1,1,1,0,1,2,4,4,8,14,0.5,4.25,0.5345224838248488,4.6827952580239325,3.75,7.5,0.761904761904762,0.7819140685590198,0.0,0.0,-0.6080498657513609,0.2510530598673168,0.8591029256186777
tahoe-lafs,2020-06-22T08:22:28.915Z,3,2,3,3,3,3,3,2,5,6,7,7,7,6,8,7,4,2.75,6.5,0.4629100498862757,1.1952286093343936,3.75,1.3636363636363635,0.015873015873015876,0.08571428571428573,0.0,0.0,-0.022678046986081946,0.7650400630189353,0.7877181100050172
quinn-rs,2024-03-22T21:21:44.708Z,3,5,3,4,3,5,4,6,8,7,5,6,8,6,10,8,13,4.125,7.875,1.1259916264596033,2.5877458475338284,3.75,0.9090909090909091,0.295774647887324,0.5700317460317459,0.0,0.0,0.33504917559269964,1.079143231611591,0.7440940560188913
clojure-lsp,2021-01-10T02:03:17.960Z,2,2,1,6,1,1,1,6,10,9,6,8,6,4,5,8,3,2.5,6.125,2.2038926600773587,2.100170061141308,3.625,1.45,0.05672268907563026,0.3564680933101986,0.0,0.0,-0.08771936018222405,0.6793755624936656,0.7670949226758896
react-hook-form,2019-09-23T19:35:01.451Z,0,0,1,3,1,4,7,4,4,8,8,7,7,4,5,4,6,2.5,6.125,2.449489742783178,1.6420805617960925,3.625,1.45,0.6944444444444446,0.5830968148848944,0.0,0.0,-0.08771936018222405,0.6793755624936656,0.7670949226758896
react-native-elements,2017-04-16T07:36:50.231Z,0,3,2,2,3,5,5,7,9,9,6,10,4,2,10,5,9,3.375,6.875,2.1998376563477846,3.044315545875155,3.5,1.037037037037037,0.8365840801265154,0.004495825305073861,0.0,0.0,0.1399252360042733,0.8507045635442051,0.7107793275399318
amogos,2021-08-12T20:08:35.183Z,0,0,0,0,0,2,3,3,2,7,6,7,7,4,5,0,0,1.0,4.5,1.4142135623730951,2.9760952365713798,3.5,3.5,0.7500000000000001,0.7434715821812599,0.0,0.0,-0.47796723935907665,0.3081627268841633,0.7861299662432399
raspbernetes,2020-08-03T00:50:28.876Z,1,0,1,0,1,4,4,1,4,0,2,14,5,5,7,3,4,1.5,5.0,1.6035674514745462,4.208834246473209,3.5,2.3333333333333335,0.29761904761904767,0.006912442396313368,0.0,0.0,-0.34788461296679246,0.4223820609178563,0.7702666738846488
raspbernetes,2020-08-03T00:50:28.876Z,1,0,1,0,1,4,4,1,4,0,2,14,5,5,7,3,4,1.5,5.0,1.6035674514745462,4.208834246473209,3.5,2.3333333333333335,0.29761904761904767,0.006912442396313368,0.0,0.0,-0.34788461296679246,0.4223820609178563,0.7702666738846488
react-spring,2018-07-20T20:10:15.267Z,0,0,0,0,1,12,3,3,3,7,4,7,6,7,6,6,4,2.375,5.875,4.103569874424672,1.2464234547582247,3.5,1.4736842105263157,0.26910064131697226,0.09250136836343736,0.0,0.0,-0.1202400167802951,0.6222658954768191,0.7425059122571142
openapi-ts,2024-07-11T23:51:26.263Z,2,3,2,6,4,3,6,8,18,15,9,10,6,9,6,2,5,4.25,7.75,2.187627547301936,3.918819064098629,3.5,0.8235294117647058,0.5977256574271501,0.7196013289036546,0.0,0.0,0.36756983219077066,1.0505883981031678,0.6830185659123972
babashka,2020-03-31T13:19:37.998Z,0,3,2,3,4,4,2,7,4,8,8,8,5,6,7,6,4,3.125,6.5,2.03100960115899,1.5118578920369088,3.375,1.08,0.5361781076066792,0.5952380952380953,0.0,0.0,0.0748839228081312,0.7650400630189353,0.6901561402108042
networkx,2022-04-05T20:16:44.446Z,7,3,5,5,5,8,5,7,8,13,13,11,5,4,10,9,7,5.625,9.0,1.5979898086569353,3.4226138716316967,3.375,0.6,0.12021312021312018,0.3162020905923347,0.0,0.0,0.7252970547695522,1.3361367331874003,0.6108396784178481
detekt,2022-01-25T02:28:52.756Z,10,8,10,10,7,10,11,9,14,11,11,13,13,14,17,11,12,9.375,12.75,1.3024701806293193,2.052872551885702,3.375,0.36,0.012531328320802,0.08071025020177562,0.0,0.0,1.7009167527116837,2.192781738440098,0.4918649857284143
mytestedaspnet,2019-07-13T19:02:23.178Z,0,1,1,1,1,1,1,1,3,7,8,5,4,3,2,3,2,0.875,4.25,0.3535533905932738,2.2519832529192065,3.375,3.857142857142857,0.3333333333333334,0.8215962441314555,0.0,0.0,-0.5104878959571477,0.2510530598673168,0.7615409558244646
mautic,2020-08-14T01:20:26.098Z,12,13,12,13,14,10,11,10,16,9,13,15,14,15,19,19,17,11.875,15.125,1.4577379737113252,3.3139316313320126,3.25,0.2736842105263158,0.3365346138455382,0.7588850174216031,0.0,0.0,2.3513298846731048,2.7353235751001397,0.3839936904270349
chatwoot,2021-04-19T10:07:08.051Z,5,9,12,11,5,7,8,7,7,7,6,9,13,14,18,15,8,8.0,11.25,2.5634797778466227,4.334248987508019,3.25,0.40625,0.01863354037267081,0.28969762810066985,0.0,0.0,1.3431895301329022,1.8501237363390188,0.5069342062061166
wemake-python-styleguide,2019-07-04T12:36:55.325Z,5,3,3,5,4,4,3,5,5,5,6,15,7,3,2,7,12,4.0,7.125,0.9258200997725514,4.38951673226759,3.125,0.78125,0.003968253968253969,0.005340041484619799,0.0,0.0,0.30252851899462857,0.9078142305610516,0.605285711566423
ngxs,2018-04-08T02:12:47.664Z,0,0,0,0,0,0,3,9,17,6,7,5,1,5,3,5,5,1.5,4.625,3.2071349029490923,1.8468119248354136,3.125,2.0833333333333335,0.5029761904761906,0.09000249314385442,0.0,0.0,-0.34788461296679246,0.33671756039258655,0.684602173359379
cusdis,2021-04-23T12:51:02.349Z,0,0,0,0,0,0,0,0,19,9,5,1,3,1,2,4,0,0.0,3.125,0.0,2.900123150094541,3.125,inf,0.0,0.453846931553938,0.0,0.0,-0.7381324921436451,-0.005940441708492503,0.7321920504351526
wemake-python-styleguide,2019-07-04T12:36:55.325Z,5,3,3,5,4,4,3,5,5,5,6,15,7,3,2,7,12,4.0,7.125,0.9258200997725514,4.38951673226759,3.125,0.78125,0.003968253968253969,0.005340041484619799,0.0,0.0,0.30252851899462857,0.9078142305610516,0.605285711566423
jreleaser,2021-07-14T15:15:24.064Z,2,0,1,1,2,1,4,6,2,2,3,14,10,4,3,3,2,2.125,5.125,1.9594095320493146,4.421942042651783,3.0,1.411764705882353,0.5317829457364343,0.06614481409001959,0.0,0.0,-0.1852813299764372,0.45093689442627954,0.6362182244027168
axmol,2024-01-10T04:58:05.127Z,4,4,6,3,5,6,7,11,11,10,7,8,10,11,9,6,9,5.75,8.75,2.4928469095164494,1.6690459207925603,3.0,0.5217391304347826,0.5960591133004928,0.019536019536019543,0.0,0.0,0.7578177113676233,1.2790270661705538,0.5212093548029305
blazorise,2022-06-01T08:32:00.756Z,2,3,3,4,3,3,4,9,3,7,5,11,5,10,4,7,6,3.875,6.875,2.1671244937540095,2.4748737341529163,3.0,0.7741935483870968,0.5086003983342386,0.02346244620297098,0.0,0.0,0.2700078623965575,0.8507045635442051,0.5806967011476476
komga,2020-06-13T23:42:15.416Z,1,1,2,2,2,2,2,3,2,5,5,3,3,3,2,4,14,1.875,4.875,0.6408699444616557,3.833592123769634,3.0,1.6,0.7474120082815735,0.17502748365445814,0.0,0.0,-0.2503226431725793,0.39382722740943304,0.6441498705820123
dosbox-staging,2021-05-11T21:26:58.073Z,5,7,6,6,7,6,5,11,8,10,10,10,10,10,7,13,6,6.625,9.5,1.922609833384967,2.138089935299395,2.875,0.4339622641509434,0.25051759834368537,0.0900297619047619,0.0,0.0,0.9854623075541207,1.4503560672210933,0.46489375966697266
matplotlib,2022-04-05T20:09:36.646Z,16,14,14,18,12,17,15,12,16,17,14,14,19,20,22,18,17,14.75,17.625,2.187627547301936,2.774243783705493,2.875,0.19491525423728814,0.07107320540156362,0.22373218428902883,0.0,0.0,3.0993049864287388,3.3064202452686047,0.20711525883986592
losslesscut,2019-12-03T19:53:46.858Z,1,1,1,0,2,1,1,1,1,0,1,4,6,12,1,3,4,1.0,3.875,0.5345224838248488,3.833592123769634,2.875,2.875,0.011904761904761906,0.07087889833940868,0.0,0.0,-0.47796723935907665,0.16538855934204702,0.6433557987011237
umap,2023-08-16T15:56:52.817Z,0,1,2,2,2,3,5,3,4,5,5,4,7,5,5,5,4,2.25,5.0,1.4880476182856899,0.9258200997725514,2.75,1.2222222222222223,0.7434715821812599,0.03571428571428572,0.0,0.0,-0.15276067337836616,0.4223820609178563,0.5751427342962224
umap,2023-08-16T15:56:52.817Z,0,1,2,2,2,3,5,3,4,5,5,4,7,5,5,5,4,2.25,5.0,1.4880476182856899,0.9258200997725514,2.75,1.2222222222222223,0.7434715821812599,0.03571428571428572,0.0,0.0,-0.15276067337836616,0.4223820609178563,0.5751427342962224
vueuse,2020-10-31T05:40:21.175Z,3,5,3,4,4,1,3,3,3,7,5,9,5,7,5,6,4,3.25,6.0,1.1649647450214349,1.6035674514745462,2.75,0.8461538461538461,0.1604010025062657,0.2235449735449736,0.0,0.0,0.10740457940620227,0.6508207289852423,0.54341614957904
livetl,2021-02-27T18:32:12.657Z,0,0,0,0,0,6,5,6,5,3,4,5,4,7,6,6,4,2.125,4.875,2.948970764763288,1.3562026818605375,2.75,1.2941176470588236,0.706463283465337,0.24456773000462326,0.0,0.0,-0.1852813299764372,0.39382722740943304,0.5791085573858703
shields,2017-12-02T10:59:33.896Z,7,2,1,2,1,6,8,8,11,7,7,8,7,6,5,8,9,4.375,7.125,3.1594529363709243,1.2464234547582247,2.75,0.6285714285714286,0.2215691285458728,0.044334975369458136,0.0,0.0,0.40009048878884174,0.9078142305610516,0.5077237417722098
memos,2023-03-08T17:50:25.661Z,2,3,3,9,7,7,6,15,14,11,9,5,12,8,8,11,10,6.5,9.25,4.208834246473209,2.2519832529192065,2.75,0.4230769230769231,0.6459293394777268,0.010731052984574115,0.0,0.0,0.9529416509560497,1.3932464002042468,0.4403047492481972
edgetx,2021-11-03T21:38:43.190Z,7,8,14,11,9,10,11,10,10,13,14,16,14,12,8,13,11,10.0,12.625,2.138089935299395,2.38671920665766,2.625,0.2625,0.0900297619047619,0.30228392297357815,0.0,0.0,1.863520035702039,2.1642269049316747,0.30070686922963574
rspamd_project,2019-06-27T07:47:37.382Z,4,5,4,6,3,4,5,3,3,4,5,7,10,8,4,9,8,4.25,6.875,1.0350983390135313,2.295181287579947,2.625,0.6176470588235294,0.07936507936507936,0.2209846650524617,0.0,0.0,0.36756983219077066,0.8507045635442051,0.48313473135343443
prettier,2019-05-23T13:58:43.878Z,11,11,7,5,8,8,9,5,8,10,7,10,11,11,16,7,13,8.0,10.625,2.3299294900428698,2.9730936268953445,2.625,0.328125,0.3314536340852132,0.14632034632034635,0.0,0.0,1.3431895301329022,1.7073495687969025,0.36416003866400026
jest-preview,2022-05-28T11:58:26.039Z,0,0,0,0,0,0,4,7,9,6,7,7,3,4,1,1,3,1.375,4.0,2.669269563007828,2.449489742783178,2.625,1.9090909090909092,0.568206229860365,0.6553287981859413,0.0,0.0,-0.38040526956486354,0.19394339285047027,0.5743486624153338
chameleon-ultra-gui,2023-08-04T09:49:29.331Z,0,0,0,0,2,1,3,3,8,6,5,4,6,2,3,2,2,1.125,3.75,1.3562026818605375,1.752549163769328,2.625,2.3333333333333335,0.777161349976884,0.6921373200442971,0.0,0.0,-0.4454465827610056,0.13683372583362377,0.5822803085946294
companion,2018-10-07T13:29:30.331Z,0,0,2,4,4,5,2,5,4,3,5,4,7,6,6,5,7,2.75,5.375,2.052872551885702,1.4078859531733587,2.625,0.9545454545454546,0.5883777239709443,0.46718146718146736,0.0,0.0,-0.022678046986081946,0.5080465614431261,0.5307246084292081
pymc,2021-06-14T21:27:30.439Z,14,17,13,13,10,10,9,8,9,10,13,9,19,15,14,15,19,11.75,14.25,3.011881234615431,3.6547425158474374,2.5,0.2127659574468085,0.8282714660667415,0.449197860962567,0.0,0.0,2.318809228075034,2.535439740541177,0.21663051246614318
git-bug,2018-09-28T17:57:39.159Z,0,0,0,0,0,0,2,6,7,3,1,5,4,1,5,4,5,1.0,3.5,2.138089935299395,1.6903085094570331,2.5,2.5,0.5029761904761905,0.20119047619047623,0.0,0.0,-0.47796723935907665,0.07972405881677726,0.5576912981758539
jotai,2020-12-16T03:42:41.652Z,0,0,0,0,4,5,4,8,3,4,7,8,4,3,6,3,6,2.625,5.125,3.0676887530703443,1.8850918886280925,2.5,0.9523809523809523,0.8154874853167077,0.04044029672170376,0.0,0.0,-0.055198703584153,0.45093689442627954,0.5061355980104325
rss-bridge,2022-03-05T11:22:14.384Z,9,7,3,13,3,8,12,9,20,17,15,12,8,5,7,11,9,8.0,10.5,3.664501525251617,4.070801956792859,2.5,0.3125,0.05699088145896659,0.4534072249589492,0.0,0.0,1.3431895301329022,1.6787947352884793,0.3356052051555771
usingcombine,2019-07-25T01:00:42.244Z,0,0,0,0,0,0,0,3,6,3,4,2,3,4,0,1,6,0.375,2.875,1.0606601717798212,1.8850918886280925,2.5,6.666666666666667,0.3333333333333334,0.00023929169657812877,0.0,0.0,-0.6405705223494319,-0.063050108725339,0.5775204136240929
usingcombine,2019-07-25T01:00:42.244Z,0,0,0,0,0,0,0,3,6,3,4,2,3,4,0,1,6,0.375,2.875,1.0606601717798212,1.8850918886280925,2.5,6.666666666666667,0.3333333333333334,0.00023929169657812877,0.0,0.0,-0.6405705223494319,-0.063050108725339,0.5775204136240929
usingcombine,2019-07-25T01:00:42.244Z,0,0,0,0,0,0,0,3,6,3,4,2,3,4,0,1,6,0.375,2.875,1.0606601717798212,1.8850918886280925,2.5,6.666666666666667,0.3333333333333334,0.00023929169657812877,0.0,0.0,-0.6405705223494319,-0.063050108725339,0.5775204136240929
jotai,2020-12-16T03:42:41.652Z,0,0,0,0,4,5,4,8,3,4,7,8,4,3,6,3,6,2.625,5.125,3.0676887530703443,1.8850918886280925,2.5,0.9523809523809523,0.8154874853167077,0.04044029672170376,0.0,0.0,-0.055198703584153,0.45093689442627954,0.5061355980104325
bagisto,2019-04-29T10:04:34.901Z,3,3,3,4,3,4,3,6,4,5,5,4,7,8,8,6,6,3.625,6.125,1.0606601717798212,1.4577379737113252,2.5,0.6896551724137931,0.3998488284202571,0.2501000400160064,0.0,0.0,0.2049665492004154,0.6793755624936656,0.4744090132932502
pyrogram,2021-10-15T06:14:24.667Z,4,6,2,9,2,1,3,3,1,1,3,9,6,6,14,6,5,3.75,6.25,2.6049403612586386,3.918819064098629,2.5,0.6666666666666666,0.12832080200501256,0.18626799557032114,0.0,0.0,0.23748720579848648,0.7079303960020888,0.47044319020360237
laravel-mongodb,2019-07-18T14:01:46.017Z,1,0,1,2,2,1,1,0,3,3,6,3,2,1,6,1,5,1.0,3.375,0.7559289460184544,2.0658792662827956,2.375,2.375,0.005952380952380955,0.0017931858936043044,0.0,0.0,-0.47796723935907665,0.051169225308354,0.5291364646674307
pdfme,2025-01-24T11:19:06.480Z,2,0,4,2,3,2,3,3,3,8,6,4,8,5,4,0,3,2.375,4.75,1.1877349391654206,2.659215781283755,2.375,1.0,0.1742013261000603,0.5560365560365561,0.0,0.0,-0.1202400167802951,0.3652723939010098,0.4855124106813049
bumbag,2020-07-20T03:28:44.357Z,1,1,1,1,1,1,2,1,2,9,6,3,1,2,2,3,2,1.125,3.5,0.3535533905932738,2.6726124191242437,2.375,2.111111111111111,0.1700680272108843,0.5185714285714287,0.0,0.0,-0.4454465827610056,0.07972405881677726,0.5251706415777829
floating-ui,2020-01-08T16:42:33.988Z,0,1,0,0,0,0,2,3,5,4,4,5,3,1,3,2,3,0.75,3.125,1.1649647450214349,1.2464234547582247,2.375,3.1666666666666665,0.42355889724310786,0.3420908593322387,0.0,0.0,-0.5430085525552187,-0.005940441708492503,0.5370681108467262
pdfme,2025-01-24T11:19:06.480Z,2,0,4,2,3,2,3,3,3,8,6,4,8,5,4,0,3,2.375,4.75,1.1877349391654206,2.659215781283755,2.375,1.0,0.1742013261000603,0.5560365560365561,0.0,0.0,-0.1202400167802951,0.3652723939010098,0.4855124106813049
manyfold,2024-03-28T15:45:19.835Z,2,3,1,2,3,2,2,5,8,6,6,3,5,5,7,5,2,2.5,4.875,1.1952286093343936,1.6420805617960925,2.375,0.95,0.2380952380952381,0.13907284768211928,0.0,0.0,-0.08771936018222405,0.39382722740943304,0.4815465875916571
solidus,2019-01-16T16:54:06.547Z,7,6,6,3,9,9,8,12,11,12,11,7,10,9,11,9,9,7.5,9.75,2.6726124191242437,1.5811388300841898,2.25,0.3,0.42857142857142866,0.13605442176870744,0.0,0.0,1.213106903740618,1.5074657342379398,0.2943588304973219
litiengine,2020-10-05T07:30:13.664Z,3,3,4,3,2,1,2,1,1,4,4,3,5,5,6,6,4,2.375,4.625,1.0606601717798212,1.0606601717798212,2.25,0.9473684210526315,0.63567649281935,0.27286470143613006,0.0,0.0,-0.1202400167802951,0.33671756039258655,0.45695757717288166
flow-launcher,2022-07-06T04:46:42.955Z,5,6,7,3,4,4,3,3,5,7,6,7,7,8,6,5,7,4.375,6.625,1.5059406173077154,0.9161253813129042,2.25,0.5142857142857142,0.5133108361454818,0.04964539007092201,0.0,0.0,0.40009048878884174,0.7935948965273586,0.39350440773851686
betonquest,2021-10-17T12:09:05.017Z,2,4,3,5,4,4,3,5,3,2,5,7,7,6,6,6,9,3.75,6.0,1.0350983390135313,2.0,2.25,0.6,0.2571428571428572,0.5314625850340137,0.0,0.0,0.23748720579848648,0.6508207289852423,0.41333352318675587
hexo,2019-07-10T22:32:10.443Z,5,4,4,1,4,1,2,6,7,5,7,6,6,5,5,5,6,3.375,5.625,1.8468119248354136,0.7440238091428449,2.25,0.6666666666666666,0.020194465220643235,0.0752688172043011,0.0,0.0,0.1399252360042733,0.5651562284599726,0.4252309924556993
alchemy_cms,2020-01-31T00:31:00.848Z,2,2,0,3,2,1,2,1,1,3,5,3,5,3,4,4,4,1.625,3.875,0.9161253813129042,0.8345229603962802,2.25,1.3846153846153846,0.025329280648429587,0.010989010989010992,0.0,0.0,-0.3153639563687214,0.16538855934204702,0.4807525157107684
tabby,2019-06-01T01:00:37.500Z,3,1,3,2,1,2,3,3,5,6,4,3,4,4,4,4,6,2.25,4.375,0.8864052604279183,1.0606601717798212,2.125,0.9444444444444444,0.03896103896103897,0.0068027210884353765,0.0,0.0,-0.15276067337836616,0.27960789337574005,0.4323685667541062
linkwarden,2023-12-09T16:00:16.178Z,1,1,1,5,2,2,3,3,6,3,2,4,3,3,2,5,13,2.25,4.375,1.3887301496588271,3.6228441865473595,2.125,0.9444444444444444,0.253968253968254,0.40434078393262074,0.0,0.0,-0.15276067337836616,0.27960789337574005,0.4323685667541062
kobalte,2023-02-07T23:36:57.767Z,0,0,0,0,1,1,1,6,4,6,4,2,3,3,2,3,3,1.125,3.25,2.03100960115899,1.2817398889233114,2.125,1.8888888888888888,0.5361781076066792,0.34989648033126297,0.0,0.0,-0.4454465827610056,0.02261439179993075,0.46806097456093637
utopia-project,2024-10-17T20:48:00.388Z,1,1,1,1,1,1,0,1,2,2,2,3,5,3,3,3,3,0.875,3.0,0.3535533905932738,0.9258200997725514,2.125,2.4285714285714284,0.1700680272108843,0.0992063492063492,0.0,0.0,-0.5104878959571477,-0.034495275216915755,0.47599262074023196
fossbilling,2022-05-23T19:17:16.885Z,4,7,4,3,4,1,4,6,13,5,5,2,8,6,6,7,11,4.125,6.25,1.807721533549109,2.6049403612586386,2.125,0.5151515151515151,0.02107728337236534,0.48170426065162897,0.0,0.0,0.33504917559269964,0.7079303960020888,0.3728812204093892
hiddify,2023-02-05T18:53:16.131Z,0,0,0,1,1,3,2,2,2,3,5,5,3,2,2,1,5,1.125,3.25,1.1259916264596033,1.5811388300841898,2.125,1.8888888888888888,0.7303822937625756,0.0870748299319728,0.0,0.0,-0.4454465827610056,0.02261439179993075,0.46806097456093637
sequel-ace,2020-09-05T15:37:29.808Z,1,0,0,0,0,11,8,5,7,6,6,5,5,6,4,5,5,3.125,5.25,4.356850107261306,0.7071067811865476,2.125,0.68,0.4569726291269095,0.3333333333333334,0.0,0.0,0.0748839228081312,0.4794917279347028,0.4046078051265716
utopia-project,2024-10-17T20:48:00.388Z,1,1,1,1,1,1,0,1,2,2,2,3,5,3,3,3,3,0.875,3.0,0.3535533905932738,0.9258200997725514,2.125,2.4285714285714284,0.1700680272108843,0.0992063492063492,0.0,0.0,-0.5104878959571477,-0.034495275216915755,0.47599262074023196
cucumber,2017-06-23T12:25:54.126Z,2,1,2,3,2,5,2,2,2,2,7,3,10,3,4,3,4,2.375,4.5,1.1877349391654206,2.6726124191242437,2.125,0.8947368421052632,0.10186859553948165,0.011904761904761902,0.0,0.0,-0.1202400167802951,0.3081627268841633,0.4284027436644584
dynamoose,2020-05-06T03:42:00.576Z,4,0,1,1,1,1,1,6,3,2,4,3,5,4,7,3,3,1.875,3.875,2.03100960115899,1.5526475085202969,2.0,1.0666666666666667,0.07441764584621724,0.059611992945326285,0.0,0.0,-0.2503226431725793,0.16538855934204702,0.41571120251462634
games-on-whales,2024-06-13T01:59:31.511Z,0,1,3,1,1,0,0,0,4,3,3,1,4,0,2,3,6,0.75,2.75,1.0350983390135313,1.8322507626258084,2.0,2.6666666666666665,0.1555555555555556,0.10131712259371835,0.0,0.0,-0.5430085525552187,-0.09160494223376225,0.4514036103214565
dynamoose,2020-05-06T03:42:00.576Z,4,0,1,1,1,1,1,6,3,2,4,3,5,4,7,3,3,1.875,3.875,2.03100960115899,1.5526475085202969,2.0,1.0666666666666667,0.07441764584621724,0.059611992945326285,0.0,0.0,-0.2503226431725793,0.16538855934204702,0.41571120251462634
fast-check,2021-10-11T15:12:47.087Z,2,3,3,3,4,2,3,2,4,3,3,3,3,7,5,5,9,2.75,4.75,0.7071067811865476,2.2519832529192065,2.0,0.7272727272727273,0.006802721088435374,0.6445338698859826,0.0,0.0,-0.022678046986081946,0.3652723939010098,0.38795044088709174
reqnroll,2024-04-15T09:13:42.137Z,0,0,0,0,0,1,5,5,4,4,3,1,3,4,4,5,3,1.375,3.375,2.2638462845343543,1.1877349391654206,2.0,1.4545454545454546,0.6585365853658535,0.10186859553948165,0.0,0.0,-0.38040526956486354,0.051169225308354,0.43157449487321753
reqnroll,2024-04-15T09:13:42.137Z,0,0,0,0,0,1,5,5,4,4,3,1,3,4,4,5,3,1.375,3.375,2.2638462845343543,1.1877349391654206,2.0,1.4545454545454546,0.6585365853658535,0.10186859553948165,0.0,0.0,-0.38040526956486354,0.051169225308354,0.43157449487321753
bot-whatsapp,2023-01-11T18:06:14.835Z,0,0,3,2,0,1,2,9,11,7,1,6,3,3,1,7,5,2.125,4.125,2.9970223317724636,2.4748737341529163,2.0,0.9411764705882353,0.39998106598504224,0.0001388310426211301,0.0,0.0,-0.1852813299764372,0.22249822635889352,0.4077795563353307
rustpython,2022-04-22T16:09:10.764Z,12,13,13,9,5,6,6,3,6,8,11,15,9,9,13,7,11,8.375,10.375,3.9256482631170977,2.669269563007828,2.0,0.23880597014925373,0.8347955636484025,0.0029836496001909535,0.0,0.0,1.4407514999271152,1.650239901780056,0.20948840185294082
asyncapi,2019-03-10T01:52:36.842Z,1,0,0,1,0,1,1,4,3,4,3,3,2,1,6,3,2,1.0,3.0,1.3093073414159542,1.5118578920369088,2.0,2.0,0.3888888888888891,0.013392857142857146,0.0,0.0,-0.47796723935907665,-0.034495275216915755,0.4434719641421609
reqnroll,2024-04-15T09:13:42.137Z,0,0,0,0,0,1,5,5,4,4,3,1,3,4,4,5,3,1.375,3.375,2.2638462845343543,1.1877349391654206,2.0,1.4545454545454546,0.6585365853658535,0.10186859553948165,0.0,0.0,-0.38040526956486354,0.051169225308354,0.43157449487321753
flutter-webrtc,2020-07-24T17:03:10.166Z,2,4,1,2,2,4,2,2,3,3,5,2,10,4,3,3,5,2.375,4.375,1.0606601717798212,2.5035688811888406,2.0,0.8421052631578947,0.0007558578987150419,0.00013566680233346903,0.0,0.0,-0.1202400167802951,0.27960789337574005,0.39984791015603516
redmodding,2021-02-17T16:15:27.686Z,1,2,4,3,5,4,3,15,17,19,1,0,14,2,4,7,6,4.625,6.625,4.373213921133975,6.674846172652328,2.0,0.43243243243243246,0.49019607843137275,0.0710182269300506,0.0,0.0,0.46513180198498383,0.7935948965273586,0.32846309454237477
typeorm,2017-10-11T20:49:41.659Z,2,3,4,2,5,5,8,9,9,7,6,6,7,10,9,4,5,4.75,6.75,2.6049403612586386,1.9820624179302297,2.0,0.42105263157894735,0.802005012531328,0.031168831168831165,0.0,0.0,0.4976524585830549,0.8221497300357818,0.32449727145272694
rustpython,2022-04-22T16:09:10.764Z,12,13,13,9,5,6,6,3,6,8,11,15,9,9,13,7,11,8.375,10.375,3.9256482631170977,2.669269563007828,2.0,0.23880597014925373,0.8347955636484025,0.0029836496001909535,0.0,0.0,1.4407514999271152,1.650239901780056,0.20948840185294082
dynamoose,2020-05-06T03:42:00.576Z,4,0,1,1,1,1,1,6,3,2,4,3,5,4,7,3,3,1.875,3.875,2.03100960115899,1.5526475085202969,2.0,1.0666666666666667,0.07441764584621724,0.059611992945326285,0.0,0.0,-0.2503226431725793,0.16538855934204702,0.41571120251462634
openlayers,2018-11-02T15:48:25.488Z,9,7,6,5,6,5,8,10,9,7,11,11,9,6,9,10,8,7.0,8.875,1.8516401995451028,1.807721533549109,1.875,0.26785714285714285,0.0248015873015873,0.012750455373406197,0.0,0.0,1.0830242773483336,1.307581899678977,0.22455762233064336
marktext,2018-05-08T18:24:53.865Z,0,0,1,1,1,1,6,6,7,7,4,7,2,2,2,2,5,2.0,3.875,2.5071326821120348,2.2320714274285347,1.875,0.9375,0.7012987012987012,0.2596006144393242,0.0,0.0,-0.21780198657450825,0.16538855934204702,0.38319054591655527
tom-select,2021-03-10T05:13:52.847Z,0,1,1,1,1,1,2,2,2,2,3,4,2,2,3,4,4,1.125,3.0,0.6408699444616557,0.9258200997725514,1.875,1.6666666666666667,0.7474120082815735,0.253968253968254,0.0,0.0,-0.4454465827610056,-0.034495275216915755,0.41095130754408987
aiogram,2019-05-24T20:52:54.117Z,2,2,3,5,2,2,4,2,4,6,10,5,5,6,1,2,2,2.75,4.625,1.1649647450214349,2.9246489410818914,1.875,0.6818181818181818,0.010025062656641607,0.6204394074957749,0.0,0.0,-0.022678046986081946,0.33671756039258655,0.3593956073786685
ant-design,2019-05-03T19:33:11.235Z,16,15,13,11,14,12,17,14,17,13,17,18,16,13,14,19,17,14.0,15.875,2.0,2.295181287579947,1.875,0.13392857142857142,0.003401360544217688,0.08539144471347862,0.0,0.0,2.9041810468403124,2.906652576150679,0.002471529310366538
jest-puppeteer,2018-09-26T15:52:09.938Z,0,1,4,6,1,3,1,2,4,1,7,5,5,5,6,2,2,2.25,4.125,1.9820624179302297,2.1671244937540095,1.875,0.8333333333333334,0.007792207792207791,0.04073872895165671,0.0,0.0,-0.15276067337836616,0.22249822635889352,0.3752588997372597
tom-select,2021-03-10T05:13:52.847Z,0,1,1,1,1,1,2,2,2,2,3,4,2,2,3,4,4,1.125,3.0,0.6408699444616557,0.9258200997725514,1.875,1.6666666666666667,0.7474120082815735,0.253968253968254,0.0,0.0,-0.4454465827610056,-0.034495275216915755,0.41095130754408987
openms,2021-06-11T01:53:34.360Z,7,6,6,10,12,13,12,12,12,13,10,11,12,12,9,13,13,9.75,11.625,2.9640705601780613,1.5059406173077154,1.875,0.19230769230769232,0.7495160665892374,0.030371203599550048,0.0,0.0,1.798478722505897,1.9357882368642887,0.13730951435839178
unigraph-dev,2021-11-21T06:00:59.569Z,0,1,1,1,0,0,1,1,1,4,3,3,3,4,1,1,1,0.625,2.5,0.5175491695067657,1.3093073414159542,1.875,3.0,0.028571428571428577,0.6428571428571429,0.0,0.0,-0.5755292091532899,-0.14871460925060875,0.4268145999026811
iris-social,2019-10-31T01:18:40.573Z,0,0,0,0,0,0,0,0,0,0,0,1,2,3,2,5,2,0.0,1.875,0.0,1.6420805617960925,1.875,inf,0.0,0.5830968148848944,0.0,0.0,-0.7381324921436451,-0.29148877679272506,0.44664371535092
browserslist,2020-01-30T19:16:31.799Z,2,1,1,1,1,1,2,2,1,4,3,6,0,3,3,2,5,1.375,3.25,0.5175491695067657,1.8322507626258084,1.875,1.3636363636363635,0.07936507936507936,0.004052684903748735,0.0,0.0,-0.38040526956486354,0.02261439179993075,0.4030196613647943
alovoa,2023-01-14T19:56:18.740Z,1,5,1,1,3,8,6,2,7,4,9,4,4,3,3,12,3,3.375,5.25,2.669269563007828,3.3700360320244136,1.875,0.5555555555555556,0.14619883040935672,0.0011979634621144062,0.0,0.0,0.1399252360042733,0.4794917279347028,0.3395664919304295
iris-social,2019-10-31T01:18:40.573Z,0,0,0,0,0,0,0,0,0,0,0,1,2,3,2,5,2,0.0,1.875,0.0,1.6420805617960925,1.875,inf,0.0,0.5830968148848944,0.0,0.0,-0.7381324921436451,-0.29148877679272506,0.44664371535092
pikepdf,2021-07-26T13:20:34.318Z,1,2,1,1,1,2,2,1,4,4,2,2,5,2,3,4,4,1.375,3.25,0.5175491695067657,1.1649647450214349,1.875,1.3636363636363635,0.028571428571428577,0.06265664160401004,0.0,0.0,-0.38040526956486354,0.02261439179993075,0.4030196613647943
openrocket,2022-05-30T02:18:38.652Z,3,3,1,1,3,6,5,3,5,7,8,4,3,5,3,5,5,3.125,5.0,1.7268882005337973,1.7728105208558367,1.875,0.6,0.20786997433704024,0.24350649350649353,0.0,0.0,0.0748839228081312,0.4223820609178563,0.3474981381097251
theodinproject,2023-07-24T10:21:10.668Z,4,4,5,7,6,4,5,8,13,5,21,6,4,4,6,5,6,5.375,7.125,1.5059406173077154,5.667892024377317,1.75,0.32558139534883723,0.3153355830521184,0.14105720109055297,0.0,0.0,0.6602557415734102,0.9078142305610516,0.24755848898764143
nock,2018-04-27T19:33:16.584Z,0,4,2,2,0,1,4,1,2,2,7,4,4,3,3,1,4,1.75,3.5,1.5811388300841898,1.7728105208558367,1.75,1.0,0.001360544217687075,0.1082251082251082,0.0,0.0,-0.28284329977065037,0.07972405881677726,0.3625673585874276
twilight,2021-09-15T13:40:38.588Z,8,6,6,6,7,11,12,9,7,9,10,13,12,10,9,5,11,8.125,9.875,2.3566016694748027,2.416461403433896,1.75,0.2153846153846154,0.43010258765885795,0.09101499927188002,0.0,0.0,1.3757101867309731,1.536020567746363,0.16031038101538986
rust-analyzer,2019-07-02T14:20:06.250Z,5,12,13,12,15,11,8,10,13,12,11,12,13,12,12,15,13,10.75,12.5,3.1052950170405937,1.1952286093343936,1.75,0.16279069767441862,0.012698412698412704,0.4023809523809525,0.0,0.0,2.0586439752904653,2.1356720714232513,0.07702809613278605
ajv,2019-11-02T17:08:11.197Z,1,2,0,2,2,0,2,0,2,1,3,6,1,4,4,3,1,1.125,2.875,0.9910312089651149,1.807721533549109,1.75,1.5555555555555556,0.04242424242424243,0.0023419203747072604,0.0,0.0,-0.4454465827610056,-0.063050108725339,0.3823964740356666
apiflask,2023-12-08T15:42:40.092Z,0,0,1,1,2,4,4,1,7,3,3,5,3,1,2,9,1,1.625,3.375,1.5979898086569353,2.615202805574687,1.75,1.0769230769230769,0.455877455877456,0.0031082929255253013,0.0,0.0,-0.3153639563687214,0.051169225308354,0.3665331816770754
dolibarr,2018-05-31T17:53:09.043Z,19,17,16,18,16,16,21,23,21,20,16,18,18,20,22,23,23,18.25,20.0,2.6049403612586386,2.5634797778466227,1.75,0.0958904109589041,0.26516290726817043,0.6340579710144929,0.0,0.0,4.009883371174729,3.8489620819286463,-0.1609212892460823
polymc,2022-03-29T08:06:31.209Z,3,4,5,7,7,11,20,11,9,13,15,16,13,5,6,8,6,8.5,10.25,5.503245795502349,4.464142854857069,1.75,0.20588235294117646,0.6658805031446543,0.6350913125106675,0.0,0.0,1.4732721565251863,1.6216850682716328,0.14841291174644655
civet,2023-01-07T01:33:00.311Z,0,0,0,1,1,1,2,6,9,2,2,2,3,4,2,6,4,1.375,3.125,1.9955307206712847,1.4577379737113252,1.75,1.2727272727272727,0.6459534486440318,0.4901960784313726,0.0,0.0,-0.38040526956486354,-0.005940441708492503,0.37446482785637103
spotube,2022-03-17T06:43:53.531Z,0,0,0,0,0,1,6,2,2,2,2,3,3,2,4,4,3,1.125,2.875,2.100170061141308,0.8345229603962802,1.75,1.5555555555555556,0.4258723732407943,0.4407814407814407,0.0,0.0,-0.4454465827610056,-0.063050108725339,0.3823964740356666
dolibarr,2018-05-31T17:53:09.043Z,19,17,16,18,16,16,21,23,21,20,16,18,18,20,22,23,23,18.25,20.0,2.6049403612586386,2.5634797778466227,1.75,0.0958904109589041,0.26516290726817043,0.6340579710144929,0.0,0.0,4.009883371174729,3.8489620819286463,-0.1609212892460823
hanami,2022-03-23T11:24:09.176Z,2,0,0,1,3,0,2,3,2,2,1,4,5,3,3,4,3,1.375,3.125,1.3024701806293193,1.2464234547582247,1.75,1.2727272727272727,0.18095238095238092,0.15818281335522721,0.0,0.0,-0.38040526956486354,-0.005940441708492503,0.37446482785637103
playframework,2021-11-08T21:38:39.747Z,6,6,5,5,4,5,4,3,4,8,9,5,5,4,9,8,4,4.75,6.5,1.0350983390135313,2.2038926600773587,1.75,0.3684210526315789,0.8126984126984128,0.08473389355742299,0.0,0.0,0.4976524585830549,0.7650400630189353,0.26738760443588044
polymc,2022-03-29T08:06:31.209Z,3,4,5,7,7,11,20,11,9,13,15,16,13,5,6,8,6,8.5,10.25,5.503245795502349,4.464142854857069,1.75,0.20588235294117646,0.6658805031446543,0.6350913125106675,0.0,0.0,1.4732721565251863,1.6216850682716328,0.14841291174644655
mybb,2018-03-28T21:14:27.996Z,6,3,6,9,4,4,11,5,5,9,9,7,12,9,7,4,4,6.0,7.625,2.7255405754769875,2.7222627143085005,1.625,0.2708333333333333,0.055402930402930414,0.4554216867469881,0.0,0.0,0.8228590245637654,1.0220335645947445,0.19917454003097912
mybb,2018-03-28T21:14:27.996Z,6,3,6,9,4,4,11,5,5,9,9,7,12,9,7,4,4,6.0,7.625,2.7255405754769875,2.7222627143085005,1.625,0.2708333333333333,0.055402930402930414,0.4554216867469881,0.0,0.0,0.8228590245637654,1.0220335645947445,0.19917454003097912
ueransim,2021-01-31T11:45:15.487Z,0,0,0,0,0,0,0,0,0,1,1,3,2,2,0,1,3,0.0,1.625,0.0,1.0606601717798212,1.625,inf,0.0,0.018896447467876037,0.0,0.0,-0.7381324921436451,-0.34859844380957156,0.3895340483340735
kitspace,2019-02-12T20:17:30.972Z,1,2,3,1,1,0,3,1,3,3,5,3,1,1,2,5,5,1.5,3.125,1.0690449676496976,1.7268882005337973,1.625,1.0833333333333333,0.011904761904761906,0.034502423723980616,0.0,0.0,-0.34788461296679246,-0.005940441708492503,0.34194417125829996
rvm,2019-01-07T18:21:09.433Z,2,3,6,1,2,4,5,4,4,5,8,3,7,3,2,6,6,3.375,5.0,1.6850180160122068,2.138089935299395,1.625,0.48148148148148145,0.10811620245582511,0.018601190476190473,0.0,0.0,0.1399252360042733,0.4223820609178563,0.282456824913583
assimp,2021-01-25T21:26:28.158Z,6,6,5,6,5,4,4,3,12,9,5,7,12,6,5,5,3,4.875,6.5,1.1259916264596033,2.8284271247461903,1.625,0.3333333333333333,0.8215962441314555,0.30994897959183676,0.0,0.0,0.530173115181126,0.7650400630189353,0.23486694783780937
reactiveui,2017-03-21T19:08:37.547Z,0,2,2,3,2,0,6,4,3,2,4,1,4,5,6,7,3,2.375,4.0,1.9955307206712847,2.0,1.625,0.6842105263157895,0.35895793294896444,0.30697278911564624,0.0,0.0,-0.1202400167802951,0.19394339285047027,0.31418340963076535
tmodloader,2021-07-21T02:02:24.109Z,11,12,11,6,11,11,11,4,10,18,12,9,10,8,15,9,9,9.625,11.25,2.9246489410818914,3.5355339059327378,1.625,0.16883116883116883,0.23869171885873353,0.26149659863945574,0.0,0.0,1.7659580659078258,1.8501237363390188,0.08416567043119305
kavita,2021-07-28T05:41:56.753Z,0,2,2,1,1,2,5,5,4,5,3,6,5,2,4,3,3,2.25,3.875,1.8322507626258084,1.3562026818605375,1.625,0.7222222222222222,0.6332320162107398,0.24456773000462326,0.0,0.0,-0.15276067337836616,0.16538855934204702,0.3181492327204132
hievents,2024-09-23T18:15:22.297Z,0,0,0,0,3,6,2,2,3,3,2,3,1,4,2,5,6,1.625,3.25,2.1339098923270936,1.6690459207925603,1.625,1.0,0.3781512605042017,0.3956043956043956,0.0,0.0,-0.3153639563687214,0.02261439179993075,0.33797834816865213
generator-jhipster,2017-12-04T17:37:57.900Z,2,2,3,4,1,3,5,7,3,5,4,6,5,7,6,3,4,3.375,5.0,1.922609833384967,1.3093073414159542,1.625,0.48148148148148145,0.5081665516448126,0.0496031746031746,0.0,0.0,0.1399252360042733,0.4223820609178563,0.282456824913583
meshtastic,2022-04-20T05:23:50.436Z,2,1,3,7,7,13,8,7,7,9,5,3,6,7,13,11,7,6.0,7.625,3.8913824205360674,3.2486260832190936,1.625,0.2708333333333333,0.5615453728661276,0.1779872693578277,0.0,0.0,0.8228590245637654,1.0220335645947445,0.19917454003097912
reactiveui,2017-03-21T19:08:37.547Z,0,2,2,3,2,0,6,4,3,2,4,1,4,5,6,7,3,2.375,4.0,1.9955307206712847,2.0,1.625,0.6842105263157895,0.35895793294896444,0.30697278911564624,0.0,0.0,-0.1202400167802951,0.19394339285047027,0.31418340963076535
heylinda,2021-08-02T12:28:45.429Z,0,0,0,0,0,0,1,2,6,1,8,1,0,2,2,1,1,0.375,2.0,0.7440238091428449,2.5071326821120348,1.625,4.333333333333333,0.554531490015361,0.12175324675324678,0.0,0.0,-0.6405705223494319,-0.26293394328430175,0.37763657906513015
rsschool,2019-10-23T10:46:19.733Z,0,0,2,2,2,1,2,7,6,3,4,4,2,6,4,4,2,2.0,3.625,2.2038926600773587,1.3024701806293193,1.625,0.8125,0.5490196078431374,0.004511278195488722,0.0,0.0,-0.21780198657450825,0.10827889232520051,0.32608087889970877
vega-strike,2020-06-07T18:00:49.768Z,1,0,0,0,2,3,6,5,3,7,5,4,1,3,2,3,5,2.125,3.75,2.3566016694748027,1.9086270308410553,1.625,0.7647058823529411,0.7289848415250344,0.1830065359477125,0.0,0.0,-0.1852813299764372,0.13683372583362377,0.32211505581006095
moonshine,2023-06-29T18:40:35.790Z,3,2,4,4,3,6,7,6,4,8,4,4,6,6,7,6,6,4.375,5.875,1.7677669529663689,1.3562026818605375,1.5,0.34285714285714286,0.7077551020408164,0.011558021266759129,0.0,0.0,0.40009048878884174,0.6222658954768191,0.22217540668797736
rollup,2018-01-12T01:29:15.038Z,1,3,7,5,2,3,7,7,7,7,8,4,7,4,6,7,4,4.375,5.875,2.445841952609133,1.6420805617960925,1.5,0.34285714285714286,0.3140014214641081,0.1668243456322927,0.0,0.0,0.40009048878884174,0.6222658954768191,0.22217540668797736
moonshine,2023-06-29T18:40:35.790Z,3,2,4,4,3,6,7,6,4,8,4,4,6,6,7,6,6,4.375,5.875,1.7677669529663689,1.3562026818605375,1.5,0.34285714285714286,0.7077551020408164,0.011558021266759129,0.0,0.0,0.40009048878884174,0.6222658954768191,0.22217540668797736
dockstarter,2019-03-17T20:13:22.779Z,2,2,2,1,1,3,3,1,4,4,5,5,2,2,3,1,5,1.875,3.375,0.8345229603962802,1.5979898086569353,1.5,0.8,0.0012210012210012214,0.12021312021312018,0.0,0.0,-0.2503226431725793,0.051169225308354,0.3014918684809333
rslint,2020-10-29T18:38:45.288Z,0,0,1,1,1,1,1,4,11,3,2,3,3,3,0,4,3,1.125,2.625,1.2464234547582247,1.1877349391654206,1.5,1.3333333333333333,0.5960591133004928,0.0006027727546714892,0.0,0.0,-0.4454465827610056,-0.12015977574218552,0.3252868070188201
lvgl,2021-02-03T10:36:13.452Z,9,5,7,10,7,9,6,6,6,6,4,4,6,9,17,13,12,7.375,8.875,1.7677669529663689,4.733995594179856,1.5,0.2033898305084746,0.04598639455782312,0.6314171883893,0.0,0.0,1.1805862471425468,1.307581899678977,0.1269956525364302
celery,2018-04-17T16:47:47.482Z,1,1,0,1,4,2,0,4,3,4,3,4,2,2,3,3,4,1.625,3.125,1.5979898086569353,0.8345229603962802,1.5,0.9230769230769231,0.20812520812520813,0.010989010989010992,0.0,0.0,-0.3153639563687214,-0.005940441708492503,0.3094235146602289
welcometomygarden,2020-05-20T11:53:08.964Z,0,0,0,0,0,0,0,1,4,5,2,5,1,0,0,0,0,0.125,1.625,0.3535533905932738,2.1998376563477846,1.5,12.0,0.3333333333333334,0.6538393955368126,0.0,0.0,-0.705611835545574,-0.34859844380957156,0.3570133917360025
tracardi-cdp,2022-04-27T10:01:15.984Z,1,1,2,3,3,2,4,2,2,2,2,3,4,5,8,4,2,2.25,3.75,1.0350983390135313,2.052872551885702,1.5,0.6666666666666666,0.38412698412698415,0.13640032284100084,0.0,0.0,-0.15276067337836616,0.13683372583362377,0.28959439921198993
piranhacms,2019-03-29T12:24:18.967Z,3,1,2,3,1,2,2,1,2,5,4,4,3,2,2,3,4,1.875,3.375,0.8345229603962802,1.0606601717798212,1.5,0.8,0.14774114774114777,0.27286470143613006,0.0,0.0,-0.2503226431725793,0.051169225308354,0.3014918684809333
moonshine,2023-06-29T18:40:35.790Z,3,2,4,4,3,6,7,6,4,8,4,4,6,6,7,6,6,4.375,5.875,1.7677669529663689,1.3562026818605375,1.5,0.34285714285714286,0.7077551020408164,0.011558021266759129,0.0,0.0,0.40009048878884174,0.6222658954768191,0.22217540668797736
openpracticelibrary,2023-07-13T08:12:57.676Z,5,4,4,6,2,4,2,6,7,8,7,6,6,4,5,3,6,4.125,5.625,1.5526475085202969,1.5979898086569353,1.5,0.36363636363636365,0.01728395061728396,0.5064935064935064,0.0,0.0,0.33504917559269964,0.5651562284599726,0.23010705286727295
xlayers,2020-07-21T14:08:30.448Z,5,1,0,1,1,0,0,0,0,0,2,4,4,3,2,1,4,1.0,2.5,1.6903085094570331,1.5118578920369088,1.5,1.5,0.4761904761904761,0.09523809523809527,0.0,0.0,-0.47796723935907665,-0.14871460925060875,0.3292526301084679
cupy,2023-12-03T10:39:03.122Z,7,9,8,8,7,8,6,7,5,8,10,8,8,9,10,7,12,7.5,9.0,0.9258200997725514,1.6035674514745462,1.5,0.2,0.253968253968254,0.13227513227513227,0.0,0.0,1.213106903740618,1.3361367331874003,0.12302982944678242
xlayers,2020-07-21T14:08:30.448Z,5,1,0,1,1,0,0,0,0,0,2,4,4,3,2,1,4,1.0,2.5,1.6903085094570331,1.5118578920369088,1.5,1.5,0.4761904761904761,0.09523809523809527,0.0,0.0,-0.47796723935907665,-0.14871460925060875,0.3292526301084679
cupy,2023-12-03T10:39:03.122Z,7,9,8,8,7,8,6,7,5,8,10,8,8,9,10,7,12,7.5,9.0,0.9258200997725514,1.6035674514745462,1.5,0.2,0.253968253968254,0.13227513227513227,0.0,0.0,1.213106903740618,1.3361367331874003,0.12302982944678242
xlayers,2020-07-21T14:08:30.448Z,5,1,0,1,1,0,0,0,0,0,2,4,4,3,2,1,4,1.0,2.5,1.6903085094570331,1.5118578920369088,1.5,1.5,0.4761904761904761,0.09523809523809527,0.0,0.0,-0.47796723935907665,-0.14871460925060875,0.3292526301084679
android-password-store,2018-09-01T13:36:30.213Z,4,1,2,3,1,0,1,2,5,3,3,4,4,3,3,2,4,1.75,3.25,1.2817398889233114,0.7071067811865476,1.5,0.8571428571428571,0.25051759834368537,0.006802721088435374,0.0,0.0,-0.28284329977065037,0.02261439179993075,0.3054576915705811
mapletestimony,2023-02-13T16:43:42.431Z,6,5,7,4,11,6,10,6,7,9,12,8,7,8,5,8,10,6.875,8.375,2.416461403433896,2.0658792662827956,1.5,0.21818181818181817,0.12246978302024174,0.0878661087866109,0.0,0.0,1.0505036207502627,1.193362565645284,0.14285894489502127
tampadevs,2023-01-06T22:20:11.777Z,1,1,1,1,2,4,2,2,6,5,6,3,4,1,2,2,2,1.75,3.125,1.0350983390135313,1.7268882005337973,1.375,0.7857142857142857,0.38412698412698415,0.6298830909609354,0.0,0.0,-0.28284329977065037,-0.005940441708492503,0.27690285806215786
visualpython,2021-06-25T11:23:17.381Z,0,0,0,0,0,0,0,4,3,3,5,1,1,1,1,1,2,0.5,1.875,1.4142135623730951,1.4577379737113252,1.375,2.75,0.3333333333333334,0.2917166866746698,0.0,0.0,-0.6080498657513609,-0.29148877679272506,0.31656108895863583
simplex-chat,2021-08-05T19:20:09.888Z,1,1,1,2,3,3,3,3,3,2,1,3,3,4,5,6,4,2.125,3.5,0.9910312089651149,1.6035674514745462,1.375,0.6470588235294118,0.832034632034632,0.6997354497354499,0.0,0.0,-0.1852813299764372,0.07972405881677726,0.26500538879321445
openstf,2019-06-28T06:17:04.872Z,0,1,1,1,1,0,2,1,2,2,2,3,1,1,0,3,6,0.875,2.25,0.6408699444616557,1.8322507626258084,1.375,1.5714285714285714,0.16770186335403728,0.14589665653495446,0.0,0.0,-0.5104878959571477,-0.20582427626745528,0.30466361968969247
openstf,2019-06-28T06:17:04.872Z,0,1,1,1,1,0,2,1,2,2,2,3,1,1,0,3,6,0.875,2.25,0.6408699444616557,1.8322507626258084,1.375,1.5714285714285714,0.16770186335403728,0.14589665653495446,0.0,0.0,-0.5104878959571477,-0.20582427626745528,0.30466361968969247
proxypy,2021-07-10T09:21:11.227Z,2,5,2,2,4,1,3,2,2,3,2,6,8,4,5,2,2,2.625,4.0,1.3024701806293193,2.2038926600773587,1.375,0.5238095238095238,0.0606516290726817,0.03431372549019609,0.0,0.0,-0.055198703584153,0.19394339285047027,0.24914209643462326
notesnook,2022-11-05T17:29:18.048Z,3,2,2,2,2,2,4,4,3,3,3,4,4,7,4,2,5,2.625,4.0,0.9161253813129042,1.5118578920369088,1.375,0.5238095238095238,0.29280648429584616,0.05357142857142858,0.0,0.0,-0.055198703584153,0.19394339285047027,0.24914209643462326
notesnook,2022-11-05T17:29:18.048Z,3,2,2,2,2,2,4,4,3,3,3,4,4,7,4,2,5,2.625,4.0,0.9161253813129042,1.5118578920369088,1.375,0.5238095238095238,0.29280648429584616,0.05357142857142858,0.0,0.0,-0.055198703584153,0.19394339285047027,0.24914209643462326
mdanalysis,2022-04-05T20:12:43.276Z,7,2,5,3,5,6,6,6,16,10,9,4,5,8,6,5,4,5.0,6.375,1.6903085094570331,2.326094212561969,1.375,0.275,0.09642857142857143,0.4414584315574416,0.0,0.0,0.562693771779197,0.7364852295105121,0.1737914577313151
mdanalysis,2022-04-05T20:12:43.276Z,7,2,5,3,5,6,6,6,16,10,9,4,5,8,6,5,4,5.0,6.375,1.6903085094570331,2.326094212561969,1.375,0.275,0.09642857142857143,0.4414584315574416,0.0,0.0,0.562693771779197,0.7364852295105121,0.1737914577313151
randovania,2022-10-17T22:09:32.960Z,13,8,6,7,6,13,14,10,7,11,6,13,9,10,15,11,13,9.625,11.0,3.3354160160315836,2.7774602993176543,1.375,0.14285714285714285,0.0642818925322938,0.2332451499118166,0.0,0.0,1.7659580659078258,1.7930140693221723,0.027056003414346552
sinuous,2020-02-01T17:16:20.606Z,1,2,1,2,1,1,1,1,2,3,4,3,2,3,1,2,3,1.25,2.625,0.4629100498862757,0.9161253813129042,1.375,1.1,0.14285714285714288,0.22796352583586635,0.0,0.0,-0.41292592616293455,-0.12015977574218552,0.29276615042074905
mue,2022-11-02T18:21:53.746Z,1,3,3,2,4,3,2,4,6,6,9,5,4,5,1,1,2,2.75,4.125,1.0350983390135313,2.748376143938713,1.375,0.5,0.2571428571428572,0.7025779578971069,0.0,0.0,-0.022678046986081946,0.22249822635889352,0.24517627334497546
playfulprogramming,2024-02-22T21:05:48.837Z,4,3,2,2,5,4,3,4,7,10,6,1,2,1,7,5,6,3.375,4.75,1.0606601717798212,3.1959796173138706,1.375,0.4074074074074074,0.061224489795918366,0.021312021312021312,0.0,0.0,0.1399252360042733,0.3652723939010098,0.22534715789673648
casljs,2020-02-03T05:24:22.810Z,5,3,0,4,2,3,4,3,5,4,6,5,4,5,4,3,4,3.0,4.375,1.5118578920369088,0.9161253813129042,1.375,0.4583333333333333,0.0014880952380952387,0.29280648429584616,0.0,0.0,0.04236326621006016,0.27960789337574005,0.2372446271656799
readarr,2020-05-31T18:48:40.076Z,5,3,2,4,4,2,4,2,5,4,3,4,5,3,6,6,6,3.25,4.625,1.1649647450214349,1.3024701806293193,1.375,0.4230769230769231,0.1604010025062657,0.5458646616541353,0.0,0.0,0.10740457940620227,0.33671756039258655,0.22931298098638428
awesome-ttrss,2019-07-23T07:11:34.572Z,0,1,0,2,1,1,4,3,2,1,3,1,3,4,3,3,5,1.5,2.875,1.4142135623730951,1.3562026818605375,1.375,0.9166666666666666,0.6139455782312924,0.5663430420711976,0.0,0.0,-0.34788461296679246,-0.063050108725339,0.28483450424145346
csstree,2024-09-03T13:45:57.174Z,0,0,0,0,0,0,0,3,2,3,2,2,3,0,0,1,3,0.375,1.75,1.0606601717798212,1.2817398889233114,1.375,3.6666666666666665,0.3333333333333334,0.10144927536231889,0.0,0.0,-0.6405705223494319,-0.3200436103011483,0.3205269120482836
csstree,2024-09-03T13:45:57.174Z,0,0,0,0,0,0,0,3,2,3,2,2,3,0,0,1,3,0.375,1.75,1.0606601717798212,1.2817398889233114,1.375,3.6666666666666665,0.3333333333333334,0.10144927536231889,0.0,0.0,-0.6405705223494319,-0.3200436103011483,0.3205269120482836
vue-tables-2,2019-11-20T18:23:59.044Z,3,0,0,0,0,0,0,2,1,2,2,3,2,1,3,1,2,0.625,2.0,1.1877349391654206,0.7559289460184544,1.375,2.2,0.02953586497890297,0.05357142857142858,0.0,0.0,-0.5755292091532899,-0.26293394328430175,0.3125952658689881
casbin,2019-05-24T13:26:28.474Z,2,1,2,3,1,1,1,3,1,6,1,2,3,7,3,3,0,1.75,3.125,0.8864052604279183,2.3566016694748027,1.375,0.7857142857142857,0.004329004329004329,0.09569744296432404,0.0,0.0,-0.28284329977065037,-0.005940441708492503,0.27690285806215786
linearmouse,2022-02-16T10:38:20.445Z,1,1,1,1,0,1,1,2,4,1,1,2,5,3,2,3,2,1.0,2.375,0.5345224838248488,1.3024701806293193,1.375,1.375,0.10714285714285716,0.11278195488721804,0.0,0.0,-0.47796723935907665,-0.17726944275903203,0.3006977966000446
classicpress,2022-06-29T18:45:41.199Z,16,9,5,7,9,7,6,9,7,5,12,19,12,12,10,6,2,8.5,9.75,3.3806170189140663,5.311712126450916,1.25,0.14705882352941177,0.23333333333333336,0.1833634719710669,0.0,0.0,1.4732721565251863,1.5074657342379398,0.03419357771275355
jmonkeyengine,2020-11-03T08:06:31.349Z,5,7,4,3,0,4,1,2,7,6,6,2,6,7,4,2,3,3.25,4.5,2.2519832529192065,2.0,1.25,0.38461538461538464,0.488933601609658,0.24574829931972791,0.0,0.0,0.10740457940620227,0.3081627268841633,0.20075814747796103
jira-cli,2021-11-07T04:11:09.442Z,1,1,2,2,1,1,3,4,2,4,4,4,4,2,3,3,1,1.875,3.125,1.1259916264596033,1.1259916264596033,1.25,0.6666666666666666,0.488933601609658,0.6445338698859826,0.0,0.0,-0.2503226431725793,-0.005940441708492503,0.2443822014640868
urllib3,2020-12-27T20:15:17.165Z,4,1,1,2,6,8,2,8,5,3,6,4,3,6,8,6,6,4.0,5.25,2.9760952365713798,1.752549163769328,1.25,0.3125,0.32296466973886323,0.3588039867109634,0.0,0.0,0.30252851899462857,0.4794917279347028,0.17696320894007422
openframeworks,2022-05-05T16:52:20.364Z,2,3,2,1,5,5,4,4,4,2,4,3,5,5,6,6,5,3.25,4.5,1.4880476182856899,1.4142135623730951,1.25,0.38461538461538464,0.3932411674347159,0.6802721088435372,0.0,0.0,0.10740457940620227,0.3081627268841633,0.20075814747796103
microcks,2023-11-28T18:42:32.801Z,2,5,2,2,2,2,2,5,4,3,5,5,2,6,3,6,2,2.75,4.0,1.3887301496588271,1.6903085094570331,1.25,0.45454545454545453,0.015873015873015876,0.004761904761904762,0.0,0.0,-0.022678046986081946,0.19394339285047027,0.21662143983655222
fritzing,2019-07-04T06:31:14.332Z,0,0,0,0,2,1,3,3,1,1,3,4,2,3,3,1,2,1.125,2.375,1.3562026818605375,1.0606601717798212,1.25,1.1111111111111112,0.777161349976884,0.018896447467876037,0.0,0.0,-0.4454465827610056,-0.17726944275903203,0.26817714000197357
intelligo,2019-04-17T01:54:28.551Z,0,1,0,1,1,1,1,0,1,1,1,1,1,4,2,3,2,0.625,1.875,0.5175491695067657,1.1259916264596033,1.25,2.0,0.028571428571428577,0.35479543930248164,0.0,0.0,-0.5755292091532899,-0.29148877679272506,0.2840404323605648
poweradmin,2022-01-27T02:34:13.532Z,0,0,0,0,0,0,1,1,2,1,2,2,0,2,0,2,3,0.25,1.5,0.4629100498862757,1.0690449676496976,1.25,5.0,0.5714285714285715,0.07440476190476189,0.0,0.0,-0.673091178947503,-0.3771532773179948,0.2959379016295082
cadsketcher,2022-05-05T14:27:53.496Z,1,1,1,1,1,2,3,4,5,6,3,6,4,1,1,0,3,1.75,3.0,1.1649647450214349,2.2677868380553634,1.25,0.7142857142857143,0.7243107769423561,0.4821428571428571,0.0,0.0,-0.28284329977065037,-0.034495275216915755,0.24834802455373461
babybuddy,2021-09-25T21:57:49.734Z,4,2,1,4,4,3,3,4,2,6,3,4,5,6,2,4,5,3.125,4.375,1.1259916264596033,1.4078859531733587,1.25,0.4,0.08115358819584173,0.021021021021021026,0.0,0.0,0.0748839228081312,0.27960789337574005,0.20472397056760883
react-awesome-query-builder,2020-02-15T17:04:13.789Z,0,2,2,0,1,1,2,3,3,5,1,3,2,1,6,1,2,1.375,2.625,1.0606601717798212,1.922609833384967,1.25,0.9090909090909091,0.27286470143613006,0.03887738670347367,0.0,0.0,-0.38040526956486354,-0.12015977574218552,0.26024549382267803
graphql-net,2020-05-13T23:39:32.988Z,3,4,5,3,3,4,3,6,4,0,9,6,7,9,3,3,4,3.875,5.125,1.1259916264596033,3.181980515339464,1.25,0.3225806451612903,0.11334674714956407,0.006802721088435374,0.0,0.0,0.2700078623965575,0.45093689442627954,0.18092903202972205
microcks,2023-11-28T18:42:32.801Z,2,5,2,2,2,2,2,5,4,3,5,5,2,6,3,6,2,2.75,4.0,1.3887301496588271,1.6903085094570331,1.25,0.45454545454545453,0.015873015873015876,0.004761904761904762,0.0,0.0,-0.022678046986081946,0.19394339285047027,0.21662143983655222
unofficial-shopee-php,2024-07-15T03:40:55.477Z,0,0,0,0,0,0,0,0,0,1,1,0,3,1,2,1,1,0.0,1.25,0.0,0.8864052604279183,1.25,inf,0.0,0.017316017316017316,0.0,0.0,-0.7381324921436451,-0.4342629443348413,0.30386954780880376
sled,2019-07-23T10:10:47.227Z,5,2,3,2,4,4,4,3,3,7,6,3,3,3,4,6,5,3.375,4.625,1.0606601717798212,1.5979898086569353,1.25,0.37037037037037035,0.0007558578987150419,0.040293040293040296,0.0,0.0,0.1399252360042733,0.33671756039258655,0.19679232438831323
dnscrypt,2019-07-19T18:00:08.162Z,2,3,2,2,2,1,5,2,4,2,2,6,3,4,3,3,6,2.375,3.625,1.1877349391654206,1.5979898086569353,1.25,0.5263157894736842,0.02953586497890297,0.20812520812520813,0.0,0.0,-0.1202400167802951,0.10827889232520051,0.2285189091054956
final-form,2018-03-02T16:34:28.982Z,0,0,0,0,3,6,3,1,3,3,3,3,2,2,3,2,5,1.625,2.875,2.1998376563477846,0.9910312089651149,1.25,0.7692307692307693,0.3248989632753471,0.07012987012987013,0.0,0.0,-0.3153639563687214,-0.063050108725339,0.2523138476433824
sled,2019-07-23T10:10:47.227Z,5,2,3,2,4,4,4,3,3,7,6,3,3,3,4,6,5,3.375,4.625,1.0606601717798212,1.5979898086569353,1.25,0.37037037037037035,0.0007558578987150419,0.040293040293040296,0.0,0.0,0.1399252360042733,0.33671756039258655,0.19679232438831323
typescript-eslint,2019-08-05T17:00:01.575Z,5,7,7,4,6,7,4,12,10,9,6,6,7,7,8,11,8,6.5,7.75,2.5634797778466227,1.6690459207925603,1.25,0.19230769230769232,0.16770186335403728,0.17582417582417587,0.0,0.0,0.9529416509560497,1.0505883981031678,0.09764674714711818
npkill,2019-08-28T20:24:55.399Z,0,0,0,0,0,0,2,2,6,2,2,1,2,3,0,2,2,0.5,1.75,0.9258200997725514,0.8864052604279183,1.25,2.5,0.5714285714285715,0.004329004329004329,0.0,0.0,-0.6080498657513609,-0.3200436103011483,0.2880062554502126
intelligo,2019-04-17T01:54:28.551Z,0,1,0,1,1,1,1,0,1,1,1,1,1,4,2,3,2,0.625,1.875,0.5175491695067657,1.1259916264596033,1.25,2.0,0.028571428571428577,0.35479543930248164,0.0,0.0,-0.5755292091532899,-0.29148877679272506,0.2840404323605648
deskreen,2021-01-19T08:22:26.873Z,0,0,0,1,1,0,1,1,7,8,3,0,1,2,0,0,0,0.5,1.75,0.5345224838248488,2.7645717829090897,1.25,2.5,0.42857142857142866,0.545171339563863,0.0,0.0,-0.6080498657513609,-0.3200436103011483,0.2880062554502126
poweradmin,2022-01-27T02:34:13.532Z,0,0,0,0,0,0,1,1,2,1,2,2,0,2,0,2,3,0.25,1.5,0.4629100498862757,1.0690449676496976,1.25,5.0,0.5714285714285715,0.07440476190476189,0.0,0.0,-0.673091178947503,-0.3771532773179948,0.2959379016295082
korge,2020-01-23T06:23:55.301Z,0,0,0,0,0,0,0,0,0,0,0,0,0,0,2,4,4,0.0,1.25,0.0,1.8322507626258084,1.25,inf,0.0,0.7386018237082068,0.0,0.0,-0.7381324921436451,-0.4342629443348413,0.30386954780880376
tastyigniter,2020-03-18T22:19:54.568Z,1,1,1,1,1,1,1,1,2,2,3,2,1,3,2,2,2,1.0,2.125,0.0,0.6408699444616557,1.125,1.125,0.0,0.01863354037267081,0.0,0.0,-0.47796723935907665,-0.23437910977587853,0.24358812958319812
material-table,2019-12-06T02:02:24.377Z,3,7,9,4,9,7,10,8,1,4,5,4,5,10,13,13,12,7.125,8.25,2.4748737341529163,4.131758532565591,1.125,0.15789473684210525,0.3333333333333334,0.8160988244670256,0.0,0.0,1.1155449339464047,1.1648077321368608,0.04926279819045609
endpoints4s,2021-07-19T16:44:44.847Z,4,2,3,4,2,2,2,3,3,7,2,7,6,2,3,2,2,2.75,3.875,0.8864052604279183,2.3566016694748027,1.125,0.4090909090909091,0.15584415584415587,0.39825447864033087,0.0,0.0,-0.022678046986081946,0.16538855934204702,0.18806660632812897
tastyigniter,2020-03-18T22:19:54.568Z,1,1,1,1,1,1,1,1,2,2,3,2,1,3,2,2,2,1.0,2.125,0.0,0.6408699444616557,1.125,1.125,0.0,0.01863354037267081,0.0,0.0,-0.47796723935907665,-0.23437910977587853,0.24358812958319812
eslint,2019-02-07T00:19:05.154Z,7,7,5,5,5,7,8,7,9,8,6,8,8,7,6,7,10,6.375,7.5,1.1877349391654206,1.3093073414159542,1.125,0.17647058823529413,0.07293550331525019,0.07142857142857144,0.0,0.0,0.9204209943579785,0.9934787310863212,0.0730577367283427
pest,2022-10-10T15:58:05.795Z,0,0,1,0,1,7,2,1,3,3,1,3,2,1,5,2,4,1.5,2.625,2.3299294900428698,1.4078859531733587,1.125,0.75,0.2030075187969925,0.12398112398112401,0.0,0.0,-0.34788461296679246,-0.12015977574218552,0.22772483722460696
cantera,2022-04-05T18:47:04.498Z,7,5,4,6,5,7,7,6,9,8,11,10,5,7,8,3,4,5.875,7.0,1.1259916264596033,2.8284271247461903,1.125,0.19148936170212766,0.08115358819584173,0.5510204081632651,0.0,0.0,0.7903383679656943,0.8792593970526283,0.088921029086934
cantera,2022-04-05T18:47:04.498Z,7,5,4,6,5,7,7,6,9,8,11,10,5,7,8,3,4,5.875,7.0,1.1259916264596033,2.8284271247461903,1.125,0.19148936170212766,0.08115358819584173,0.5510204081632651,0.0,0.0,0.7903383679656943,0.8792593970526283,0.088921029086934
create-react-app,2019-08-12T09:36:37.398Z,4,5,6,7,8,7,4,4,7,7,9,5,7,6,7,6,7,5.625,6.75,1.5979898086569353,1.1649647450214349,1.125,0.2,0.000333000333000333,0.06265664160401004,0.0,0.0,0.7252970547695522,0.8221497300357818,0.09685267526622965
assemblyscript,2018-09-29T21:22:25.797Z,1,2,4,4,3,2,3,0,4,5,3,5,6,4,3,1,1,2.375,3.5,1.4078859531733587,1.8516401995451028,1.125,0.47368421052631576,0.03474903474903474,0.5248015873015874,0.0,0.0,-0.1202400167802951,0.07972405881677726,0.19996407559707235
libplacebo,2021-01-05T21:09:36.285Z,2,3,2,0,1,1,3,1,3,1,1,3,4,2,4,4,3,1.625,2.75,1.0606601717798212,1.2817398889233114,1.125,0.6923076923076923,0.061224489795918366,0.46583850931677034,0.0,0.0,-0.3153639563687214,-0.09160494223376225,0.22375901413495913
gwdevhub_collective,2023-12-15T06:44:35.169Z,1,1,2,3,2,3,4,3,4,3,1,3,4,5,4,4,4,2.375,3.5,1.0606601717798212,1.1952286093343936,1.125,0.47368421052631576,0.726379440665155,0.4023809523809525,0.0,0.0,-0.1202400167802951,0.07972405881677726,0.19996407559707235
jscpd,2018-12-17T04:29:34.793Z,1,0,2,0,0,0,0,2,2,2,1,1,3,2,2,1,2,0.625,1.75,0.9161253813129042,0.7071067811865476,1.125,1.8,0.0010131712259371837,0.006802721088435374,0.0,0.0,-0.5755292091532899,-0.3200436103011483,0.25548559885214156
podsframework,2021-07-22T06:16:10.631Z,2,2,2,3,3,4,4,4,4,3,6,7,3,3,4,4,3,3.0,4.125,0.9258200997725514,1.5526475085202969,1.125,0.375,0.8928571428571432,0.127336860670194,0.0,0.0,0.04236326621006016,0.22249822635889352,0.18013496014883335
react-three-fiber,2019-09-12T00:58:24.973Z,0,1,3,2,3,7,3,2,5,5,2,5,4,2,4,2,6,2.625,3.75,2.0658792662827956,1.5811388300841898,1.125,0.42857142857142855,0.27276349870492145,0.001360544217687075,0.0,0.0,-0.055198703584153,0.13683372583362377,0.19203242941777676
podsframework,2021-07-22T06:16:10.631Z,2,2,2,3,3,4,4,4,4,3,6,7,3,3,4,4,3,3.0,4.125,0.9258200997725514,1.5526475085202969,1.125,0.375,0.8928571428571432,0.127336860670194,0.0,0.0,0.04236326621006016,0.22249822635889352,0.18013496014883335
libplacebo,2021-01-05T21:09:36.285Z,2,3,2,0,1,1,3,1,3,1,1,3,4,2,4,4,3,1.625,2.75,1.0606601717798212,1.2817398889233114,1.125,0.6923076923076923,0.061224489795918366,0.46583850931677034,0.0,0.0,-0.3153639563687214,-0.09160494223376225,0.22375901413495913
typia,2022-10-24T10:42:32.894Z,0,0,2,1,1,14,2,2,16,9,3,3,3,3,4,2,4,2.75,3.875,4.621378891320518,2.1671244937540095,1.125,0.4090909090909091,0.1433349259436216,0.24787253304363568,0.0,0.0,-0.022678046986081946,0.16538855934204702,0.18806660632812897
jaeles-project,2019-12-01T17:37:53.784Z,0,0,0,0,0,0,0,1,4,1,1,1,1,1,3,1,1,0.125,1.25,0.3535533905932738,0.7071067811865476,1.125,9.0,0.3333333333333334,0.061224489795918366,0.0,0.0,-0.705611835545574,-0.4342629443348413,0.27134889121073275
androidlocalizeplugin,2022-09-30T10:18:17.992Z,1,1,0,0,1,1,1,2,3,4,4,1,1,1,3,1,1,0.875,2.0,0.6408699444616557,1.4142135623730951,1.125,1.2857142857142858,0.25051759834368537,0.3826530612244898,0.0,0.0,-0.5104878959571477,-0.26293394328430175,0.24755395267284597
semantic-release,2021-05-06T15:34:23.381Z,2,3,2,0,6,12,7,3,10,7,5,5,6,8,8,2,3,4.375,5.5,3.814914340921881,2.2038926600773587,1.125,0.2571428571428571,0.23190184049079757,0.17927170868347345,0.0,0.0,0.40009048878884174,0.5366013949515493,0.1365109061627076
material-table,2019-12-06T02:02:24.377Z,3,7,9,4,9,7,10,8,1,4,5,4,5,10,13,13,12,7.125,8.25,2.4748737341529163,4.131758532565591,1.125,0.15789473684210525,0.3333333333333334,0.8160988244670256,0.0,0.0,1.1155449339464047,1.1648077321368608,0.04926279819045609
jscpd,2018-12-17T04:29:34.793Z,1,0,2,0,0,0,0,2,2,2,1,1,3,2,2,1,2,0.625,1.75,0.9161253813129042,0.7071067811865476,1.125,1.8,0.0010131712259371837,0.006802721088435374,0.0,0.0,-0.5755292091532899,-0.3200436103011483,0.25548559885214156
octobox,2017-01-16T11:26:19.156Z,0,0,0,0,0,0,0,25,10,3,1,6,4,3,3,7,7,3.125,4.25,8.838834764831844,2.187627547301936,1.125,0.36,0.3333333333333334,0.4093816631130065,0.0,0.0,0.0748839228081312,0.2510530598673168,0.17616913705918558
jaeles-project,2019-12-01T17:37:53.784Z,0,0,0,0,0,0,0,1,4,1,1,1,1,1,3,1,1,0.125,1.25,0.3535533905932738,0.7071067811865476,1.125,9.0,0.3333333333333334,0.061224489795918366,0.0,0.0,-0.705611835545574,-0.4342629443348413,0.27134889121073275
restsharp,2021-12-13T19:29:09.775Z,0,3,0,3,0,0,2,0,3,2,2,3,3,1,2,3,1,1.0,2.125,1.4142135623730951,0.8345229603962802,1.125,1.125,0.027210884353741496,0.05982905982905986,0.0,0.0,-0.47796723935907665,-0.23437910977587853,0.24358812958319812
kairos-research-lab,2022-11-11T21:20:15.887Z,0,0,0,0,0,1,3,2,4,3,3,2,1,1,3,1,1,0.75,1.875,1.1649647450214349,0.9910312089651149,1.125,1.5,0.6416040100250628,0.3818181818181819,0.0,0.0,-0.5430085525552187,-0.29148877679272506,0.2515197757624937
web-scrobbler,2022-04-01T23:14:22.198Z,0,4,7,5,4,5,4,4,5,3,4,6,4,6,7,6,6,4.125,5.25,1.9594095320493146,1.3887301496588271,1.125,0.2727272727272727,0.09767441860465118,0.5714285714285713,0.0,0.0,0.33504917559269964,0.4794917279347028,0.14444255234200315
hypha,2021-02-03T15:41:32.581Z,5,5,5,3,4,4,2,4,3,4,3,6,5,5,7,6,5,4.0,5.125,1.0690449676496976,1.2464234547582247,1.125,0.28125,0.42857142857142866,0.3420908593322387,0.0,0.0,0.30252851899462857,0.45093689442627954,0.14840837543165097
androidlocalizeplugin,2022-09-30T10:18:17.992Z,1,1,0,0,1,1,1,2,3,4,4,1,1,1,3,1,1,0.875,2.0,0.6408699444616557,1.4142135623730951,1.125,1.2857142857142858,0.25051759834368537,0.3826530612244898,0.0,0.0,-0.5104878959571477,-0.26293394328430175,0.24755395267284597
heroui,2022-02-18T11:57:02.937Z,1,1,1,2,3,1,1,5,6,3,3,4,4,6,2,1,1,1.875,3.0,1.4577379737113252,1.6903085094570331,1.125,0.6,0.3365346138455382,0.23333333333333336,0.0,0.0,-0.2503226431725793,-0.034495275216915755,0.21582736795566354
renative,2019-08-23T18:16:07.632Z,1,2,3,3,3,6,3,5,4,5,5,6,2,3,5,4,5,3.25,4.375,1.5811388300841898,1.3024701806293193,1.125,0.34615384615384615,0.6000000000000001,0.024561403508771933,0.0,0.0,0.10740457940620227,0.27960789337574005,0.17220331396953778
single-spa,2020-01-30T21:33:37.866Z,3,3,1,0,2,0,3,0,1,2,6,5,3,2,3,0,0,1.5,2.625,1.4142135623730951,2.1339098923270936,1.125,0.75,0.20578231292517005,0.4857142857142859,0.0,0.0,-0.34788461296679246,-0.12015977574218552,0.22772483722460696
renative,2019-08-23T18:16:07.632Z,1,2,3,3,3,6,3,5,4,5,5,6,2,3,5,4,5,3.25,4.375,1.5811388300841898,1.3024701806293193,1.125,0.34615384615384615,0.6000000000000001,0.024561403508771933,0.0,0.0,0.10740457940620227,0.27960789337574005,0.17220331396953778
falcon,2018-10-06T16:14:40.026Z,0,0,3,7,1,3,4,0,2,1,6,4,6,3,1,6,0,2.25,3.375,2.4928469095164494,2.5035688811888406,1.125,0.5,0.026819923371647524,0.0489757156423823,0.0,0.0,-0.15276067337836616,0.051169225308354,0.20392989868672015
statoscope,2021-03-10T23:25:18.271Z,0,0,0,1,1,2,1,2,3,1,2,2,1,1,4,3,1,0.875,1.875,0.8345229603962802,1.1259916264596033,1.0,1.1428571428571428,0.7631257631257632,0.08115358819584173,0.0,0.0,-0.5104878959571477,-0.29148877679272506,0.21899911916442266
platypus,2021-05-03T05:09:58.730Z,0,1,0,0,1,1,1,1,2,2,2,2,2,1,0,1,3,0.625,1.625,0.5175491695067657,0.9161253813129042,1.0,1.6,0.38412698412698415,0.025329280648429587,0.0,0.0,-0.5755292091532899,-0.34859844380957156,0.2269307653437183
greenshot,2019-09-18T00:33:48.616Z,0,0,0,0,0,0,0,0,0,0,0,0,0,1,1,3,3,0.0,1.0,0.0,1.3093073414159542,1.0,inf,0.0,0.7936507936507936,0.0,0.0,-0.7381324921436451,-0.4913726113516878,0.24675988079195726
react-ace,2017-05-26T19:00:58.820Z,3,3,2,0,2,1,1,2,3,2,2,4,2,5,4,2,1,1.75,2.75,1.0350983390135313,1.3887301496588271,1.0,0.5714285714285714,0.2571428571428572,0.007054673721340389,0.0,0.0,-0.28284329977065037,-0.09160494223376225,0.19123835753688812
platypus,2021-05-03T05:09:58.730Z,0,1,0,0,1,1,1,1,2,2,2,2,2,1,0,1,3,0.625,1.625,0.5175491695067657,0.9161253813129042,1.0,1.6,0.38412698412698415,0.025329280648429587,0.0,0.0,-0.5755292091532899,-0.34859844380957156,0.2269307653437183
statoscope,2021-03-10T23:25:18.271Z,0,0,0,1,1,2,1,2,3,1,2,2,1,1,4,3,1,0.875,1.875,0.8345229603962802,1.1259916264596033,1.0,1.1428571428571428,0.7631257631257632,0.08115358819584173,0.0,0.0,-0.5104878959571477,-0.29148877679272506,0.21899911916442266
arrow,2020-12-10T12:42:21.874Z,2,4,2,3,2,4,2,4,5,4,4,2,5,4,4,4,4,2.875,3.875,0.9910312089651149,0.8345229603962802,1.0,0.34782608695652173,0.07012987012987013,0.030525030525030524,0.0,0.0,0.009842609611989106,0.16538855934204702,0.15554594973005792
activeadmin,2019-02-02T17:17:19.999Z,1,0,3,3,1,2,3,2,3,2,1,2,4,3,2,5,4,1.875,2.875,1.1259916264596033,1.3562026818605375,1.0,0.5333333333333333,0.19382964453386992,0.5034674063800277,0.0,0.0,-0.2503226431725793,-0.063050108725339,0.1872725344472403
kaffy,2020-07-29T23:26:04.040Z,0,0,0,0,0,0,3,5,4,5,4,2,3,2,0,0,0,1.0,2.0,1.927248223318863,1.927248223318863,1.0,1.0,0.5723443223443225,0.88003663003663,0.0,0.0,-0.47796723935907665,-0.26293394328430175,0.2150332960747749
react-ace,2017-05-26T19:00:58.820Z,3,3,2,0,2,1,1,2,3,2,2,4,2,5,4,2,1,1.75,2.75,1.0350983390135313,1.3887301496588271,1.0,0.5714285714285714,0.2571428571428572,0.007054673721340389,0.0,0.0,-0.28284329977065037,-0.09160494223376225,0.19123835753688812
galacean,2021-07-15T06:24:33.904Z,0,1,7,7,6,9,7,6,6,9,6,9,8,4,1,9,5,5.375,6.375,3.1594529363709243,2.9246489410818914,1.0,0.18604651162790697,0.5050685748360167,0.1671140272392882,0.0,0.0,0.6602557415734102,0.7364852295105121,0.07622948793710194
pgrouting,2020-06-09T21:26:35.672Z,4,2,4,4,2,0,0,7,7,8,4,1,4,3,4,4,3,2.875,3.875,2.3566016694748027,1.9594095320493146,1.0,0.34782608695652173,0.001378043178686266,0.16146179401993357,0.0,0.0,0.009842609611989106,0.16538855934204702,0.15554594973005792
openaddresses,2020-01-04T16:05:09.586Z,3,7,4,3,5,5,5,7,6,9,7,4,7,3,5,7,5,4.875,5.875,1.5526475085202969,1.9594095320493146,1.0,0.20512820512820512,0.1865961199294533,0.18626799557032114,0.0,0.0,0.530173115181126,0.6222658954768191,0.09209278029569312
saasfly,2024-04-19T15:11:29.449Z,0,0,0,0,0,0,0,1,2,2,1,2,2,1,1,0,0,0.125,1.125,0.3535533905932738,0.8345229603962802,1.0,8.0,0.3333333333333334,0.6459096459096461,0.0,0.0,-0.705611835545574,-0.46281777784326456,0.2427940577023095
bbchallenge,2024-09-12T14:43:56.913Z,0,0,0,0,1,2,1,1,1,3,1,1,2,1,3,1,1,0.625,1.625,0.7440238091428449,0.9161253813129042,1.0,1.6,0.554531490015361,0.08206686930091188,0.0,0.0,-0.5755292091532899,-0.34859844380957156,0.2269307653437183
onedark-pro,2021-07-06T14:56:57.118Z,2,2,1,3,0,2,1,0,3,3,3,3,2,2,2,2,2,1.375,2.375,1.0606601717798212,0.5175491695067657,1.0,0.7272727272727273,0.27286470143613006,0.7142857142857144,0.0,0.0,-0.38040526956486354,-0.17726944275903203,0.2031358268058315
numpy,2021-06-14T21:16:20.425Z,16,17,16,20,20,15,18,21,21,14,18,22,23,16,19,24,15,17.875,18.875,2.2320714274285347,3.7961446607992015,1.0,0.055944055944055944,0.23365762075439497,0.02602230483271376,0.0,0.0,3.912321401380515,3.5919685803528374,-0.3203528210276776
spaceship-prompt,2022-01-15T10:46:04.415Z,2,4,4,3,1,5,0,1,3,4,3,1,4,2,1,6,7,2.5,3.5,1.7728105208558367,2.2038926600773587,1.0,0.4,0.1829004329004329,0.20238095238095244,0.0,0.0,-0.08771936018222405,0.07972405881677726,0.1674434189990013
supertinyicons,2020-10-18T13:42:45.718Z,0,3,2,2,0,2,1,1,10,4,3,0,2,0,0,8,2,1.375,2.375,1.0606601717798212,2.7222627143085005,1.0,0.7272727272727273,0.018896447467876037,0.009294320137693633,0.0,0.0,-0.38040526956486354,-0.17726944275903203,0.2031358268058315
timecat,2020-07-21T07:44:03.772Z,0,0,0,1,2,2,1,1,4,2,3,3,2,1,2,1,1,0.875,1.875,0.8345229603962802,0.8345229603962802,1.0,1.1428571428571428,0.4407814407814407,0.5384615384615385,0.0,0.0,-0.5104878959571477,-0.29148877679272506,0.21899911916442266
spaceship-prompt,2022-01-15T10:46:04.415Z,2,4,4,3,1,5,0,1,3,4,3,1,4,2,1,6,7,2.5,3.5,1.7728105208558367,2.2038926600773587,1.0,0.4,0.1829004329004329,0.20238095238095244,0.0,0.0,-0.08771936018222405,0.07972405881677726,0.1674434189990013
betterdisplay,2021-10-28T17:10:29.989Z,0,0,0,0,0,0,0,0,1,1,1,1,1,1,1,1,1,0.0,1.0,0.0,0.0,1.0,inf,0.0,0.0,0.0,0.0,-0.7381324921436451,-0.4913726113516878,0.24675988079195726
spaceship-prompt,2022-01-15T10:46:04.415Z,2,4,4,3,1,5,0,1,3,4,3,1,4,2,1,6,7,2.5,3.5,1.7728105208558367,2.2038926600773587,1.0,0.4,0.1829004329004329,0.20238095238095244,0.0,0.0,-0.08771936018222405,0.07972405881677726,0.1674434189990013
hledger,2017-01-20T19:21:45.076Z,2,1,3,2,2,3,3,4,8,2,6,3,2,4,6,3,2,2.5,3.5,0.9258200997725514,1.6903085094570331,1.0,0.4,0.5714285714285715,0.004761904761904762,0.0,0.0,-0.08771936018222405,0.07972405881677726,0.1674434189990013
html-webpack-plugin,2018-03-27T22:39:21.782Z,2,0,0,1,0,0,0,3,2,1,1,1,1,1,3,3,3,0.75,1.75,1.1649647450214349,1.0350983390135313,1.0,1.3333333333333333,0.02255639097744362,0.7142857142857144,0.0,0.0,-0.5430085525552187,-0.3200436103011483,0.22296494225407043
ng-matero,2020-02-05T02:59:24.724Z,1,2,1,2,1,1,1,1,4,2,3,3,2,1,4,1,1,1.25,2.125,0.4629100498862757,1.1259916264596033,0.875,0.7,0.14285714285714288,0.15090543259557349,0.0,0.0,-0.41292592616293455,-0.23437910977587853,0.17854681638705602
cdnjs,2019-07-08T16:09:49.102Z,4,3,4,5,2,3,3,3,2,2,4,0,8,1,2,8,9,3.375,4.25,0.9161253813129042,3.575711717366808,0.875,0.25925925925925924,0.17122593718338402,0.3075285980313914,0.0,0.0,0.1399252360042733,0.2510530598673168,0.11112782386304348
ng-matero,2020-02-05T02:59:24.724Z,1,2,1,2,1,1,1,1,4,2,3,3,2,1,4,1,1,1.25,2.125,0.4629100498862757,1.1259916264596033,0.875,0.7,0.14285714285714288,0.15090543259557349,0.0,0.0,-0.41292592616293455,-0.23437910977587853,0.17854681638705602
mapswipe,2020-06-23T16:35:24.594Z,2,1,2,0,1,1,4,2,4,4,2,3,2,2,4,2,1,1.625,2.5,1.1877349391654206,1.0690449676496976,0.875,0.5384615384615384,0.10186859553948165,0.24107142857142852,0.0,0.0,-0.3153639563687214,-0.14871460925060875,0.16664934711811263
darkreader,2018-03-13T08:01:17.039Z,2,1,1,2,1,2,2,4,2,3,3,4,2,3,1,3,3,1.875,2.75,0.9910312089651149,0.8864052604279183,0.875,0.4666666666666667,0.3818181818181819,0.06926406926406926,0.0,0.0,-0.2503226431725793,-0.09160494223376225,0.15871770093881704
openhv,2023-04-08T16:08:58.534Z,1,2,2,3,4,2,1,2,3,2,2,2,3,4,5,2,4,2.125,3.0,0.9910312089651149,1.1952286093343936,0.875,0.4117647058823529,0.007792207792207791,0.3428571428571429,0.0,0.0,-0.1852813299764372,-0.034495275216915755,0.15078605475952145
appium,2024-05-01T06:56:54.106Z,2,4,6,5,5,6,4,6,6,6,7,6,6,5,5,5,5,4.75,5.625,1.3887301496588271,0.7440238091428449,0.875,0.18421052631578946,0.34567901234567916,0.6774193548387099,0.0,0.0,0.4976524585830549,0.5651562284599726,0.0675037698769177
phpstan-drupal,2021-03-04T02:05:31.169Z,1,2,0,2,0,1,1,1,1,1,1,1,1,2,1,3,5,1.0,1.875,0.7559289460184544,1.4577379737113252,0.875,0.875,0.02380952380952382,0.6086434573829532,0.0,0.0,-0.47796723935907665,-0.29148877679272506,0.1864784625663516
wechaty,2019-05-03T09:31:19.226Z,3,4,2,3,3,2,3,4,2,3,6,4,5,3,2,4,4,3.0,3.875,0.7559289460184544,1.2464234547582247,0.875,0.2916666666666667,0.005952380952380955,0.06622879036672143,0.0,0.0,0.04236326621006016,0.16538855934204702,0.12302529313198686
opencollective-oss,2017-08-05T18:48:10.517Z,0,0,0,0,0,0,0,0,0,0,1,1,0,0,2,2,1,0.0,0.875,0.0,0.8345229603962802,0.875,inf,0.0,0.2747252747252748,0.0,0.0,-0.7381324921436451,-0.519927444860111,0.21820504728353407
warriorjs,2018-05-08T19:29:36.330Z,0,0,0,0,0,0,0,1,10,1,2,1,2,1,0,1,0,0.125,1.0,0.3535533905932738,0.7559289460184544,0.875,7.0,0.3333333333333334,0.3809523809523811,0.0,0.0,-0.705611835545574,-0.4913726113516878,0.21423922419388625
alfio,2019-08-25T15:29:57.540Z,2,3,4,3,3,3,4,4,4,4,5,5,2,2,3,6,6,3.25,4.125,0.7071067811865476,1.6420805617960925,0.875,0.2692307692307692,0.43537414965986393,0.053295490381583106,0.0,0.0,0.10740457940620227,0.22249822635889352,0.11509364695269125
liquidjs,2020-02-26T15:51:42.909Z,2,3,5,2,3,3,4,3,4,7,4,3,5,3,3,3,4,3.125,4.0,0.9910312089651149,1.4142135623730951,0.875,0.28,0.04242424242424243,0.3333333333333334,0.0,0.0,0.0748839228081312,0.19394339285047027,0.11905947004233906
react-pdf,2017-06-06T17:11:19.481Z,1,0,1,1,0,1,2,3,3,2,1,1,2,1,1,4,4,1.125,2.0,0.9910312089651149,1.3093073414159542,0.875,0.7777777777777778,0.45800865800865803,0.3888888888888891,0.0,0.0,-0.4454465827610056,-0.26293394328430175,0.18251263947670388
kmon,2020-04-01T17:22:30.543Z,0,0,0,1,1,1,1,2,3,3,2,3,1,1,1,0,2,0.75,1.625,0.7071067811865476,1.0606601717798212,0.875,1.1666666666666667,0.8231292517006802,0.3998488284202571,0.0,0.0,-0.5430085525552187,-0.34859844380957156,0.19441010874564718
ancientbeast,2019-12-06T21:57:36.039Z,2,2,0,1,1,4,4,2,3,1,1,4,3,1,5,3,5,2.0,2.875,1.4142135623730951,1.7268882005337973,0.875,0.4375,0.20578231292517005,0.433704020530368,0.0,0.0,-0.21780198657450825,-0.063050108725339,0.15475187784916924
webonyx-graphql-php,2019-04-03T19:41:22.440Z,3,3,5,5,5,3,5,4,2,5,4,5,6,5,5,6,4,4.125,5.0,0.9910312089651149,0.7559289460184544,0.875,0.21212121212121213,0.10476190476190475,0.005952380952380955,0.0,0.0,0.33504917559269964,0.4223820609178563,0.08733288532515665
xrdp-project,2023-12-21T16:47:23.372Z,5,4,3,1,1,5,2,1,4,3,4,4,5,5,2,3,3,2.75,3.625,1.752549163769328,1.0606601717798212,0.875,0.3181818181818182,0.283499446290144,0.09145880574452006,0.0,0.0,-0.022678046986081946,0.10827889232520051,0.13095693931128244
kumbiaphp,2020-01-15T15:45:33.981Z,1,1,1,0,0,0,0,0,2,2,0,1,2,2,1,1,1,0.375,1.25,0.5175491695067657,0.7071067811865476,0.875,2.3333333333333335,0.7142857142857144,0.006802721088435374,0.0,0.0,-0.6405705223494319,-0.4342629443348413,0.2063075780145906
grapesjs,2017-10-03T04:04:28.077Z,1,1,3,1,2,4,4,5,5,7,3,3,2,4,7,1,1,2.625,3.5,1.5979898086569353,2.390457218668787,0.875,0.3333333333333333,0.7355977355977356,0.21488095238095237,0.0,0.0,-0.055198703584153,0.07972405881677726,0.13492276240093026
nexrender,2019-12-09T08:31:37.067Z,3,2,2,5,3,3,3,2,4,2,2,2,4,8,2,7,3,2.875,3.75,0.9910312089651149,2.434865792722759,0.875,0.30434782608695654,0.0008658008658008659,0.18588640275387258,0.0,0.0,0.009842609611989106,0.13683372583362377,0.12699111622163467
simply,2022-02-17T05:54:27.338Z,0,1,0,0,1,0,1,1,1,1,1,1,3,1,3,0,1,0.5,1.375,0.5345224838248488,1.0606601717798212,0.875,1.75,0.1904761904761905,0.0007558578987150419,0.0,0.0,-0.6080498657513609,-0.40570811082641806,0.20234175492494283
simply,2022-02-17T05:54:27.338Z,0,1,0,0,1,0,1,1,1,1,1,1,3,1,3,0,1,0.5,1.375,0.5345224838248488,1.0606601717798212,0.875,1.75,0.1904761904761905,0.0007558578987150419,0.0,0.0,-0.6080498657513609,-0.40570811082641806,0.20234175492494283
kumbiaphp,2020-01-15T15:45:33.981Z,1,1,1,0,0,0,0,0,2,2,0,1,2,2,1,1,1,0.375,1.25,0.5175491695067657,0.7071067811865476,0.875,2.3333333333333335,0.7142857142857144,0.006802721088435374,0.0,0.0,-0.6405705223494319,-0.4342629443348413,0.2063075780145906
aedes,2020-02-13T22:09:38.530Z,3,2,1,2,1,0,2,4,2,2,5,3,2,3,2,2,3,1.875,2.75,1.2464234547582247,1.0350983390135313,0.875,0.4666666666666667,0.004926108374384239,0.07936507936507936,0.0,0.0,-0.2503226431725793,-0.09160494223376225,0.15871770093881704
nswag,2018-12-16T18:00:50.425Z,3,2,2,7,4,2,2,2,2,2,2,4,3,5,8,5,2,3.0,3.875,1.7728105208558367,2.100170061141308,0.875,0.2916666666666667,0.02705627705627705,0.16213610950453058,0.0,0.0,0.04236326621006016,0.16538855934204702,0.12302529313198686
anndatar,2024-07-24T14:37:55.820Z,3,3,0,0,0,1,0,3,2,2,0,0,3,1,2,4,5,1.25,2.125,1.4880476182856899,1.807721533549109,0.875,0.7,0.055299539170506916,0.5269320843091335,0.0,0.0,-0.41292592616293455,-0.23437910977587853,0.17854681638705602
pufferpanel,2020-08-11T00:21:11.363Z,2,1,2,2,2,2,2,2,2,2,2,3,3,3,3,2,4,1.875,2.75,0.3535533905932738,0.7071067811865476,0.875,0.4666666666666667,0.1700680272108843,0.3333333333333334,0.0,0.0,-0.2503226431725793,-0.09160494223376225,0.15871770093881704
stride3d,2021-10-21T18:13:26.562Z,4,4,4,4,6,2,8,4,8,5,9,10,1,7,3,4,4,4.5,5.375,1.7728105208558367,3.0676887530703443,0.875,0.19444444444444445,0.06926406926406926,0.19960242161380684,0.0,0.0,0.43261114538691275,0.5080465614431261,0.07543541605621334
peerbit,2022-11-21T10:19:08.779Z,0,0,0,0,0,1,0,2,2,0,1,2,1,1,1,2,2,0.375,1.25,0.7440238091428449,0.7071067811865476,0.875,2.3333333333333335,0.4439324116743472,0.43537414965986393,0.0,0.0,-0.6405705223494319,-0.4342629443348413,0.2063075780145906
xgboost,2019-03-04T22:36:17.327Z,12,8,10,8,4,7,6,7,10,14,8,9,8,8,7,8,6,7.75,8.5,2.434865792722759,2.390457218668787,0.75,0.0967741935483871,0.4825014343086631,0.5720238095238096,0.0,0.0,1.27814821693676,1.2219173991537073,-0.05623081778305261
spire,2021-05-24T15:24:18.865Z,1,0,0,0,0,0,0,0,1,1,1,3,1,0,0,0,1,0.125,0.875,0.3535533905932738,0.9910312089651149,0.75,6.0,0.3333333333333334,0.19480519480519481,0.0,0.0,-0.705611835545574,-0.519927444860111,0.18568439068546305
wolvic,2022-10-19T02:38:29.083Z,7,4,3,4,10,12,7,8,4,3,3,4,15,10,9,5,12,6.875,7.625,3.1367635732209265,4.533604683755678,0.75,0.10909090909090909,0.2614294356581109,0.28501096355136324,0.0,0.0,1.0505036207502627,1.0220335645947445,-0.02847005615551823
nodemon,2017-12-07T20:28:06.923Z,1,0,0,0,1,4,2,0,6,1,1,1,2,2,1,4,2,1.0,1.75,1.4142135623730951,1.0350983390135313,0.75,0.75,0.10884353741496598,0.38412698412698415,0.0,0.0,-0.47796723935907665,-0.3200436103011483,0.15792362905792834
farmos,2019-02-20T17:48:15.716Z,2,4,1,1,2,1,3,2,4,3,1,3,3,6,2,2,2,2.0,2.75,1.0690449676496976,1.4880476182856899,0.75,0.375,0.011904761904761906,0.001536098310291859,0.0,0.0,-0.21780198657450825,-0.09160494223376225,0.126197044340746
mkdocs,2023-08-29T15:37:49.267Z,0,1,0,0,4,1,3,5,3,4,3,2,3,1,2,1,4,1.75,2.5,1.9820624179302297,1.1952286093343936,0.75,0.42857142857142855,0.5852813852813852,0.08571428571428573,0.0,0.0,-0.28284329977065037,-0.14871460925060875,0.13412869052004162
skia4delphi,2022-02-16T01:07:36.870Z,0,0,2,2,2,0,0,0,2,2,2,2,0,0,2,2,2,0.75,1.5,1.0350983390135313,0.9258200997725514,0.75,1.0,0.028571428571428577,0.0,0.0,0.0,-0.5430085525552187,-0.3771532773179948,0.16585527523722393
synfig,2020-04-15T21:36:30.861Z,9,5,8,7,6,6,5,12,9,10,8,9,7,4,13,10,3,7.25,8.0,2.3754698783308412,3.295017884191656,0.75,0.10344827586206896,0.02953586497890297,0.07048872180451128,0.0,0.0,1.1480655905444759,1.1076980651200143,-0.04036752542446154
wexond,2019-05-02T14:33:53.644Z,2,2,2,1,1,1,1,2,3,3,2,5,1,2,2,2,1,1.5,2.25,0.5345224838248488,1.2817398889233114,0.75,0.5,0.1904761904761905,0.25051759834368537,0.0,0.0,-0.34788461296679246,-0.20582427626745528,0.14206033669933718
postcss,2019-12-23T19:20:30.096Z,2,1,2,1,1,2,2,1,3,1,4,2,2,3,3,1,2,1.5,2.25,0.5345224838248488,1.0350983390135313,0.75,0.5,0.011904761904761906,0.0126984126984127,0.0,0.0,-0.34788461296679246,-0.20582427626745528,0.14206033669933718
spire,2021-05-24T15:24:18.865Z,1,0,0,0,0,0,0,0,1,1,1,3,1,0,0,0,1,0.125,0.875,0.3535533905932738,0.9910312089651149,0.75,6.0,0.3333333333333334,0.19480519480519481,0.0,0.0,-0.705611835545574,-0.519927444860111,0.18568439068546305
goreleaser,2018-02-20T15:54:04.885Z,2,3,2,3,4,2,3,3,2,2,4,4,2,3,4,6,3,2.75,3.5,0.7071067811865476,1.3093073414159542,0.75,0.2727272727272727,0.10884353741496598,0.16071428571428573,0.0,0.0,-0.022678046986081946,0.07972405881677726,0.1024021058028592
reach-ui,2019-10-22T16:46:06.645Z,0,2,5,4,8,2,3,7,7,4,4,6,4,5,5,5,4,3.875,4.625,2.6958963523950885,0.7440238091428449,0.75,0.1935483870967742,0.28091728091728096,0.013824884792626729,0.0,0.0,0.2700078623965575,0.33671756039258655,0.06670969799602905
swiper,2021-01-29T07:03:01.329Z,3,1,2,1,2,4,4,4,6,3,4,5,2,3,4,3,3,2.625,3.375,1.3024701806293193,0.9161253813129042,0.75,0.2857142857142857,0.4215538847117794,0.04964539007092201,0.0,0.0,-0.055198703584153,0.051169225308354,0.106367928892507
polybar,2020-12-19T17:24:46.048Z,2,2,1,0,1,1,4,4,6,3,5,2,1,3,1,3,3,1.875,2.625,1.4577379737113252,1.3024701806293193,0.75,0.4,0.2501000400160064,0.0606516290726817,0.0,0.0,-0.2503226431725793,-0.12015977574218552,0.1301628674303938
sfml,2024-10-03T16:43:14.598Z,5,3,6,6,8,8,6,6,5,4,8,8,9,7,6,5,7,6.0,6.75,1.6035674514745462,1.6690459207925603,0.75,0.125,0.29761904761904767,0.0012210012210012214,0.0,0.0,0.8228590245637654,0.8221497300357818,-0.0007092945279835172
react-dropzone,2018-02-26T13:13:39.857Z,2,1,2,2,0,0,1,1,1,0,0,0,0,1,2,8,4,1.125,1.875,0.8345229603962802,2.850438562747845,0.75,0.6666666666666666,0.2747252747252748,0.5886970172684459,0.0,0.0,-0.4454465827610056,-0.29148877679272506,0.15395780596828057
hpy,2020-10-08T09:55:00.977Z,1,4,2,4,1,0,4,5,2,3,2,3,4,4,6,2,3,2.625,3.375,1.8468119248354136,1.3024701806293193,0.75,0.2857142857142857,0.09000249314385442,0.04060150375939849,0.0,0.0,-0.055198703584153,0.051169225308354,0.106367928892507
spire,2021-05-24T15:24:18.865Z,1,0,0,0,0,0,0,0,1,1,1,3,1,0,0,0,1,0.125,0.875,0.3535533905932738,0.9910312089651149,0.75,6.0,0.3333333333333334,0.19480519480519481,0.0,0.0,-0.705611835545574,-0.519927444860111,0.18568439068546305
woographql,2020-02-21T22:51:57.358Z,1,1,2,1,1,1,2,3,2,3,2,2,2,1,1,2,5,1.5,2.25,0.7559289460184544,1.2817398889233114,0.75,0.5,0.3809523809523811,0.051759834368530024,0.0,0.0,-0.34788461296679246,-0.20582427626745528,0.14206033669933718
openchakra,2020-02-19T04:28:18.651Z,0,0,0,0,0,0,0,2,8,2,2,2,0,1,1,0,0,0.25,1.0,0.7071067811865476,0.9258200997725514,0.75,3.0,0.3333333333333334,0.6706349206349207,0.0,0.0,-0.673091178947503,-0.4913726113516878,0.18171856759581523
openseadragon,2021-05-20T18:59:27.893Z,2,1,1,3,1,1,5,1,2,3,2,2,1,2,3,5,3,1.875,2.625,1.4577379737113252,1.1877349391654206,0.75,0.4,0.04841936774709884,0.2176009644364075,0.0,0.0,-0.2503226431725793,-0.12015977574218552,0.1301628674303938
toybox,2022-05-06T02:24:15.211Z,3,4,2,4,2,3,2,3,4,2,3,4,5,3,5,2,5,2.875,3.625,0.8345229603962802,1.3024701806293193,0.75,0.2608695652173913,0.0989010989010989,0.1448621553884712,0.0,0.0,0.009842609611989106,0.10827889232520051,0.0984362827132114
opensid,2019-11-26T20:53:15.317Z,5,6,3,5,7,9,8,9,4,5,7,7,7,8,11,6,7,6.5,7.25,2.138089935299395,1.752549163769328,0.75,0.11538461538461539,0.6257440476190476,0.1339977851605759,0.0,0.0,0.9529416509560497,0.9363690640694747,-0.016572586886574925
tvheadend,2023-12-07T21:24:52.708Z,2,1,5,4,4,2,1,5,4,6,6,3,3,2,5,1,4,3.0,3.75,1.6903085094570331,1.8322507626258084,0.75,0.25,0.042857142857142864,0.29280648429584616,0.0,0.0,0.04236326621006016,0.13683372583362377,0.09447045962356361
accounts-js,2018-07-23T01:39:35.188Z,2,3,2,5,5,5,4,4,6,4,5,5,6,6,3,5,2,3.75,4.5,1.2817398889233114,1.4142135623730951,0.75,0.2,0.40579710144927555,0.1700680272108843,0.0,0.0,0.23748720579848648,0.3081627268841633,0.07067552108567682
sudobot,2024-01-04T05:01:15.548Z,1,1,1,2,2,1,1,2,1,1,2,2,2,1,3,2,4,1.375,2.125,0.5175491695067657,0.9910312089651149,0.75,0.5454545454545454,0.1555555555555556,0.45800865800865803,0.0,0.0,-0.38040526956486354,-0.23437910977587853,0.146026159788985
accounts-js,2018-07-23T01:39:35.188Z,2,3,2,5,5,5,4,4,6,4,5,5,6,6,3,5,2,3.75,4.5,1.2817398889233114,1.4142135623730951,0.75,0.2,0.40579710144927555,0.1700680272108843,0.0,0.0,0.23748720579848648,0.3081627268841633,0.07067552108567682
opensid,2019-11-26T20:53:15.317Z,5,6,3,5,7,9,8,9,4,5,7,7,7,8,11,6,7,6.5,7.25,2.138089935299395,1.752549163769328,0.75,0.11538461538461539,0.6257440476190476,0.1339977851605759,0.0,0.0,0.9529416509560497,0.9363690640694747,-0.016572586886574925
lycheeorg,2024-02-28T14:05:03.336Z,6,3,2,3,2,1,4,4,1,2,6,4,3,1,4,7,4,3.125,3.875,1.5526475085202969,1.9594095320493146,0.75,0.24,0.059611992945326285,0.06400885935769658,0.0,0.0,0.0748839228081312,0.16538855934204702,0.09050463653391581
keepassxc,2019-02-09T06:59:27.144Z,3,4,3,5,7,6,4,3,5,7,5,1,8,0,4,5,11,4.375,5.125,1.5059406173077154,3.603074084326168,0.75,0.17142857142857143,0.04536932883389577,0.05508613349053515,0.0,0.0,0.40009048878884174,0.45093689442627954,0.05084640563743781
lycheeorg,2024-02-28T14:05:03.336Z,6,3,2,3,2,1,4,4,1,2,6,4,3,1,4,7,4,3.125,3.875,1.5526475085202969,1.9594095320493146,0.75,0.24,0.059611992945326285,0.06400885935769658,0.0,0.0,0.0748839228081312,0.16538855934204702,0.09050463653391581
toybox,2022-05-06T02:24:15.211Z,3,4,2,4,2,3,2,3,4,2,3,4,5,3,5,2,5,2.875,3.625,0.8345229603962802,1.3024701806293193,0.75,0.2608695652173913,0.0989010989010989,0.1448621553884712,0.0,0.0,0.009842609611989106,0.10827889232520051,0.0984362827132114
postgres,2023-07-30T10:42:59.228Z,9,9,13,9,9,11,8,8,12,10,5,15,12,8,9,10,13,9.5,10.25,1.6903085094570331,3.1052950170405937,0.75,0.07894736842105263,0.09642857142857143,0.050793650793650814,0.0,0.0,1.7334374093097547,1.6216850682716328,-0.11175234103812182
openseadragon,2021-05-20T18:59:27.893Z,2,1,1,3,1,1,5,1,2,3,2,2,1,2,3,5,3,1.875,2.625,1.4577379737113252,1.1877349391654206,0.75,0.4,0.04841936774709884,0.2176009644364075,0.0,0.0,-0.2503226431725793,-0.12015977574218552,0.1301628674303938
skia4delphi,2022-02-16T01:07:36.870Z,0,0,2,2,2,0,0,0,2,2,2,2,0,0,2,2,2,0.75,1.5,1.0350983390135313,0.9258200997725514,0.75,1.0,0.028571428571428577,0.0,0.0,0.0,-0.5430085525552187,-0.3771532773179948,0.16585527523722393
blacksky,2023-08-11T00:00:25.101Z,0,0,0,0,0,0,1,1,1,1,1,1,1,1,1,1,1,0.25,1.0,0.4629100498862757,0.0,0.75,3.0,0.5714285714285715,0.0,0.0,0.0,-0.673091178947503,-0.4913726113516878,0.18171856759581523
gitoxide,2024-11-30T15:40:04.653Z,6,4,4,5,6,11,6,4,4,4,6,5,9,9,5,9,5,5.75,6.5,2.3145502494313788,2.138089935299395,0.75,0.13043478260869565,0.05142857142857142,0.0900297619047619,0.0,0.0,0.7578177113676233,0.7650400630189353,0.00722235165131202
rottingresearch,2023-05-04T19:28:12.052Z,3,3,0,2,0,3,3,2,2,2,2,2,2,5,2,3,4,2.0,2.75,1.3093073414159542,1.1649647450214349,0.75,0.375,0.0,0.3032581453634087,0.0,0.0,-0.21780198657450825,-0.09160494223376225,0.126197044340746
omigroup,2021-06-30T16:41:44.516Z,0,0,0,0,0,0,3,2,4,1,2,2,1,1,1,1,2,0.625,1.375,1.1877349391654206,0.5175491695067657,0.75,1.2,0.5069318866787224,0.003174603174603175,0.0,0.0,-0.5755292091532899,-0.40570811082641806,0.1698210983268718
mac-cleanup,2021-02-28T15:39:01.522Z,1,2,2,0,0,0,3,0,0,4,0,2,3,3,1,1,0,1.0,1.75,1.1952286093343936,1.4880476182856899,0.75,0.75,0.038095238095238106,0.2596006144393241,0.0,0.0,-0.47796723935907665,-0.3200436103011483,0.15792362905792834
vsformat,2021-03-15T22:00:05.244Z,2,1,2,0,0,1,2,1,2,2,2,1,2,1,1,3,3,1.125,1.875,0.8345229603962802,0.8345229603962802,0.75,0.6666666666666666,0.030525030525030524,0.14774114774114777,0.0,0.0,-0.4454465827610056,-0.29148877679272506,0.15395780596828057
netbootxyz,2019-12-01T22:15:49.500Z,5,0,4,2,1,2,3,2,5,4,3,3,4,2,4,2,3,2.375,3.125,1.5979898086569353,0.8345229603962802,0.75,0.3157894736842105,0.05627705627705628,0.14774114774114777,0.0,0.0,-0.1202400167802951,-0.005940441708492503,0.11429957507180259
mantinedev,2024-12-06T09:53:19.078Z,4,4,4,2,5,5,3,5,3,7,2,2,6,7,5,7,2,4.0,4.75,1.0690449676496976,2.3754698783308412,0.75,0.1875,0.04761904761904762,0.0,0.0,0.0,0.30252851899462857,0.3652723939010098,0.06274387490638123
tvheadend,2023-12-07T21:24:52.708Z,2,1,5,4,4,2,1,5,4,6,6,3,3,2,5,1,4,3.0,3.75,1.6903085094570331,1.8322507626258084,0.75,0.25,0.042857142857142864,0.29280648429584616,0.0,0.0,0.04236326621006016,0.13683372583362377,0.09447045962356361
koko-analytics,2022-08-17T13:08:54.894Z,0,1,1,0,0,1,0,0,1,3,1,2,1,0,0,0,1,0.375,1.0,0.5175491695067657,1.0690449676496976,0.625,1.6666666666666667,0.07936507936507936,0.5029761904761905,0.0,0.0,-0.6405705223494319,-0.4913726113516878,0.1491979109977441
yii2-export,2020-03-18T15:40:35.401Z,0,0,1,0,0,0,0,1,2,0,2,0,1,1,2,1,0,0.25,0.875,0.4629100498862757,0.8345229603962802,0.625,2.5,0.0634920634920635,0.0012210012210012214,0.0,0.0,-0.673091178947503,-0.519927444860111,0.15316373408739203
emplea_do,2018-06-06T03:01:30.620Z,0,0,0,0,0,0,0,0,0,0,3,2,0,0,0,0,0,0.0,0.625,0.0,1.1877349391654206,0.625,inf,0.0,0.2658227848101267,0.0,0.0,-0.7381324921436451,-0.5770371118769576,0.16109538026668746
weg-li,2020-03-26T13:44:20.347Z,1,3,2,2,3,2,2,2,2,4,3,2,2,3,2,4,2,2.125,2.75,0.6408699444616557,0.8864052604279183,0.625,0.29411764705882354,0.01863354037267081,0.06926406926406926,0.0,0.0,-0.1852813299764372,-0.09160494223376225,0.09367638774267495
ants,2021-07-12T14:05:48.171Z,0,0,1,1,1,1,1,1,3,1,2,2,1,0,2,2,1,0.75,1.375,0.4629100498862757,0.7440238091428449,0.625,0.8333333333333334,0.5714285714285715,0.001536098310291859,0.0,0.0,-0.5430085525552187,-0.40570811082641806,0.13730044172880068
translation-plugin,2020-02-18T18:41:53.428Z,1,1,1,2,1,1,1,1,1,1,2,2,1,1,2,2,3,1.125,1.75,0.3535533905932738,0.7071067811865476,0.625,0.5555555555555556,0.006802721088435374,0.3333333333333334,0.0,0.0,-0.4454465827610056,-0.3200436103011483,0.12540297245985732
syspass,2022-04-28T08:50:25.111Z,0,0,0,0,0,0,0,0,0,1,4,0,0,0,0,0,0,0.0,0.625,0.0,1.4078859531733587,0.625,inf,0.0,0.31274131274131284,0.0,0.0,-0.7381324921436451,-0.5770371118769576,0.16109538026668746
syspass,2022-04-28T08:50:25.111Z,0,0,0,0,0,0,0,0,0,1,4,0,0,0,0,0,0,0.0,0.625,0.0,1.4078859531733587,0.625,inf,0.0,0.31274131274131284,0.0,0.0,-0.7381324921436451,-0.5770371118769576,0.16109538026668746
y-collective,2021-04-22T16:27:28.210Z,5,1,1,2,2,2,2,1,5,2,3,1,3,3,3,2,4,2.0,2.625,1.3093073414159542,0.9161253813129042,0.625,0.3125,0.1984126984126984,0.22796352583586635,0.0,0.0,-0.21780198657450825,-0.12015977574218552,0.09764221083232273
quicksilver,2022-02-01T03:27:21.249Z,1,0,1,0,0,1,4,1,2,2,1,2,1,1,1,3,2,1.0,1.625,1.3093073414159542,0.7440238091428449,0.625,0.625,0.1984126984126984,0.0752688172043011,0.0,0.0,-0.47796723935907665,-0.34859844380957156,0.1293687955495051
gerbera-io,2021-01-25T10:44:51.512Z,8,5,5,4,5,4,6,3,10,6,8,9,5,3,2,7,5,5.0,5.625,1.5118578920369088,2.38671920665766,0.625,0.125,0.3809523809523811,0.18286311389759669,0.0,0.0,0.562693771779197,0.5651562284599726,0.0024624566807756043
code-spell-checker,2022-02-13T18:24:35.679Z,4,3,5,4,3,6,3,3,6,3,4,4,5,6,5,4,5,3.875,4.5,1.1259916264596033,0.9258200997725514,0.625,0.16129032258064516,0.016767270288397047,0.32142857142857145,0.0,0.0,0.2700078623965575,0.3081627268841633,0.0381548644876058
circuitverse,2020-05-12T18:32:08.035Z,1,4,5,9,8,13,24,6,15,8,7,8,11,9,16,8,8,8.75,9.375,7.126409634992524,2.9246489410818914,0.625,0.07142857142857142,0.41798941798941797,0.07247241276468833,0.0,0.0,1.5383134697213283,1.42180123371267,-0.11651223600865834
bluez,2024-01-25T17:48:20.036Z,5,6,10,6,8,9,5,6,9,12,9,6,8,7,4,5,9,6.875,7.5,1.8850918886280925,2.5634797778466227,0.625,0.09090909090909091,0.00023929169657812877,0.298136645962733,0.0,0.0,1.0505036207502627,0.9934787310863212,-0.05702488966394148
countries-states-cities,2020-09-18T22:32:57.059Z,0,0,0,0,0,0,0,0,0,2,1,1,0,0,1,0,0,0.0,0.625,0.0,0.7440238091428449,0.625,inf,0.0,0.554531490015361,0.0,0.0,-0.7381324921436451,-0.5770371118769576,0.16109538026668746
anotherredisdesktopmanager,2020-07-09T15:10:10.974Z,0,0,0,1,1,2,1,2,3,2,1,0,1,1,4,2,1,0.875,1.5,0.8345229603962802,1.1952286093343936,0.625,0.7142857142857143,0.7631257631257632,0.05952380952380953,0.0,0.0,-0.5104878959571477,-0.3771532773179948,0.1333346186391529
friends-of-groovy,2019-03-06T06:16:12.803Z,4,4,7,4,3,2,3,3,5,6,4,4,4,4,4,4,5,3.75,4.375,1.4880476182856899,0.7440238091428449,0.625,0.16666666666666666,0.3010752688172044,0.0752688172043011,0.0,0.0,0.23748720579848648,0.27960789337574005,0.04212068757725357
ocrmypdf,2019-09-27T14:09:43.503Z,1,2,2,1,1,0,1,0,0,0,0,0,2,3,4,1,3,1.0,1.625,0.7559289460184544,1.5979898086569353,0.625,0.625,0.4821428571428571,0.5064935064935064,0.0,0.0,-0.47796723935907665,-0.34859844380957156,0.1293687955495051
devstaff,2020-12-15T12:17:43.729Z,1,5,3,1,1,2,2,5,4,3,3,4,2,4,6,1,2,2.5,3.125,1.6903085094570331,1.5526475085202969,0.625,0.25,0.029761904761904757,0.028571428571428577,0.0,0.0,-0.08771936018222405,-0.005940441708492503,0.08177891847373155
bluez,2024-01-25T17:48:20.036Z,5,6,10,6,8,9,5,6,9,12,9,6,8,7,4,5,9,6.875,7.5,1.8850918886280925,2.5634797778466227,0.625,0.09090909090909091,0.00023929169657812877,0.298136645962733,0.0,0.0,1.0505036207502627,0.9934787310863212,-0.05702488966394148
phpbb,2023-01-12T22:58:41.661Z,2,1,4,3,1,1,3,4,7,3,3,4,2,2,1,1,8,2.375,3.0,1.3024701806293193,2.2677868380553634,0.625,0.2631578947368421,0.08471177944862154,0.04232804232804234,0.0,0.0,-0.1202400167802951,-0.034495275216915755,0.08574474156337934
anotherredisdesktopmanager,2020-07-09T15:10:10.974Z,0,0,0,1,1,2,1,2,3,2,1,0,1,1,4,2,1,0.875,1.5,0.8345229603962802,1.1952286093343936,0.625,0.7142857142857143,0.7631257631257632,0.05952380952380953,0.0,0.0,-0.5104878959571477,-0.3771532773179948,0.1333346186391529
ngx-scrollbar,2019-08-26T01:32:48.851Z,2,1,0,0,0,1,1,1,1,2,2,1,1,1,1,1,2,0.75,1.375,0.7071067811865476,0.5175491695067657,0.625,0.8333333333333334,0.027210884353741496,0.07936507936507936,0.0,0.0,-0.5430085525552187,-0.40570811082641806,0.13730044172880068
markdown-it,2022-01-25T02:38:00.576Z,0,1,3,0,0,0,0,2,3,1,3,3,1,0,0,2,1,0.75,1.375,1.1649647450214349,1.1877349391654206,0.625,0.8333333333333334,0.0,0.13562386980108504,0.0,0.0,-0.5430085525552187,-0.40570811082641806,0.13730044172880068
markdown-it,2022-01-25T02:38:00.576Z,0,1,3,0,0,0,0,2,3,1,3,3,1,0,0,2,1,0.75,1.375,1.1649647450214349,1.1877349391654206,0.625,0.8333333333333334,0.0,0.13562386980108504,0.0,0.0,-0.5430085525552187,-0.40570811082641806,0.13730044172880068
hrea,2022-04-22T20:24:20.014Z,1,2,1,1,1,2,2,4,2,3,3,3,4,3,2,0,1,1.75,2.375,1.0350983390135313,1.3024701806293193,0.625,0.35714285714285715,0.45714285714285724,0.5458646616541353,0.0,0.0,-0.28284329977065037,-0.17726944275903203,0.10557385701161834
the-london-django-meetup-group,2018-05-09T10:00:46.742Z,1,0,0,1,0,0,1,2,1,1,1,2,2,2,1,0,1,0.625,1.25,0.7440238091428449,0.7071067811865476,0.625,1.0,0.18586789554531497,0.10884353741496598,0.0,0.0,-0.5755292091532899,-0.4342629443348413,0.14126626481844856
yii2-export,2020-03-18T15:40:35.401Z,0,0,1,0,0,0,0,1,2,0,2,0,1,1,2,1,0,0.25,0.875,0.4629100498862757,0.8345229603962802,0.625,2.5,0.0634920634920635,0.0012210012210012214,0.0,0.0,-0.673091178947503,-0.519927444860111,0.15316373408739203
emplea_do,2018-06-06T03:01:30.620Z,0,0,0,0,0,0,0,0,0,0,3,2,0,0,0,0,0,0.0,0.625,0.0,1.1877349391654206,0.625,inf,0.0,0.2658227848101267,0.0,0.0,-0.7381324921436451,-0.5770371118769576,0.16109538026668746
yii2-export,2020-03-18T15:40:35.401Z,0,0,1,0,0,0,0,1,2,0,2,0,1,1,2,1,0,0.25,0.875,0.4629100498862757,0.8345229603962802,0.625,2.5,0.0634920634920635,0.0012210012210012214,0.0,0.0,-0.673091178947503,-0.519927444860111,0.15316373408739203
circuitverse,2020-05-12T18:32:08.035Z,1,4,5,9,8,13,24,6,15,8,7,8,11,9,16,8,8,8.75,9.375,7.126409634992524,2.9246489410818914,0.625,0.07142857142857142,0.41798941798941797,0.07247241276468833,0.0,0.0,1.5383134697213283,1.42180123371267,-0.11651223600865834
yourls,2017-05-02T12:30:56.998Z,3,0,0,0,2,1,1,3,2,2,2,1,1,2,3,2,2,1.25,1.875,1.2817398889233114,0.6408699444616557,0.625,0.5,0.051759834368530024,0.10144927536231889,0.0,0.0,-0.41292592616293455,-0.29148877679272506,0.1214371493702095
scikit-image,2022-05-05T19:49:34.994Z,6,8,6,3,4,6,6,7,4,4,6,7,7,7,7,4,8,5.75,6.25,1.5811388300841898,1.4880476182856899,0.5,0.08695652173913043,0.001360544217687075,0.12442396313364054,0.0,0.0,0.7578177113676233,0.7079303960020888,-0.04988731536553448
floccus,2019-09-17T01:07:43.438Z,0,1,3,3,2,2,3,2,2,3,2,2,1,2,3,4,3,2.0,2.5,1.0690449676496976,0.9258200997725514,0.5,0.25,0.29761904761904756,0.1944444444444445,0.0,0.0,-0.21780198657450825,-0.14871460925060875,0.0690873773238995
gdm-settings,2023-08-09T04:09:34.034Z,1,1,1,1,1,0,1,1,1,1,2,1,2,1,2,2,0,0.875,1.375,0.3535533905932738,0.7440238091428449,0.5,0.5714285714285714,0.061224489795918366,0.03840245775729646,0.0,0.0,-0.5104878959571477,-0.40570811082641806,0.10477978513072966
gdm-settings,2023-08-09T04:09:34.034Z,1,1,1,1,1,0,1,1,1,1,2,1,2,1,2,2,0,0.875,1.375,0.3535533905932738,0.7440238091428449,0.5,0.5714285714285714,0.061224489795918366,0.03840245775729646,0.0,0.0,-0.5104878959571477,-0.40570811082641806,0.10477978513072966
eruda,2022-03-19T21:12:07.445Z,0,0,1,1,0,0,0,0,0,1,0,1,2,1,0,0,1,0.25,0.75,0.4629100498862757,0.7071067811865476,0.5,2.0,0.0634920634920635,0.027210884353741496,0.0,0.0,-0.673091178947503,-0.5484822783685344,0.12460890057896867
scikit-image,2022-05-05T19:49:34.994Z,6,8,6,3,4,6,6,7,4,4,6,7,7,7,7,4,8,5.75,6.25,1.5811388300841898,1.4880476182856899,0.5,0.08695652173913043,0.001360544217687075,0.12442396313364054,0.0,0.0,0.7578177113676233,0.7079303960020888,-0.04988731536553448
hpx,2021-06-11T01:51:42.122Z,5,6,5,7,5,7,7,9,6,8,6,7,8,9,7,6,4,6.375,6.875,1.4078859531733587,1.5526475085202969,0.5,0.0784313725490196,0.5873015873015874,0.2571428571428572,0.0,0.0,0.9204209943579785,0.8507045635442051,-0.06971643081377343
badaso,2021-08-04T02:15:28.111Z,1,2,2,3,3,2,2,2,3,3,2,2,2,3,3,5,1,2.125,2.625,0.6408699444616557,1.1877349391654206,0.5,0.23529411764705882,0.10144927536231889,0.015069318866787224,0.0,0.0,-0.1852813299764372,-0.12015977574218552,0.06512155423425169
bootstrap-vue-next,2023-05-17T06:18:08.931Z,12,9,8,3,5,3,5,9,4,8,7,8,7,8,6,7,7,6.75,7.25,3.24037034920393,0.7071067811865476,0.5,0.07407407407407407,0.23615160349854228,0.24489795918367346,0.0,0.0,1.0179829641521918,0.9363690640694747,-0.08161390008271707
chrome-react-ai,2019-09-23T13:03:14.362Z,0,0,0,0,0,0,2,3,2,3,2,2,0,0,1,0,1,0.625,1.125,1.1877349391654206,1.1259916264596033,0.5,0.8,0.5792646172393009,0.488933601609658,0.0,0.0,-0.5755292091532899,-0.46281777784326456,0.11271143131002531
xstate,2018-09-10T16:22:09.123Z,2,3,2,4,2,3,1,3,3,2,3,3,2,4,3,4,3,2.5,3.0,0.9258200997725514,0.7559289460184544,0.5,0.2,0.003968253968253969,0.29166666666666685,0.0,0.0,-0.08771936018222405,-0.034495275216915755,0.053224084965308296
the-katzenpost-software-project,2019-02-18T14:54:26.400Z,2,3,2,2,2,2,2,2,4,3,2,1,2,4,2,4,3,2.125,2.625,0.3535533905932738,1.0606601717798212,0.5,0.23529411764705882,0.1700680272108843,0.17006802721088443,0.0,0.0,-0.1852813299764372,-0.12015977574218552,0.06512155423425169
pre-commit,2018-11-02T03:09:53.665Z,2,3,2,1,3,2,2,4,3,2,3,3,5,4,3,1,2,2.375,2.875,0.9161253813129042,1.2464234547582247,0.5,0.21052631578947367,0.12259371833839924,0.06622879036672143,0.0,0.0,-0.1202400167802951,-0.063050108725339,0.05718990805495609
the-katzenpost-software-project,2019-02-18T14:54:26.400Z,2,3,2,2,2,2,2,2,4,3,2,1,2,4,2,4,3,2.125,2.625,0.3535533905932738,1.0606601717798212,0.5,0.23529411764705882,0.1700680272108843,0.17006802721088443,0.0,0.0,-0.1852813299764372,-0.12015977574218552,0.06512155423425169
asciidoctor,2018-04-18T02:05:57.720Z,4,1,1,3,1,2,1,2,8,2,0,4,4,3,2,1,3,1.875,2.375,1.1259916264596033,1.4078859531733587,0.5,0.26666666666666666,0.11334674714956407,0.010725010725010725,0.0,0.0,-0.2503226431725793,-0.17726944275903203,0.07305320041354726
gpujs,2019-08-05T04:14:30.900Z,1,1,1,3,2,2,3,1,2,3,2,1,4,4,1,2,1,1.75,2.25,0.8864052604279183,1.2817398889233114,0.5,0.2857142857142857,0.15584415584415587,0.10144927536231889,0.0,0.0,-0.28284329977065037,-0.20582427626745528,0.07701902350319509
dynamoid,2022-04-01T04:03:15.563Z,0,1,0,0,1,2,2,2,1,0,1,2,2,3,1,1,2,1.0,1.5,0.9258200997725514,0.9258200997725514,0.5,0.5,0.6706349206349207,0.14285714285714288,0.0,0.0,-0.47796723935907665,-0.3771532773179948,0.10081396204108184
immer,2019-09-16T02:15:08.079Z,2,3,3,2,1,1,1,1,3,3,1,4,1,2,5,1,1,1.75,2.25,0.8864052604279183,1.5811388300841898,0.5,0.2857142857142857,0.6233766233766235,0.03401360544217686,0.0,0.0,-0.28284329977065037,-0.20582427626745528,0.07701902350319509
chrome-react-ai,2019-09-23T13:03:14.362Z,0,0,0,0,0,0,2,3,2,3,2,2,0,0,1,0,1,0.625,1.125,1.1877349391654206,1.1259916264596033,0.5,0.8,0.5792646172393009,0.488933601609658,0.0,0.0,-0.5755292091532899,-0.46281777784326456,0.11271143131002531
fastapi-template,2022-11-04T10:12:28.990Z,0,1,1,1,4,2,1,1,0,4,1,1,2,2,1,2,2,1.375,1.875,1.1877349391654206,0.9910312089651149,0.5,0.36363636363636365,0.10186859553948165,0.07012987012987013,0.0,0.0,-0.38040526956486354,-0.29148877679272506,0.08891649277213848
tinyfilemanager,2021-07-17T06:56:46.084Z,1,0,0,1,0,1,6,0,0,3,1,0,0,1,1,7,0,1.125,1.625,2.03100960115899,2.38671920665766,0.5,0.4444444444444444,0.12883941455370024,0.025227645917301093,0.0,0.0,-0.4454465827610056,-0.34859844380957156,0.09684813895143407
warden,2022-11-29T19:59:01.522Z,1,2,0,0,0,2,2,2,1,1,2,1,2,2,1,1,3,1.125,1.625,0.9910312089651149,0.7440238091428449,0.5,0.4444444444444444,0.1463203463203463,0.12442396313364054,0.0,0.0,-0.4454465827610056,-0.34859844380957156,0.09684813895143407
cassowary,2022-02-22T16:30:29.591Z,0,0,0,0,0,0,0,1,1,1,0,1,1,0,1,0,1,0.125,0.625,0.3535533905932738,0.5175491695067657,0.5,4.0,0.3333333333333334,0.003174603174603175,0.0,0.0,-0.705611835545574,-0.5770371118769576,0.12857472366861644
badaso,2021-08-04T02:15:28.111Z,1,2,2,3,3,2,2,2,3,3,2,2,2,3,3,5,1,2.125,2.625,0.6408699444616557,1.1877349391654206,0.5,0.23529411764705882,0.10144927536231889,0.015069318866787224,0.0,0.0,-0.1852813299764372,-0.12015977574218552,0.06512155423425169
fayettevillejs,2020-01-21T02:32:21.735Z,0,0,0,0,0,0,0,0,1,1,0,0,1,1,1,0,0,0.0,0.5,0.0,0.5345224838248488,0.5,inf,0.0,0.04761904761904762,0.0,0.0,-0.7381324921436451,-0.6055919453853809,0.1325405467582642
bootscore,2023-09-27T10:22:12.118Z,3,4,3,3,2,2,1,1,4,5,3,3,2,3,3,2,2,2.375,2.875,1.0606601717798212,0.9910312089651149,0.5,0.21052631578947367,0.8231292517006806,0.5411255411255411,0.0,0.0,-0.1202400167802951,-0.063050108725339,0.05718990805495609
opendevufcg,2021-02-26T02:39:59.600Z,1,0,0,1,4,0,0,0,0,1,1,1,0,0,2,2,3,0.75,1.25,1.3887301496588271,1.0350983390135313,0.5,0.6666666666666666,0.007054673721340389,0.38412698412698415,0.0,0.0,-0.5430085525552187,-0.4342629443348413,0.10874560822037743
perfumejs,2019-07-22T22:29:07.318Z,1,2,2,1,1,0,1,1,0,0,4,2,1,3,1,1,1,1.125,1.625,0.6408699444616557,1.3024701806293193,0.5,0.4444444444444444,0.25051759834368537,0.04060150375939849,0.0,0.0,-0.4454465827610056,-0.34859844380957156,0.09684813895143407
pytables,2022-04-05T20:29:14.359Z,1,3,0,0,5,2,0,3,2,0,0,0,1,2,4,6,5,1.75,2.25,1.8322507626258084,2.434865792722759,0.5,0.2857142857142857,0.025329280648429587,0.8726333907056799,0.0,0.0,-0.28284329977065037,-0.20582427626745528,0.07701902350319509
recharts,2020-03-31T20:05:45.645Z,1,3,0,5,2,1,1,2,5,2,5,3,1,2,3,0,3,1.875,2.375,1.5526475085202969,1.5059406173077154,0.5,0.26666666666666666,0.003174603174603176,0.10836145481814774,0.0,0.0,-0.2503226431725793,-0.17726944275903203,0.07305320041354726
tinyfilemanager,2021-07-17T06:56:46.084Z,1,0,0,1,0,1,6,0,0,3,1,0,0,1,1,7,0,1.125,1.625,2.03100960115899,2.38671920665766,0.5,0.4444444444444444,0.12883941455370024,0.025227645917301093,0.0,0.0,-0.4454465827610056,-0.34859844380957156,0.09684813895143407
civic-tech-field-guide,2022-06-24T12:43:33.416Z,0,0,0,0,0,0,1,1,0,2,0,0,1,1,0,1,1,0.25,0.75,0.4629100498862757,0.7071067811865476,0.5,2.0,0.5714285714285715,0.006802721088435374,0.0,0.0,-0.673091178947503,-0.5484822783685344,0.12460890057896867
ellie,2017-12-07T19:28:17.395Z,0,0,0,0,0,0,1,0,0,0,0,3,0,1,0,0,1,0.125,0.625,0.3535533905932738,1.0606601717798212,0.5,4.0,0.1700680272108843,0.0007558578987150419,0.0,0.0,-0.705611835545574,-0.5770371118769576,0.12857472366861644
apollo-elements,2021-02-01T10:52:33.831Z,0,0,1,1,1,1,1,2,1,1,1,1,2,2,2,1,1,0.875,1.375,0.6408699444616557,0.5175491695067657,0.5,0.5714285714285714,0.7474120082815735,0.028571428571428577,0.0,0.0,-0.5104878959571477,-0.40570811082641806,0.10477978513072966
dribdat,2020-12-29T16:39:03.015Z,1,1,1,1,1,0,1,1,2,1,3,1,1,2,1,1,1,0.875,1.375,0.3535533905932738,0.7440238091428449,0.5,0.5714285714285714,0.061224489795918366,0.12442396313364054,0.0,0.0,-0.5104878959571477,-0.40570811082641806,0.10477978513072966
apollo-elements,2021-02-01T10:52:33.831Z,0,0,1,1,1,1,1,2,1,1,1,1,2,2,2,1,1,0.875,1.375,0.6408699444616557,0.5175491695067657,0.5,0.5714285714285714,0.7474120082815735,0.028571428571428577,0.0,0.0,-0.5104878959571477,-0.40570811082641806,0.10477978513072966
libreplan,2024-08-02T13:34:23.538Z,0,0,0,0,0,0,0,0,1,1,1,1,0,0,0,1,0,0.0,0.5,0.0,0.5345224838248488,0.5,inf,0.0,0.29761904761904756,0.0,0.0,-0.7381324921436451,-0.6055919453853809,0.1325405467582642
fayettevillejs,2020-01-21T02:32:21.735Z,0,0,0,0,0,0,0,0,1,1,0,0,1,1,1,0,0,0.0,0.5,0.0,0.5345224838248488,0.5,inf,0.0,0.04761904761904762,0.0,0.0,-0.7381324921436451,-0.6055919453853809,0.1325405467582642
intellij-elixir,2019-07-04T10:05:00.056Z,1,1,1,1,3,2,1,0,0,1,3,2,1,4,1,1,1,1.25,1.75,0.8864052604279183,1.1649647450214349,0.5,0.4,0.004329004329004329,0.06265664160401004,0.0,0.0,-0.41292592616293455,-0.3200436103011483,0.09288231586178625
dhall,2019-09-04T00:29:42.746Z,2,4,5,6,8,5,8,7,5,3,6,4,7,8,6,8,7,5.625,6.125,2.0658792662827956,1.807721533549109,0.5,0.08888888888888889,0.6473401075911539,0.5269320843091335,0.0,0.0,0.7252970547695522,0.6793755624936656,-0.0459214922758866
altair,2018-04-09T20:55:13.657Z,3,1,0,3,1,5,2,4,2,2,2,5,2,4,3,2,3,2.375,2.875,1.6850180160122068,1.1259916264596033,0.5,0.21052631578947367,0.1871817909553759,0.006036217303822938,0.0,0.0,-0.1202400167802951,-0.063050108725339,0.05718990805495609
hpx,2021-06-11T01:51:42.122Z,5,6,5,7,5,7,7,9,6,8,6,7,8,9,7,6,4,6.375,6.875,1.4078859531733587,1.5526475085202969,0.5,0.0784313725490196,0.5873015873015874,0.2571428571428572,0.0,0.0,0.9204209943579785,0.8507045635442051,-0.06971643081377343
webdrivermanager,2019-02-21T16:21:01.187Z,2,1,1,3,0,2,2,1,1,2,3,1,1,4,2,2,1,1.5,2.0,0.9258200997725514,1.0690449676496976,0.5,0.3333333333333333,0.003968253968253969,0.02678571428571429,0.0,0.0,-0.34788461296679246,-0.26293394328430175,0.08495066968249071
perfumejs,2019-07-22T22:29:07.318Z,1,2,2,1,1,0,1,1,0,0,4,2,1,3,1,1,1,1.125,1.625,0.6408699444616557,1.3024701806293193,0.5,0.4444444444444444,0.25051759834368537,0.04060150375939849,0.0,0.0,-0.4454465827610056,-0.34859844380957156,0.09684813895143407
moveable,2019-10-13T12:37:24.379Z,0,0,0,0,0,2,2,3,4,1,1,2,1,1,1,2,2,0.875,1.375,1.2464234547582247,0.5175491695067657,0.5,0.5714285714285714,0.7493158182813358,0.2571428571428572,0.0,0.0,-0.5104878959571477,-0.40570811082641806,0.10477978513072966
codecrumbs,2019-02-18T12:27:17.939Z,1,0,1,1,1,1,1,4,2,3,2,2,1,3,2,0,0,1.25,1.625,1.1649647450214349,1.1877349391654206,0.375,0.3,0.42355889724310786,0.5069318866787224,0.0,0.0,-0.41292592616293455,-0.34859844380957156,0.064327482353363
noblox,2023-07-06T19:47:29.820Z,0,0,3,0,3,6,0,1,1,5,0,4,3,1,0,3,0,1.625,2.0,2.1998376563477846,2.0,0.375,0.23076923076923078,0.06343349147777191,0.24574829931972791,0.0,0.0,-0.3153639563687214,-0.26293394328430175,0.052430013084419635
stylelint,2018-04-10T18:55:24.697Z,10,13,8,6,8,9,9,9,7,8,11,10,10,12,9,9,6,9.0,9.375,2.0,1.8468119248354136,0.375,0.041666666666666664,0.10289115646258505,0.15582149090002498,0.0,0.0,1.6033547829174706,1.42180123371267,-0.1815535492048006
go-callvis,2020-12-31T17:03:52.263Z,0,0,0,0,1,0,1,0,3,0,0,0,0,0,0,0,5,0.25,0.625,0.4629100498862757,1.7677669529663689,0.375,1.5,0.14285714285714288,0.3333333333333333,0.0,0.0,-0.673091178947503,-0.5770371118769576,0.09605406707054542
react-router,2019-02-27T21:23:09.508Z,1,1,1,3,7,8,2,0,4,5,2,4,5,2,1,5,2,2.875,3.25,2.9970223317724636,1.6690459207925603,0.375,0.13043478260869565,0.05008046956357097,0.0989010989010989,0.0,0.0,0.009842609611989106,0.02261439179993075,0.012771782187941646
opencomic,2024-10-23T01:18:44.955Z,2,4,2,1,1,1,1,3,2,1,2,1,2,3,2,4,3,1.875,2.25,1.1259916264596033,1.0350983390135313,0.375,0.2,0.08115358819584173,0.6222222222222225,0.0,0.0,-0.2503226431725793,-0.20582427626745528,0.044498366905124015
focusmastodon,2024-06-14T02:36:32.494Z,0,0,0,0,0,0,0,0,1,1,0,1,1,0,0,0,0,0.0,0.375,0.0,0.5175491695067657,0.375,inf,0.0,0.38412698412698415,0.0,0.0,-0.7381324921436451,-0.6341467788938041,0.10398571324984096
pyke-osai,2023-09-29T18:39:38.945Z,3,2,3,5,2,0,1,3,3,5,3,1,4,4,1,3,1,2.375,2.75,1.5059406173077154,1.5811388300841898,0.375,0.15789473684210525,0.10836145481814774,0.2666666666666667,0.0,0.0,-0.1202400167802951,-0.09160494223376225,0.028635074546532843
passkit-generator,2020-09-02T03:34:20.605Z,0,0,0,0,0,0,0,1,1,0,0,0,1,1,1,0,1,0.125,0.5,0.3535533905932738,0.5345224838248488,0.375,3.0,0.3333333333333334,0.29761904761904756,0.0,0.0,-0.705611835545574,-0.6055919453853809,0.10001989016019319
tiddlywiki,2021-03-24T15:28:59.649Z,4,10,5,9,13,14,17,4,9,7,15,9,10,8,8,11,11,9.5,9.875,4.928053803045811,2.5319388392523003,0.375,0.039473684210526314,0.15252100840336136,0.0011937922801432553,0.0,0.0,1.7334374093097547,1.536020567746363,-0.19741684156339168
ohmyzsh,2020-05-18T02:12:23.021Z,3,2,1,2,1,4,1,1,3,1,4,1,1,3,3,3,2,1.875,2.25,1.1259916264596033,1.1649647450214349,0.375,0.2,0.08115358819584173,0.06265664160401004,0.0,0.0,-0.2503226431725793,-0.20582427626745528,0.044498366905124015
alova,2024-09-04T02:09:34.884Z,3,2,3,4,3,6,4,4,3,5,4,3,4,5,5,0,6,3.625,4.0,1.1877349391654206,1.8516401995451028,0.375,0.10344827586206896,0.3767329716696806,0.00892857142857143,0.0,0.0,0.2049665492004154,0.19394339285047027,-0.011023156349945135
webpd,2022-06-15T15:10:29.313Z,0,0,0,0,0,0,0,0,1,1,0,0,0,0,1,0,1,0.0,0.375,0.0,0.5175491695067657,0.375,inf,0.0,0.028571428571428577,0.0,0.0,-0.7381324921436451,-0.6341467788938041,0.10398571324984096
tech-interview-handbook,2019-12-04T04:52:00.874Z,0,1,0,1,3,1,2,1,1,1,0,4,1,1,2,2,1,1.125,1.5,0.9910312089651149,1.1952286093343936,0.375,0.3333333333333333,0.2502164502164503,0.009523809523809526,0.0,0.0,-0.4454465827610056,-0.3771532773179948,0.06829330544301082
excel-parser-processor,2021-07-17T06:27:10.040Z,2,1,0,0,1,0,0,0,1,1,1,0,0,0,2,2,1,0.5,0.875,0.7559289460184544,0.8345229603962802,0.375,0.75,0.4821428571428571,0.14774114774114777,0.0,0.0,-0.6080498657513609,-0.519927444860111,0.08812242089124989
lysand,2024-05-24T14:51:39.321Z,1,1,1,1,0,1,1,2,2,1,2,3,1,1,1,1,1,1.0,1.375,0.5345224838248488,0.7440238091428449,0.375,0.375,0.10714285714285716,0.18586789554531497,0.0,0.0,-0.47796723935907665,-0.40570811082641806,0.07225912853265859
pypy,2018-10-29T03:03:46.408Z,4,6,8,6,5,4,3,4,3,4,6,5,8,6,4,5,5,5.0,5.375,1.6035674514745462,1.3024701806293193,0.375,0.075,0.2592592592592594,0.004511278195488722,0.0,0.0,0.562693771779197,0.5080465614431261,-0.054647210336070895
ethical-source,2020-02-15T19:00:57.469Z,0,0,0,3,11,2,1,1,1,5,6,2,2,1,2,2,1,2.25,2.625,3.693623849670827,1.8468119248354136,0.375,0.16666666666666666,0.04213413113936675,0.598603839441536,0.0,0.0,-0.15276067337836616,-0.12015977574218552,0.03260089763618064
lucee,2019-02-08T02:20:32.391Z,5,6,3,4,5,3,3,2,3,5,5,4,4,4,4,4,4,3.875,4.25,1.3562026818605375,0.4629100498862757,0.375,0.0967741935483871,0.5663430420711976,0.5714285714285715,0.0,0.0,0.2700078623965575,0.2510530598673168,-0.0189548025292407
fluentvalidation,2022-12-25T15:04:55.591Z,1,6,1,4,2,1,1,1,1,1,2,3,2,3,2,3,4,2.125,2.5,1.8850918886280925,0.9258200997725514,0.375,0.17647058823529413,0.17444364680545585,0.5714285714285715,0.0,0.0,-0.1852813299764372,-0.14871460925060875,0.03656672072582845
waydroid,2021-11-30T18:52:05.986Z,0,0,0,0,1,2,10,4,2,1,2,2,2,1,3,3,6,2.125,2.5,3.48209706929603,1.6035674514745462,0.375,0.17647058823529413,0.5066975243705729,0.5833333333333336,0.0,0.0,-0.1852813299764372,-0.14871460925060875,0.03656672072582845
ant-design-vue,2018-09-06T00:41:55.764Z,2,2,2,3,4,2,2,3,2,2,2,2,4,3,4,3,3,2.5,2.875,0.7559289460184544,0.8345229603962802,0.375,0.15,0.09523809523809527,0.35286935286935295,0.0,0.0,-0.08771936018222405,-0.063050108725339,0.024669251456885047
setup-php,2021-07-15T15:57:59.875Z,2,2,2,3,1,1,1,2,1,3,2,3,1,2,2,2,2,1.75,2.125,0.7071067811865476,0.6408699444616557,0.375,0.21428571428571427,0.1700680272108843,0.16770186335403728,0.0,0.0,-0.28284329977065037,-0.23437910977587853,0.04846418999477184
setup-php,2021-07-15T15:57:59.875Z,2,2,2,3,1,1,1,2,1,3,2,3,1,2,2,2,2,1.75,2.125,0.7071067811865476,0.6408699444616557,0.375,0.21428571428571427,0.1700680272108843,0.16770186335403728,0.0,0.0,-0.28284329977065037,-0.23437910977587853,0.04846418999477184
bcneng,2022-04-06T12:13:52.711Z,2,3,0,0,0,2,1,1,2,2,2,0,2,2,1,1,2,1.125,1.5,1.1259916264596033,0.7559289460184544,0.375,0.3333333333333333,0.08115358819584173,0.005952380952380955,0.0,0.0,-0.4454465827610056,-0.3771532773179948,0.06829330544301082
expand,2019-05-28T08:01:12.112Z,1,1,2,1,1,1,1,1,1,2,3,1,1,1,2,1,1,1.125,1.5,0.3535533905932738,0.7559289460184544,0.375,0.3333333333333333,0.061224489795918366,0.29166666666666685,0.0,0.0,-0.4454465827610056,-0.3771532773179948,0.06829330544301082
expand,2019-05-28T08:01:12.112Z,1,1,2,1,1,1,1,1,1,2,3,1,1,1,2,1,1,1.125,1.5,0.3535533905932738,0.7559289460184544,0.375,0.3333333333333333,0.061224489795918366,0.29166666666666685,0.0,0.0,-0.4454465827610056,-0.3771532773179948,0.06829330544301082
lidarr,2018-05-28T01:49:51.160Z,2,3,4,3,1,3,5,5,4,3,3,3,4,3,4,4,5,3.25,3.625,1.3887301496588271,0.7440238091428449,0.375,0.11538461538461539,0.29805996472663143,0.6774193548387099,0.0,0.0,0.10740457940620227,0.10827889232520051,0.0008743129189982407
apollonet,2021-07-13T14:50:58.192Z,0,1,1,0,1,0,1,0,0,1,1,2,1,1,1,0,0,0.5,0.875,0.5345224838248488,0.6408699444616557,0.375,0.75,0.011904761904761906,0.46583850931677034,0.0,0.0,-0.6080498657513609,-0.519927444860111,0.08812242089124989
apollonet,2021-07-13T14:50:58.192Z,0,1,1,0,1,0,1,0,0,1,1,2,1,1,1,0,0,0.5,0.875,0.5345224838248488,0.6408699444616557,0.375,0.75,0.011904761904761906,0.46583850931677034,0.0,0.0,-0.6080498657513609,-0.519927444860111,0.08812242089124989
inure,2023-02-02T05:07:13.813Z,1,1,1,2,1,1,1,1,2,1,1,1,1,1,3,2,2,1.125,1.5,0.3535533905932738,0.7559289460184544,0.375,0.3333333333333333,0.006802721088435374,0.4821428571428571,0.0,0.0,-0.4454465827610056,-0.3771532773179948,0.06829330544301082
inure,2023-02-02T05:07:13.813Z,1,1,1,2,1,1,1,1,2,1,1,1,1,1,3,2,2,1.125,1.5,0.3535533905932738,0.7559289460184544,0.375,0.3333333333333333,0.006802721088435374,0.4821428571428571,0.0,0.0,-0.4454465827610056,-0.3771532773179948,0.06829330544301082
inure,2023-02-02T05:07:13.813Z,1,1,1,2,1,1,1,1,2,1,1,1,1,1,3,2,2,1.125,1.5,0.3535533905932738,0.7559289460184544,0.375,0.3333333333333333,0.006802721088435374,0.4821428571428571,0.0,0.0,-0.4454465827610056,-0.3771532773179948,0.06829330544301082
excel-parser-processor,2021-07-17T06:27:10.040Z,2,1,0,0,1,0,0,0,1,1,1,0,0,0,2,2,1,0.5,0.875,0.7559289460184544,0.8345229603962802,0.375,0.75,0.4821428571428571,0.14774114774114777,0.0,0.0,-0.6080498657513609,-0.519927444860111,0.08812242089124989
nginx-proxy-automation,2021-04-01T09:28:28.158Z,0,2,0,0,0,1,1,1,1,1,1,1,1,1,1,1,1,0.625,1.0,0.7440238091428449,0.0,0.375,0.6,0.03840245775729646,0.0,0.0,0.0,-0.5755292091532899,-0.4913726113516878,0.08415659780160206
level,2018-01-25T15:03:28.860Z,0,0,0,1,1,1,1,0,3,1,1,1,2,1,0,1,0,0.5,0.875,0.5345224838248488,0.6408699444616557,0.375,0.75,0.1904761904761905,0.25051759834368537,0.0,0.0,-0.6080498657513609,-0.519927444860111,0.08812242089124989
graphql-java,2019-03-27T07:45:06.180Z,3,1,6,2,3,2,4,4,4,4,5,3,3,3,2,4,4,3.125,3.5,1.5526475085202969,0.9258200997725514,0.375,0.12,0.04268077601410936,0.0634920634920635,0.0,0.0,0.0748839228081312,0.07972405881677726,0.004840136008646051
textpattern-collective,2020-11-04T02:10:12.304Z,4,3,5,5,5,5,5,4,5,5,4,5,5,5,5,5,5,4.5,4.875,0.7559289460184544,0.3535533905932738,0.375,0.08333333333333333,0.14880952380952384,0.1700680272108843,0.0,0.0,0.43261114538691275,0.39382722740943304,-0.03878391797747971
fluffos-579,2021-01-08T05:36:39.773Z,1,0,1,2,2,3,3,3,1,3,2,4,3,2,2,1,1,1.875,2.25,1.1259916264596033,1.0350983390135313,0.375,0.2,0.8215962441314555,0.5365079365079365,0.0,0.0,-0.2503226431725793,-0.20582427626745528,0.044498366905124015
rhash,2022-01-01T12:24:39.797Z,1,0,3,1,1,1,1,1,2,2,1,1,2,1,2,2,1,1.125,1.5,0.8345229603962802,0.5345224838248488,0.375,0.3333333333333333,0.0012210012210012214,0.0,0.0,0.0,-0.4454465827610056,-0.3771532773179948,0.06829330544301082
mochajs,2016-04-01T14:34:11.748Z,3,3,0,3,1,4,2,2,4,4,2,2,2,4,2,3,2,2.25,2.625,1.2817398889233114,0.9161253813129042,0.375,0.16666666666666666,0.0020703933747412014,0.04964539007092201,0.0,0.0,-0.15276067337836616,-0.12015977574218552,0.03260089763618064
prettier-ruby,2019-10-10T17:39:50.986Z,9,4,2,4,3,2,2,2,3,5,4,2,4,4,5,4,3,3.5,3.875,2.390457218668787,0.9910312089651149,0.375,0.10714285714285714,0.5357142857142859,0.021645021645021644,0.0,0.0,0.17244589260234436,0.16538855934204702,-0.007057333260297338
vifm,2022-05-24T15:54:34.171Z,2,3,2,1,2,1,2,2,1,3,2,1,3,2,3,1,3,1.875,2.25,0.6408699444616557,0.8864052604279183,0.375,0.2,0.10144927536231889,0.0,0.0,0.0,-0.2503226431725793,-0.20582427626745528,0.044498366905124015
pytest,2019-07-04T11:04:51.583Z,7,9,8,6,7,5,8,9,11,11,6,9,10,7,7,4,8,7.375,7.75,1.4078859531733587,2.2519832529192065,0.375,0.05084745762711865,0.00042900042900042917,0.26827632461435275,0.0,0.0,1.1805862471425468,1.0505883981031678,-0.12999784903937894
excel-parser-processor,2021-07-17T06:27:10.040Z,2,1,0,0,1,0,0,0,1,1,1,0,0,0,2,2,1,0.5,0.875,0.7559289460184544,0.8345229603962802,0.375,0.75,0.4821428571428571,0.14774114774114777,0.0,0.0,-0.6080498657513609,-0.519927444860111,0.08812242089124989
visual-regression-tracker,2021-02-24T09:09:31.791Z,1,1,1,1,1,1,1,3,2,2,2,1,2,1,2,1,2,1.25,1.625,0.7071067811865476,0.5175491695067657,0.375,0.3,0.3333333333333334,0.028571428571428577,0.0,0.0,-0.41292592616293455,-0.34859844380957156,0.064327482353363
fluentvalidation,2022-12-25T15:04:55.591Z,1,6,1,4,2,1,1,1,1,1,2,3,2,3,2,3,4,2.125,2.5,1.8850918886280925,0.9258200997725514,0.375,0.17647058823529413,0.17444364680545585,0.5714285714285715,0.0,0.0,-0.1852813299764372,-0.14871460925060875,0.03656672072582845
excel-parser-processor,2021-07-17T06:27:10.040Z,2,1,0,0,1,0,0,0,1,1,1,0,0,0,2,2,1,0.5,0.875,0.7559289460184544,0.8345229603962802,0.375,0.75,0.4821428571428571,0.14774114774114777,0.0,0.0,-0.6080498657513609,-0.519927444860111,0.08812242089124989
listr2,2023-04-11T18:36:34.350Z,0,1,0,1,0,0,0,1,3,1,0,1,0,1,1,1,1,0.375,0.75,0.5175491695067657,0.4629100498862757,0.375,1.0,0.003174603174603175,0.14285714285714288,0.0,0.0,-0.6405705223494319,-0.5484822783685344,0.09208824398089754
cryptpad,2018-07-16T20:32:05.472Z,2,3,4,7,3,6,2,4,7,5,6,4,2,4,6,3,4,3.875,4.25,1.807721533549109,1.3887301496588271,0.375,0.0967741935483871,0.03148581837106428,0.08641975308641979,0.0,0.0,0.2700078623965575,0.2510530598673168,-0.0189548025292407
tbox,2021-10-21T02:50:50.692Z,0,0,1,1,1,0,1,1,1,1,1,1,1,1,1,1,1,0.625,1.0,0.5175491695067657,0.0,0.375,0.6,0.2571428571428572,0.0,0.0,0.0,-0.5755292091532899,-0.4913726113516878,0.08415659780160206
slimphp,2019-06-20T17:48:13.184Z,1,3,2,4,3,3,3,3,3,3,7,4,2,3,3,2,1,2.75,3.125,0.8864052604279183,1.807721533549109,0.375,0.13636363636363635,0.27705627705627706,0.4374186833203227,0.0,0.0,-0.022678046986081946,-0.005940441708492503,0.016737605277589444
javaparser,2023-11-22T05:53:27.922Z,4,3,4,4,4,3,3,5,6,4,2,3,5,5,6,5,3,3.75,4.125,0.7071067811865476,1.3562026818605375,0.375,0.1,0.027210884353741496,0.13361072584373557,0.0,0.0,0.23748720579848648,0.22249822635889352,-0.014988979439592959
javaparser,2023-11-22T05:53:27.922Z,4,3,4,4,4,3,3,5,6,4,2,3,5,5,6,5,3,3.75,4.125,0.7071067811865476,1.3562026818605375,0.375,0.1,0.027210884353741496,0.13361072584373557,0.0,0.0,0.23748720579848648,0.22249822635889352,-0.014988979439592959
muffon,2021-11-16T08:30:30.440Z,0,1,1,1,1,1,1,2,1,3,3,0,1,1,1,1,1,1.0,1.375,0.5345224838248488,1.0606601717798212,0.375,0.375,0.5833333333333334,0.3333333333333334,0.0,0.0,-0.47796723935907665,-0.40570811082641806,0.07225912853265859
iosdevspace,2022-11-19T22:54:28.208Z,0,0,0,0,0,0,0,0,1,0,1,0,0,1,0,0,0,0.0,0.25,0.0,0.4629100498862757,0.25,inf,0.0,0.0634920634920635,0.0,0.0,-0.7381324921436451,-0.6627016124022274,0.07543087974141771
laravel-zero,2021-07-17T06:12:11.451Z,0,2,2,0,0,1,1,0,0,0,0,2,0,0,3,2,1,0.75,1.0,0.8864052604279183,1.1952286093343936,0.25,0.3333333333333333,0.06926406926406926,0.2380952380952381,0.0,0.0,-0.5430085525552187,-0.4913726113516878,0.05163594120353093
cadcad1,2020-05-17T10:34:51.778Z,3,0,0,0,1,3,3,1,4,4,3,2,2,0,2,0,0,1.375,1.625,1.4078859531733587,1.5059406173077154,0.25,0.18181818181818182,0.05190905190905193,0.7592800899887513,0.0,0.0,-0.38040526956486354,-0.34859844380957156,0.03180682575529198
cloudmusic-vscode,2021-03-29T01:26:08.806Z,1,1,1,1,1,1,1,1,1,1,1,1,1,2,1,2,1,1.0,1.25,0.0,0.4629100498862757,0.25,0.25,0.0,0.14285714285714288,0.0,0.0,-0.47796723935907665,-0.4342629443348413,0.04370429502423534
ucs,2024-07-31T15:13:40.148Z,1,1,1,1,1,3,2,3,1,3,0,1,2,2,2,2,3,1.625,1.875,0.9161253813129042,0.9910312089651149,0.25,0.15384615384615385,0.6332320162107398,0.1463203463203463,0.0,0.0,-0.3153639563687214,-0.29148877679272506,0.02387517957599633
libretime,2019-08-11T19:42:51.029Z,5,7,4,4,2,2,3,4,2,4,6,4,3,3,3,6,4,3.875,4.125,1.6420805617960925,1.2464234547582247,0.25,0.06451612903225806,0.38631346578366466,0.004926108374384239,0.0,0.0,0.2700078623965575,0.22249822635889352,-0.04750963603766398
community,2020-01-17T15:08:19.994Z,0,0,0,0,0,0,0,0,0,1,1,0,0,0,0,0,0,0.0,0.25,0.0,0.4629100498862757,0.25,inf,0.0,0.5714285714285715,0.0,0.0,-0.7381324921436451,-0.6627016124022274,0.07543087974141771
libsodium,2019-07-04T00:08:23.740Z,1,3,2,1,1,1,2,1,1,1,3,2,1,2,2,1,2,1.5,1.75,0.7559289460184544,0.7071067811865476,0.25,0.16666666666666666,0.09523809523809527,0.006802721088435374,0.0,0.0,-0.34788461296679246,-0.3200436103011483,0.027841002665644154
express-cassandra,2021-08-09T23:26:25.556Z,0,0,0,0,1,1,0,0,4,0,0,0,1,1,1,1,0,0.25,0.5,0.4629100498862757,0.5345224838248488,0.25,1.0,0.0634920634920635,0.1904761904761905,0.0,0.0,-0.673091178947503,-0.6055919453853809,0.06749923356212217
iplug2,2022-10-04T14:14:48.091Z,2,1,1,1,1,1,2,3,1,3,1,2,2,1,1,3,1,1.5,1.75,0.7559289460184544,0.8864052604279183,0.25,0.16666666666666666,0.21428571428571433,0.06926406926406926,0.0,0.0,-0.34788461296679246,-0.3200436103011483,0.027841002665644154
swiftui,2021-08-08T10:48:47.278Z,0,0,0,0,0,0,0,0,0,1,0,0,0,0,1,0,0,0.0,0.25,0.0,0.4629100498862757,0.25,inf,0.0,0.0634920634920635,0.0,0.0,-0.7381324921436451,-0.6627016124022274,0.07543087974141771
carbon,2019-02-25T19:54:07.338Z,2,3,3,1,2,3,2,2,2,2,3,2,1,5,3,1,3,2.25,2.5,0.7071067811865476,1.3093073414159542,0.25,0.1111111111111111,0.027210884353741496,0.00793650793650794,0.0,0.0,-0.15276067337836616,-0.14871460925060875,0.004046064127757404
ariakit,2018-09-24T08:13:46.297Z,1,4,2,2,2,3,8,5,6,5,5,4,2,3,3,1,6,3.375,3.625,2.2638462845343543,1.6850180160122068,0.25,0.07407407407407407,0.4315579890492783,0.06738544474393533,0.0,0.0,0.1399252360042733,0.10827889232520051,-0.031646343679072805
reia,2024-06-21T21:22:12.643Z,1,1,1,1,0,1,1,1,1,1,1,1,1,0,2,1,2,0.875,1.125,0.3535533905932738,0.6408699444616557,0.25,0.2857142857142857,0.006802721088435374,0.16770186335403728,0.0,0.0,-0.5104878959571477,-0.46281777784326456,0.047670118113883164
contributor-covenant,2019-11-09T18:25:50.632Z,4,1,1,1,3,4,3,2,2,1,3,3,1,2,5,3,3,2.375,2.625,1.3024701806293193,1.3024701806293193,0.25,0.10526315789473684,0.024561403508771933,0.2210526315789474,0.0,0.0,-0.1202400167802951,-0.12015977574218552,8.024103810957972e-05
js-lingui,2018-09-01T08:43:35.132Z,3,2,1,2,3,1,3,4,5,8,1,2,3,2,1,1,3,2.375,2.625,1.0606601717798212,2.326094212561969,0.25,0.10526315789473684,0.12773998488284208,0.23903818953323905,0.0,0.0,-0.1202400167802951,-0.12015977574218552,8.024103810957972e-05
express-cassandra,2021-08-09T23:26:25.556Z,0,0,0,0,1,1,0,0,4,0,0,0,1,1,1,1,0,0.25,0.5,0.4629100498862757,0.5345224838248488,0.25,1.0,0.0634920634920635,0.1904761904761905,0.0,0.0,-0.673091178947503,-0.6055919453853809,0.06749923356212217
saumyaquake,2023-10-25T23:55:46.444Z,0,0,0,0,0,0,0,0,4,1,1,0,0,0,0,0,0,0.0,0.25,0.0,0.4629100498862757,0.25,inf,0.0,0.5714285714285715,0.0,0.0,-0.7381324921436451,-0.6627016124022274,0.07543087974141771
reconmap,2021-11-02T13:11:36.802Z,0,1,1,0,0,1,1,1,0,1,1,1,1,1,1,0,1,0.625,0.875,0.5175491695067657,0.3535533905932738,0.25,0.4,0.1555555555555556,0.1700680272108843,0.0,0.0,-0.5755292091532899,-0.519927444860111,0.05560176429317887
letterpad,2021-07-08T19:57:30.980Z,1,0,0,0,1,1,1,1,0,1,0,1,1,1,1,1,1,0.625,0.875,0.5175491695067657,0.3535533905932738,0.25,0.4,0.2571428571428572,0.1700680272108843,0.0,0.0,-0.5755292091532899,-0.519927444860111,0.05560176429317887
doctoolchain,2018-11-28T21:47:52.510Z,3,0,1,1,4,2,4,5,3,3,2,1,3,2,5,3,3,2.5,2.75,1.7728105208558367,1.1649647450214349,0.25,0.1,0.4329004329004328,0.1604010025062657,0.0,0.0,-0.08771936018222405,-0.09160494223376225,-0.003885582051538203
pygad,2021-01-04T15:03:21.556Z,1,0,1,1,1,0,0,1,1,1,1,0,1,2,1,0,1,0.625,0.875,0.5175491695067657,0.6408699444616557,0.25,0.4,0.028571428571428577,0.0020703933747412014,0.0,0.0,-0.5755292091532899,-0.519927444860111,0.05560176429317887
django-phone-verify,2022-01-23T13:09:47.610Z,0,0,0,0,0,0,0,0,0,0,0,0,1,0,1,0,0,0.0,0.25,0.0,0.4629100498862757,0.25,inf,0.0,0.015873015873015876,0.0,0.0,-0.7381324921436451,-0.6627016124022274,0.07543087974141771
confuserex,2019-11-07T19:54:30.737Z,1,1,1,1,0,1,2,1,1,0,1,2,1,1,1,2,2,1.0,1.25,0.5345224838248488,0.7071067811865476,0.25,0.25,0.04761904761904762,0.43537414965986393,0.0,0.0,-0.47796723935907665,-0.4342629443348413,0.04370429502423534
cssnano,2019-07-01T11:51:15.656Z,1,1,2,2,1,1,2,2,0,0,0,0,2,2,4,3,3,1.5,1.75,0.5345224838248488,1.5811388300841898,0.25,0.16666666666666666,0.1904761904761905,0.7836734693877552,0.0,0.0,-0.34788461296679246,-0.3200436103011483,0.027841002665644154
caddy-security,2022-05-18T12:08:21.309Z,0,0,0,0,2,1,1,1,4,2,0,1,0,1,1,1,1,0.625,0.875,0.7440238091428449,0.6408699444616557,0.25,0.4,0.4439324116743472,0.0020703933747412014,0.0,0.0,-0.5755292091532899,-0.519927444860111,0.05560176429317887
lamdu,2022-03-23T01:54:01.836Z,1,2,2,2,2,3,2,3,3,2,3,2,3,3,2,2,2,2.125,2.375,0.6408699444616557,0.5175491695067657,0.25,0.11764705882352941,0.5983436853002073,0.07936507936507936,0.0,0.0,-0.1852813299764372,-0.17726944275903203,0.008011887217405173
letterpad,2021-07-08T19:57:30.980Z,1,0,0,0,1,1,1,1,0,1,0,1,1,1,1,1,1,0.625,0.875,0.5175491695067657,0.3535533905932738,0.25,0.4,0.2571428571428572,0.1700680272108843,0.0,0.0,-0.5755292091532899,-0.519927444860111,0.05560176429317887
fakerjs,2017-02-22T13:38:55.200Z,1,2,1,1,0,0,0,0,3,2,0,0,0,1,0,1,3,0.625,0.875,0.7440238091428449,1.1259916264596033,0.25,0.4,0.6774193548387099,0.11334674714956407,0.0,0.0,-0.5755292091532899,-0.519927444860111,0.05560176429317887
offlineimap-organization,2019-12-07T18:11:14.503Z,2,0,2,0,2,1,0,0,4,0,1,2,2,0,0,1,3,0.875,1.125,0.9910312089651149,1.1259916264596033,0.25,0.2857142857142857,0.19480519480519481,0.11334674714956407,0.0,0.0,-0.5104878959571477,-0.46281777784326456,0.047670118113883164
gridjs,2021-01-06T21:00:37.030Z,3,4,2,2,2,2,2,4,2,2,2,5,3,5,1,4,1,2.625,2.875,0.9161253813129042,1.6420805617960925,0.25,0.09523809523809523,0.009118541033434653,0.015452538631346584,0.0,0.0,-0.055198703584153,-0.063050108725339,-0.007851405141186006
cloudmusic-vscode,2021-03-29T01:26:08.806Z,1,1,1,1,1,1,1,1,1,1,1,1,1,2,1,2,1,1.0,1.25,0.0,0.4629100498862757,0.25,0.25,0.0,0.14285714285714288,0.0,0.0,-0.47796723935907665,-0.4342629443348413,0.04370429502423534
offlineimap-organization,2019-12-07T18:11:14.503Z,2,0,2,0,2,1,0,0,4,0,1,2,2,0,0,1,3,0.875,1.125,0.9910312089651149,1.1259916264596033,0.25,0.2857142857142857,0.19480519480519481,0.11334674714956407,0.0,0.0,-0.5104878959571477,-0.46281777784326456,0.047670118113883164
bundlephobia,2018-07-24T11:32:25.532Z,1,2,1,1,1,1,1,0,1,2,1,2,2,1,0,2,0,1.0,1.25,0.5345224838248488,0.8864052604279183,0.25,0.25,0.42857142857142866,0.27705627705627706,0.0,0.0,-0.47796723935907665,-0.4342629443348413,0.04370429502423534
tidal-media-downloader,2021-07-10T04:11:07.164Z,6,4,1,1,2,1,4,5,1,3,3,2,4,1,5,6,2,3.0,3.25,2.0,1.6690459207925603,0.25,0.08333333333333333,0.007653061224489797,0.05982905982905986,0.0,0.0,0.04236326621006016,0.02261439179993075,-0.01974887441012941
cloudmusic-vscode,2021-03-29T01:26:08.806Z,1,1,1,1,1,1,1,1,1,1,1,1,1,2,1,2,1,1.0,1.25,0.0,0.4629100498862757,0.25,0.25,0.0,0.14285714285714288,0.0,0.0,-0.47796723935907665,-0.4342629443348413,0.04370429502423534
pixijs,2019-07-17T02:04:20.678Z,3,5,5,6,4,5,6,12,9,7,6,5,3,5,7,9,6,5.75,6.0,2.712405363721075,1.7728105208558367,0.25,0.043478260869565216,0.5034674063800277,0.06926406926406926,0.0,0.0,0.7578177113676233,0.6508207289852423,-0.10699698238238098
rust-battery,2019-06-04T07:57:59.235Z,0,0,0,0,4,1,1,1,2,0,0,0,3,2,1,1,2,0.875,1.125,1.3562026818605375,1.1259916264596033,0.25,0.2857142857142857,0.16689782709200182,0.295774647887324,0.0,0.0,-0.5104878959571477,-0.46281777784326456,0.047670118113883164
simple-icons,2021-05-08T00:15:16.465Z,11,8,11,14,14,12,10,14,13,14,8,13,13,14,13,11,10,11.75,12.0,2.187627547301936,2.138089935299395,0.25,0.02127659574468085,0.20540156361051887,0.02678571428571429,0.0,0.0,2.318809228075034,2.0214527373895583,-0.29735649068547554
simple-icons,2021-05-08T00:15:16.465Z,11,8,11,14,14,12,10,14,13,14,8,13,13,14,13,11,10,11.75,12.0,2.187627547301936,2.138089935299395,0.25,0.02127659574468085,0.20540156361051887,0.02678571428571429,0.0,0.0,2.318809228075034,2.0214527373895583,-0.29735649068547554
nix-errors-enhancement,2020-03-12T14:42:45.424Z,0,0,0,0,0,0,1,1,1,0,0,0,1,1,0,1,1,0.25,0.5,0.4629100498862757,0.5345224838248488,0.25,1.0,0.5714285714285715,0.42857142857142866,0.0,0.0,-0.673091178947503,-0.6055919453853809,0.06749923356212217
saumyaquake,2023-10-25T23:55:46.444Z,0,0,0,0,0,0,0,0,4,1,1,0,0,0,0,0,0,0.0,0.25,0.0,0.4629100498862757,0.25,inf,0.0,0.5714285714285715,0.0,0.0,-0.7381324921436451,-0.6627016124022274,0.07543087974141771
cannlytics-company,2022-04-21T19:42:11.934Z,2,1,1,0,0,1,0,1,1,1,1,1,1,1,1,1,1,0.75,1.0,0.7071067811865476,0.0,0.25,0.3333333333333333,0.24489795918367346,0.0,0.0,0.0,-0.5430085525552187,-0.4913726113516878,0.05163594120353093
sapphiredev,2021-12-05T21:40:41.936Z,0,0,2,2,3,4,3,3,3,3,3,2,3,3,3,1,1,2.125,2.375,1.4577379737113252,0.9161253813129042,0.25,0.11764705882352941,0.7398959583833533,0.446808510638298,0.0,0.0,-0.1852813299764372,-0.17726944275903203,0.008011887217405173
cezerin2,2019-05-13T05:32:30.062Z,0,0,0,0,0,0,0,0,1,0,0,0,0,0,1,0,1,0.0,0.25,0.0,0.4629100498862757,0.25,inf,0.0,0.3968253968253968,0.0,0.0,-0.7381324921436451,-0.6627016124022274,0.07543087974141771
omnivore,2023-01-02T13:40:52.825Z,5,7,5,5,6,6,5,4,7,8,5,6,3,5,9,3,6,5.375,5.625,0.9161253813129042,2.1339098923270936,0.25,0.046511627906976744,0.17122593718338402,0.0315592903828198,0.0,0.0,0.6602557415734102,0.5651562284599726,-0.09509951311343756
azuracast,2018-01-25T09:16:38.136Z,2,1,1,1,1,1,1,1,2,3,1,1,1,1,1,1,2,1.125,1.375,0.3535533905932738,0.7440238091428449,0.25,0.2222222222222222,0.3333333333333334,0.0752688172043011,0.0,0.0,-0.4454465827610056,-0.40570811082641806,0.03973847193458757
nusmods,2018-08-26T17:50:14.028Z,7,7,7,5,2,3,0,5,5,7,8,2,4,4,6,3,4,4.5,4.75,2.6186146828319083,2.052872551885702,0.25,0.05555555555555555,0.5079365079365081,0.2332526230831316,0.0,0.0,0.43261114538691275,0.3652723939010098,-0.06733875148590296
saumyaquake,2023-10-25T23:55:46.444Z,0,0,0,0,0,0,0,0,4,1,1,0,0,0,0,0,0,0.0,0.25,0.0,0.4629100498862757,0.25,inf,0.0,0.5714285714285715,0.0,0.0,-0.7381324921436451,-0.6627016124022274,0.07543087974141771
reconmap,2021-11-02T13:11:36.802Z,0,1,1,0,0,1,1,1,0,1,1,1,1,1,1,0,1,0.625,0.875,0.5175491695067657,0.3535533905932738,0.25,0.4,0.1555555555555556,0.1700680272108843,0.0,0.0,-0.5755292091532899,-0.519927444860111,0.05560176429317887
beercss,2023-04-06T07:27:35.894Z,2,0,1,2,2,4,1,1,1,2,4,0,1,3,3,1,1,1.625,1.875,1.1877349391654206,1.3562026818605375,0.25,0.15384615384615385,0.02953586497890297,0.05594082293111421,0.0,0.0,-0.3153639563687214,-0.29148877679272506,0.02387517957599633
iplug2,2022-10-04T14:14:48.091Z,2,1,1,1,1,1,2,3,1,3,1,2,2,1,1,3,1,1.5,1.75,0.7559289460184544,0.8864052604279183,0.25,0.16666666666666666,0.21428571428571433,0.06926406926406926,0.0,0.0,-0.34788461296679246,-0.3200436103011483,0.027841002665644154
go-mini-social-network,2021-07-21T01:58:58.149Z,0,0,0,0,0,0,0,0,0,0,0,0,1,1,0,0,0,0.0,0.25,0.0,0.4629100498862757,0.25,inf,0.0,0.0,0.0,0.0,-0.7381324921436451,-0.6627016124022274,0.07543087974141771
angular-tree-component,2019-10-24T10:39:55.453Z,1,0,0,2,2,1,0,2,0,5,3,0,1,0,1,0,0,1.0,1.25,0.9258200997725514,1.8322507626258084,0.25,0.25,0.0992063492063492,0.5835866261398178,0.0,0.0,-0.47796723935907665,-0.4342629443348413,0.04370429502423534
xdebug,2020-07-17T09:03:33.686Z,1,4,2,3,1,1,2,3,4,1,3,5,4,2,2,1,1,2.125,2.375,1.1259916264596033,1.5059406173077154,0.25,0.11764705882352941,0.0006706908115358822,0.16535433070866146,0.0,0.0,-0.1852813299764372,-0.17726944275903203,0.008011887217405173
pongo2,2021-07-17T05:14:38.522Z,2,2,0,0,2,0,0,0,0,0,0,0,1,4,1,0,2,0.75,1.0,1.0350983390135313,1.4142135623730951,0.25,0.3333333333333333,0.38412698412698415,0.1700680272108843,0.0,0.0,-0.5430085525552187,-0.4913726113516878,0.05163594120353093
confuserex,2019-11-07T19:54:30.737Z,1,1,1,1,0,1,2,1,1,0,1,2,1,1,1,2,2,1.0,1.25,0.5345224838248488,0.7071067811865476,0.25,0.25,0.04761904761904762,0.43537414965986393,0.0,0.0,-0.47796723935907665,-0.4342629443348413,0.04370429502423534
osgeo,2021-05-10T21:11:57.893Z,0,0,0,0,0,0,0,0,0,1,0,1,0,0,0,0,0,0.0,0.25,0.0,0.4629100498862757,0.25,inf,0.0,0.3968253968253968,0.0,0.0,-0.7381324921436451,-0.6627016124022274,0.07543087974141771
geolib,2019-10-19T12:03:06.394Z,0,0,0,3,3,1,0,0,1,3,3,0,0,0,0,2,0,0.875,1.0,1.3562026818605375,1.4142135623730951,0.125,0.14285714285714285,0.004160887656033288,0.2874149659863945,0.0,0.0,-0.5104878959571477,-0.4913726113516878,0.019115284605459915
fexo,2021-07-13T15:01:45.001Z,0,0,0,0,0,0,0,0,0,0,0,1,0,0,0,0,0,0.0,0.125,0.0,0.3535533905932738,0.125,inf,0.0,0.061224489795918366,0.0,0.0,-0.7381324921436451,-0.6912564459106506,0.04687604623299446
suneditor,2021-04-10T14:26:31.953Z,2,1,3,1,1,4,1,1,2,3,2,4,2,1,0,1,2,1.75,1.875,1.1649647450214349,1.2464234547582247,0.125,0.07142857142857142,0.010025062656641607,0.3420908593322387,0.0,0.0,-0.28284329977065037,-0.29148877679272506,-0.008645477022074688
portal-2-community-edition,2021-05-21T12:21:37.779Z,0,0,1,0,0,0,0,0,1,0,0,1,0,0,0,0,1,0.125,0.25,0.3535533905932738,0.4629100498862757,0.125,1.0,0.061224489795918366,0.0634920634920635,0.0,0.0,-0.705611835545574,-0.6627016124022274,0.04291022314334669
xgo,2022-08-31T00:20:42.719Z,3,2,3,2,2,3,0,2,1,2,3,3,2,4,1,1,2,2.125,2.25,0.9910312089651149,1.0350983390135313,0.125,0.058823529411764705,0.2502164502164503,0.1555555555555556,0.0,0.0,-0.1852813299764372,-0.20582427626745528,-0.020542946291018077
portal-2-community-edition,2021-05-21T12:21:37.779Z,0,0,1,0,0,0,0,0,1,0,0,1,0,0,0,0,1,0.125,0.25,0.3535533905932738,0.4629100498862757,0.125,1.0,0.061224489795918366,0.0634920634920635,0.0,0.0,-0.705611835545574,-0.6627016124022274,0.04291022314334669
otree,2023-01-07T22:50:12.889Z,0,0,0,0,0,0,0,0,0,0,1,0,0,0,0,0,0,0.0,0.125,0.0,0.3535533905932738,0.125,inf,0.0,0.1700680272108843,0.0,0.0,-0.7381324921436451,-0.6912564459106506,0.04687604623299446
ffpopup,2018-12-18T09:37:36.048Z,0,0,0,0,0,0,0,1,2,0,0,0,1,0,1,0,0,0.125,0.25,0.3535533905932738,0.4629100498862757,0.125,1.0,0.3333333333333334,0.015873015873015876,0.0,0.0,-0.705611835545574,-0.6627016124022274,0.04291022314334669
effectivemoderncppchinese,2022-06-20T15:07:14.968Z,1,0,0,2,2,2,1,1,2,1,1,2,0,1,2,2,1,1.125,1.25,0.8345229603962802,0.7071067811865476,0.125,0.1111111111111111,0.14774114774114777,0.061224489795918366,0.0,0.0,-0.4454465827610056,-0.4342629443348413,0.011183638426164322
quantum-computing,2022-01-27T02:26:45.892Z,1,0,0,0,0,0,0,0,1,0,0,1,1,0,0,0,0,0.125,0.25,0.3535533905932738,0.4629100498862757,0.125,1.0,0.3333333333333334,0.0634920634920635,0.0,0.0,-0.705611835545574,-0.6627016124022274,0.04291022314334669
dexiejs,2023-04-20T10:14:43.728Z,0,2,1,0,1,2,2,2,3,1,1,1,1,1,2,1,3,1.25,1.375,0.8864052604279183,0.7440238091428449,0.125,0.1,0.3506493506493506,0.4439324116743472,0.0,0.0,-0.41292592616293455,-0.40570811082641806,0.007217815336516498
diskframe,2019-09-11T04:17:21.325Z,0,1,1,2,0,2,1,3,3,2,1,2,1,1,1,1,2,1.25,1.375,1.0350983390135313,0.5175491695067657,0.125,0.1,0.38412698412698415,0.028571428571428577,0.0,0.0,-0.41292592616293455,-0.40570811082641806,0.007217815336516498
portal-2-community-edition,2021-05-21T12:21:37.779Z,0,0,1,0,0,0,0,0,1,0,0,1,0,0,0,0,1,0.125,0.25,0.3535533905932738,0.4629100498862757,0.125,1.0,0.061224489795918366,0.0634920634920635,0.0,0.0,-0.705611835545574,-0.6627016124022274,0.04291022314334669
dockle,2019-07-23T13:39:07.936Z,0,0,0,0,0,0,1,5,2,2,1,1,1,1,0,0,1,0.75,0.875,1.752549163769328,0.6408699444616557,0.125,0.16666666666666666,0.44296788482835003,0.46583850931677034,0.0,0.0,-0.5430085525552187,-0.519927444860111,0.02308110769510774
_rpisurv_,2020-12-28T23:55:00.453Z,1,1,0,0,0,0,1,0,1,1,0,1,1,0,0,0,1,0.375,0.5,0.5175491695067657,0.5345224838248488,0.125,0.3333333333333333,0.1555555555555556,0.04761904761904762,0.0,0.0,-0.6405705223494319,-0.6055919453853809,0.034978576964051045
effectivemoderncppchinese,2022-06-20T15:07:14.968Z,1,0,0,2,2,2,1,1,2,1,1,2,0,1,2,2,1,1.125,1.25,0.8345229603962802,0.7071067811865476,0.125,0.1111111111111111,0.14774114774114777,0.061224489795918366,0.0,0.0,-0.4454465827610056,-0.4342629443348413,0.011183638426164322
vue-functional-calendar,2021-07-14T22:47:01.624Z,1,1,0,2,2,0,0,0,1,0,1,1,2,1,1,1,0,0.75,0.875,0.8864052604279183,0.6408699444616557,0.125,0.16666666666666666,0.15584415584415587,0.0020703933747412014,0.0,0.0,-0.5430085525552187,-0.519927444860111,0.02308110769510774
nsfwfilter,2023-01-14T07:56:23.833Z,2,0,0,1,0,0,0,0,0,1,2,0,0,0,0,0,1,0.375,0.5,0.7440238091428449,0.7559289460184544,0.125,0.3333333333333333,0.34562211981566837,0.14880952380952384,0.0,0.0,-0.6405705223494319,-0.6055919453853809,0.034978576964051045
stump,2022-10-07T16:46:44.505Z,1,1,1,2,2,1,1,1,3,2,0,1,2,2,2,1,1,1.25,1.375,0.4629100498862757,0.7440238091428449,0.125,0.1,0.0,0.001536098310291859,0.0,0.0,-0.41292592616293455,-0.40570811082641806,0.007217815336516498
project-atlantis,2022-09-07T23:08:12.151Z,1,1,0,1,1,0,1,1,2,1,1,1,1,1,1,0,1,0.75,0.875,0.4629100498862757,0.3535533905932738,0.125,0.16666666666666666,0.0,0.1700680272108843,0.0,0.0,-0.5430085525552187,-0.519927444860111,0.02308110769510774
clinical-meteor,2021-07-20T18:41:34.150Z,0,0,0,0,0,0,0,0,0,0,0,0,0,0,1,0,0,0.0,0.125,0.0,0.3535533905932738,0.125,inf,0.0,0.061224489795918366,0.0,0.0,-0.7381324921436451,-0.6912564459106506,0.04687604623299446
orangopus,2019-08-03T15:43:54.433Z,0,0,0,0,0,0,1,1,1,0,0,0,1,1,1,0,0,0.25,0.375,0.4629100498862757,0.5175491695067657,0.125,0.5,0.5714285714285715,0.028571428571428577,0.0,0.0,-0.673091178947503,-0.6341467788938041,0.038944400053698924
orangopus,2019-08-03T15:43:54.433Z,0,0,0,0,0,0,1,1,1,0,0,0,1,1,1,0,0,0.25,0.375,0.4629100498862757,0.5175491695067657,0.125,0.5,0.5714285714285715,0.028571428571428577,0.0,0.0,-0.673091178947503,-0.6341467788938041,0.038944400053698924
orangopus,2019-08-03T15:43:54.433Z,0,0,0,0,0,0,1,1,1,0,0,0,1,1,1,0,0,0.25,0.375,0.4629100498862757,0.5175491695067657,0.125,0.5,0.5714285714285715,0.028571428571428577,0.0,0.0,-0.673091178947503,-0.6341467788938041,0.038944400053698924
project-atlantis,2022-09-07T23:08:12.151Z,1,1,0,1,1,0,1,1,2,1,1,1,1,1,1,0,1,0.75,0.875,0.4629100498862757,0.3535533905932738,0.125,0.16666666666666666,0.0,0.1700680272108843,0.0,0.0,-0.5430085525552187,-0.519927444860111,0.02308110769510774
mllaunchpad,2019-12-05T09:18:57.291Z,0,2,1,1,2,2,0,1,1,1,2,2,2,1,1,1,0,1.125,1.25,0.8345229603962802,0.7071067811865476,0.125,0.1111111111111111,0.0012210012210012214,0.43537414965986393,0.0,0.0,-0.4454465827610056,-0.4342629443348413,0.011183638426164322
mllaunchpad,2019-12-05T09:18:57.291Z,0,2,1,1,2,2,0,1,1,1,2,2,2,1,1,1,0,1.125,1.25,0.8345229603962802,0.7071067811865476,0.125,0.1111111111111111,0.0012210012210012214,0.43537414965986393,0.0,0.0,-0.4454465827610056,-0.4342629443348413,0.011183638426164322
aq-org1,2024-09-09T13:08:13.682Z,1,1,1,1,1,1,1,1,1,1,2,1,1,1,1,1,1,1.0,1.125,0.0,0.3535533905932738,0.125,0.125,0.0,0.1700680272108843,0.0,0.0,-0.47796723935907665,-0.46281777784326456,0.01514946151581209
mllaunchpad,2019-12-05T09:18:57.291Z,0,2,1,1,2,2,0,1,1,1,2,2,2,1,1,1,0,1.125,1.25,0.8345229603962802,0.7071067811865476,0.125,0.1111111111111111,0.0012210012210012214,0.43537414965986393,0.0,0.0,-0.4454465827610056,-0.4342629443348413,0.011183638426164322
aspnetcore-developer-roadmap,2019-04-01T12:37:04.134Z,0,0,0,0,0,0,4,2,0,0,2,2,0,0,0,1,2,0.75,0.875,1.4880476182856899,0.9910312089651149,0.125,0.16666666666666666,0.4439324116743472,0.007792207792207791,0.0,0.0,-0.5430085525552187,-0.519927444860111,0.02308110769510774
bootstrap-popover-x,2021-07-13T15:59:22.293Z,0,0,0,0,0,0,0,0,0,0,1,0,0,0,0,0,0,0.0,0.125,0.0,0.3535533905932738,0.125,inf,0.0,0.1700680272108843,0.0,0.0,-0.7381324921436451,-0.6912564459106506,0.04687604623299446
flyimg,2024-05-22T22:29:49.055Z,3,3,3,3,1,4,3,1,4,2,1,4,4,3,3,3,2,2.625,2.75,1.0606601717798212,1.0350983390135313,0.125,0.047619047619047616,0.12773998488284208,0.028571428571428577,0.0,0.0,-0.055198703584153,-0.09160494223376225,-0.036406238649609256
stump,2022-10-07T16:46:44.505Z,1,1,1,2,2,1,1,1,3,2,0,1,2,2,2,1,1,1.25,1.375,0.4629100498862757,0.7440238091428449,0.125,0.1,0.0,0.001536098310291859,0.0,0.0,-0.41292592616293455,-0.40570811082641806,0.007217815336516498
aqurusmc,2024-01-27T18:07:10.990Z,0,0,0,1,0,0,0,0,0,0,0,0,0,1,0,0,1,0.125,0.25,0.3535533905932738,0.4629100498862757,0.125,1.0,0.006802721088435374,0.253968253968254,0.0,0.0,-0.705611835545574,-0.6627016124022274,0.04291022314334669
cocash,2022-02-19T17:21:43.292Z,0,0,0,0,0,0,0,0,0,0,0,0,0,0,1,0,0,0.0,0.125,0.0,0.3535533905932738,0.125,inf,0.0,0.061224489795918366,0.0,0.0,-0.7381324921436451,-0.6912564459106506,0.04687604623299446
cocash,2022-02-19T17:21:43.292Z,0,0,0,0,0,0,0,0,0,0,0,0,0,0,1,0,0,0.0,0.125,0.0,0.3535533905932738,0.125,inf,0.0,0.061224489795918366,0.0,0.0,-0.7381324921436451,-0.6912564459106506,0.04687604623299446
cocash,2022-02-19T17:21:43.292Z,0,0,0,0,0,0,0,0,0,0,0,0,0,0,1,0,0,0.0,0.125,0.0,0.3535533905932738,0.125,inf,0.0,0.061224489795918366,0.0,0.0,-0.7381324921436451,-0.6912564459106506,0.04687604623299446
react-date-picker,2018-10-27T18:09:21.519Z,1,1,2,1,1,1,1,3,1,1,1,1,0,3,1,1,4,1.375,1.5,0.7440238091428449,1.3093073414159542,0.125,0.09090909090909091,0.18586789554531497,0.28571428571428575,0.0,0.0,-0.38040526956486354,-0.3771532773179948,0.003251992246868729
psake,2024-10-07T20:25:24.807Z,0,0,0,0,0,0,0,1,2,0,0,0,2,0,0,0,0,0.125,0.25,0.3535533905932738,0.7071067811865476,0.125,1.0,0.3333333333333334,0.006802721088435374,0.0,0.0,-0.705611835545574,-0.6627016124022274,0.04291022314334669
psake,2024-10-07T20:25:24.807Z,0,0,0,0,0,0,0,1,2,0,0,0,2,0,0,0,0,0.125,0.25,0.3535533905932738,0.7071067811865476,0.125,1.0,0.3333333333333334,0.006802721088435374,0.0,0.0,-0.705611835545574,-0.6627016124022274,0.04291022314334669
onedark-pro,2021-07-06T14:56:57.118Z,3,4,3,4,3,2,3,2,5,4,5,3,3,1,3,2,4,3.0,3.125,0.7559289460184544,1.2464234547582247,0.125,0.041666666666666664,0.3809523809523811,0.15818281335522721,0.0,0.0,0.04236326621006016,-0.005940441708492503,-0.048303707918552666
vue-functional-calendar,2021-07-14T22:47:01.624Z,1,1,0,2,2,0,0,0,1,0,1,1,2,1,1,1,0,0.75,0.875,0.8864052604279183,0.6408699444616557,0.125,0.16666666666666666,0.15584415584415587,0.0020703933747412014,0.0,0.0,-0.5430085525552187,-0.519927444860111,0.02308110769510774
mongodb-memory-server,2020-12-21T01:11:12.286Z,2,4,1,3,5,6,3,2,1,3,3,2,1,4,2,8,4,3.25,3.375,1.6690459207925603,2.1339098923270936,0.125,0.038461538461538464,0.043956043956043966,0.22875816993464057,0.0,0.0,0.10740457940620227,0.051169225308354,-0.056235354097848265
pyparsing,2024-07-18T07:17:42.032Z,3,0,0,4,3,0,1,2,1,2,2,1,2,2,2,2,1,1.625,1.75,1.5979898086569353,0.4629100498862757,0.125,0.07692307692307693,0.002997002997002997,0.0634920634920635,0.0,0.0,-0.3153639563687214,-0.3200436103011483,-0.004679653932426919
mongodb-memory-server,2020-12-21T01:11:12.286Z,2,4,1,3,5,6,3,2,1,3,3,2,1,4,2,8,4,3.25,3.375,1.6690459207925603,2.1339098923270936,0.125,0.038461538461538464,0.043956043956043966,0.22875816993464057,0.0,0.0,0.10740457940620227,0.051169225308354,-0.056235354097848265
vue-functional-calendar,2021-07-14T22:47:01.624Z,1,1,0,2,2,0,0,0,1,0,1,1,2,1,1,1,0,0.75,0.875,0.8864052604279183,0.6408699444616557,0.125,0.16666666666666666,0.15584415584415587,0.0020703933747412014,0.0,0.0,-0.5430085525552187,-0.519927444860111,0.02308110769510774
vue-functional-calendar,2021-07-14T22:47:01.624Z,1,1,0,2,2,0,0,0,1,0,1,1,2,1,1,1,0,0.75,0.875,0.8864052604279183,0.6408699444616557,0.125,0.16666666666666666,0.15584415584415587,0.0020703933747412014,0.0,0.0,-0.5430085525552187,-0.519927444860111,0.02308110769510774
live-code-london,2024-04-30T22:15:44.299Z,0,0,0,0,0,0,0,0,0,0,0,0,1,0,0,0,0,0.0,0.125,0.0,0.3535533905932738,0.125,inf,0.0,0.006802721088435374,0.0,0.0,-0.7381324921436451,-0.6912564459106506,0.04687604623299446
cloudcmd,2017-09-22T13:12:52.750Z,1,1,1,1,1,1,2,1,2,1,1,1,1,1,1,3,1,1.125,1.25,0.3535533905932738,0.7071067811865476,0.125,0.1111111111111111,0.1700680272108843,0.1700680272108843,0.0,0.0,-0.4454465827610056,-0.4342629443348413,0.011183638426164322
oxygenjl,2024-05-27T15:34:47.480Z,1,0,0,1,2,3,3,2,0,1,0,0,2,2,2,2,4,1.5,1.625,1.1952286093343936,1.3024701806293193,0.125,0.08333333333333333,0.6095238095238097,0.6862155388471177,0.0,0.0,-0.34788461296679246,-0.34859844380957156,-0.0007138308427790951
oxygenjl,2024-05-27T15:34:47.480Z,1,0,0,1,2,3,3,2,0,1,0,0,2,2,2,2,4,1.5,1.625,1.1952286093343936,1.3024701806293193,0.125,0.08333333333333333,0.6095238095238097,0.6862155388471177,0.0,0.0,-0.34788461296679246,-0.34859844380957156,-0.0007138308427790951
jump,2022-04-05T19:49:40.197Z,5,4,1,2,3,6,4,2,7,3,4,5,3,5,3,2,3,3.375,3.5,1.6850180160122068,1.0690449676496976,0.125,0.037037037037037035,0.007487271638215034,0.14583333333333334,0.0,0.0,0.1399252360042733,0.07972405881677726,-0.060201177187496055
geolib,2019-10-19T12:03:06.394Z,0,0,0,3,3,1,0,0,1,3,3,0,0,0,0,2,0,0.875,1.0,1.3562026818605375,1.4142135623730951,0.125,0.14285714285714285,0.004160887656033288,0.2874149659863945,0.0,0.0,-0.5104878959571477,-0.4913726113516878,0.019115284605459915
laravel-s,2021-07-17T05:41:19.114Z,1,2,1,1,2,1,0,0,0,1,2,1,2,1,2,0,0,1.0,1.125,0.7559289460184544,0.8345229603962802,0.125,0.125,0.3809523809523811,0.2747252747252748,0.0,0.0,-0.47796723935907665,-0.46281777784326456,0.01514946151581209
less,2020-03-06T11:34:25.144Z,1,1,0,1,0,0,0,1,0,1,1,2,1,0,0,0,0,0.5,0.625,0.5345224838248488,0.7440238091428449,0.125,0.25,0.10714285714285716,0.554531490015361,0.0,0.0,-0.6080498657513609,-0.5770371118769576,0.031012753874403276
quantum-computing,2022-01-27T02:26:45.892Z,1,0,0,0,0,0,0,0,1,0,0,1,1,0,0,0,0,0.125,0.25,0.3535533905932738,0.4629100498862757,0.125,1.0,0.3333333333333334,0.0634920634920635,0.0,0.0,-0.705611835545574,-0.6627016124022274,0.04291022314334669
quantum-computing,2022-01-27T02:26:45.892Z,1,0,0,0,0,0,0,0,1,0,0,1,1,0,0,0,0,0.125,0.25,0.3535533905932738,0.4629100498862757,0.125,1.0,0.3333333333333334,0.0634920634920635,0.0,0.0,-0.705611835545574,-0.6627016124022274,0.04291022314334669
dnnc,2022-03-25T11:14:26.025Z,1,0,0,0,0,0,0,0,1,0,0,0,1,0,0,1,0,0.125,0.25,0.3535533905932738,0.4629100498862757,0.125,1.0,0.3333333333333334,0.0634920634920635,0.0,0.0,-0.705611835545574,-0.6627016124022274,0.04291022314334669
quantum-computing,2022-01-27T02:26:45.892Z,1,0,0,0,0,0,0,0,1,0,0,1,1,0,0,0,0,0.125,0.25,0.3535533905932738,0.4629100498862757,0.125,1.0,0.3333333333333334,0.0634920634920635,0.0,0.0,-0.705611835545574,-0.6627016124022274,0.04291022314334669
gacp,2020-02-22T21:25:17.059Z,3,3,1,0,1,0,1,1,1,1,1,2,3,1,1,1,1,1.25,1.375,1.1649647450214349,0.7440238091428449,0.125,0.1,0.42355889724310786,0.03840245775729646,0.0,0.0,-0.41292592616293455,-0.40570811082641806,0.007217815336516498
django-import-export,2023-06-26T10:06:19.926Z,2,1,3,2,4,2,2,2,0,3,0,4,1,3,4,4,0,2.25,2.375,0.8864052604279183,1.7677669529663689,0.125,0.05555555555555555,0.017316017316017316,0.000272108843537415,0.0,0.0,-0.15276067337836616,-0.17726944275903203,-0.024508769380665874
dnnc,2022-03-25T11:14:26.025Z,1,0,0,0,0,0,0,0,1,0,0,0,1,0,0,1,0,0.125,0.25,0.3535533905932738,0.4629100498862757,0.125,1.0,0.3333333333333334,0.0634920634920635,0.0,0.0,-0.705611835545574,-0.6627016124022274,0.04291022314334669
altdrag,2019-12-17T07:29:20.687Z,0,0,0,0,0,0,0,0,0,0,0,1,0,0,0,0,0,0.0,0.125,0.0,0.3535533905932738,0.125,inf,0.0,0.061224489795918366,0.0,0.0,-0.7381324921436451,-0.6912564459106506,0.04687604623299446
webqit,2022-09-17T02:49:49.461Z,1,0,0,0,0,0,0,0,0,0,0,0,1,1,0,0,0,0.125,0.25,0.3535533905932738,0.4629100498862757,0.125,1.0,0.3333333333333334,0.0,0.0,0.0,-0.705611835545574,-0.6627016124022274,0.04291022314334669
xgo,2022-08-31T00:20:42.719Z,3,2,3,2,2,3,0,2,1,2,3,3,2,4,1,1,2,2.125,2.25,0.9910312089651149,1.0350983390135313,0.125,0.058823529411764705,0.2502164502164503,0.1555555555555556,0.0,0.0,-0.1852813299764372,-0.20582427626745528,-0.020542946291018077
webqit,2022-09-17T02:49:49.461Z,1,0,0,0,0,0,0,0,0,0,0,0,1,1,0,0,0,0.125,0.25,0.3535533905932738,0.4629100498862757,0.125,1.0,0.3333333333333334,0.0,0.0,0.0,-0.705611835545574,-0.6627016124022274,0.04291022314334669
html-bundler-webpack-plugin,2023-10-17T09:45:49.407Z,1,2,2,0,1,1,1,1,3,2,1,1,1,1,1,1,2,1.125,1.25,0.6408699444616557,0.4629100498862757,0.125,0.1111111111111111,0.10144927536231889,0.0,0.0,0.0,-0.4454465827610056,-0.4342629443348413,0.011183638426164322
substitute-js,2024-02-07T01:11:45.040Z,0,0,0,0,0,0,0,0,0,1,0,0,0,0,0,0,0,0.0,0.125,0.0,0.3535533905932738,0.125,inf,0.0,0.3333333333333334,0.0,0.0,-0.7381324921436451,-0.6912564459106506,0.04687604623299446
urduhack,2019-07-04T23:24:10.198Z,0,1,2,2,1,1,2,1,2,2,1,0,1,3,0,2,2,1.25,1.375,0.7071067811865476,1.0606601717798212,0.125,0.1,0.10884353741496598,0.03703703703703705,0.0,0.0,-0.41292592616293455,-0.40570811082641806,0.007217815336516498
urduhack,2019-07-04T23:24:10.198Z,0,1,2,2,1,1,2,1,2,2,1,0,1,3,0,2,2,1.25,1.375,0.7071067811865476,1.0606601717798212,0.125,0.1,0.10884353741496598,0.03703703703703705,0.0,0.0,-0.41292592616293455,-0.40570811082641806,0.007217815336516498
cspell,2022-02-13T18:20:27.413Z,3,3,3,7,3,4,6,5,3,4,4,5,4,3,5,6,4,4.25,4.375,1.5811388300841898,0.9161253813129042,0.125,0.029411764705882353,0.2666666666666667,0.08206686930091188,0.0,0.0,0.36756983219077066,0.27960789337574005,-0.08796193881503062
home-assistant-cli,2024-03-29T08:04:13.578Z,0,0,0,0,0,0,0,0,0,0,1,0,0,0,0,0,0,0.0,0.125,0.0,0.3535533905932738,0.125,inf,0.0,0.1700680272108843,0.0,0.0,-0.7381324921436451,-0.6912564459106506,0.04687604623299446
live-code-london,2024-04-30T22:15:44.299Z,0,0,0,0,0,0,0,0,0,0,0,0,1,0,0,0,0,0.0,0.125,0.0,0.3535533905932738,0.125,inf,0.0,0.006802721088435374,0.0,0.0,-0.7381324921436451,-0.6912564459106506,0.04687604623299446
project-atlantis,2022-09-07T23:08:12.151Z,1,1,0,1,1,0,1,1,2,1,1,1,1,1,1,0,1,0.75,0.875,0.4629100498862757,0.3535533905932738,0.125,0.16666666666666666,0.0,0.1700680272108843,0.0,0.0,-0.5430085525552187,-0.519927444860111,0.02308110769510774
contribkanban,2019-06-04T01:24:03.006Z,1,0,1,1,0,1,1,1,1,2,1,0,1,1,2,0,0,0.75,0.875,0.4629100498862757,0.8345229603962802,0.125,0.16666666666666666,0.0634920634920635,0.20634920634920634,0.0,0.0,-0.5430085525552187,-0.519927444860111,0.02308110769510774
contribkanban,2019-06-04T01:24:03.006Z,1,0,1,1,0,1,1,1,1,2,1,0,1,1,2,0,0,0.75,0.875,0.4629100498862757,0.8345229603962802,0.125,0.16666666666666666,0.0634920634920635,0.20634920634920634,0.0,0.0,-0.5430085525552187,-0.519927444860111,0.02308110769510774
contribkanban,2019-06-04T01:24:03.006Z,1,0,1,1,0,1,1,1,1,2,1,0,1,1,2,0,0,0.75,0.875,0.4629100498862757,0.8345229603962802,0.125,0.16666666666666666,0.0634920634920635,0.20634920634920634,0.0,0.0,-0.5430085525552187,-0.519927444860111,0.02308110769510774
aq-org1,2024-09-09T13:08:13.682Z,1,1,1,1,1,1,1,1,1,1,2,1,1,1,1,1,1,1.0,1.125,0.0,0.3535533905932738,0.125,0.125,0.0,0.1700680272108843,0.0,0.0,-0.47796723935907665,-0.46281777784326456,0.01514946151581209
mongodb-memory-server,2020-12-21T01:11:12.286Z,2,4,1,3,5,6,3,2,1,3,3,2,1,4,2,8,4,3.25,3.375,1.6690459207925603,2.1339098923270936,0.125,0.038461538461538464,0.043956043956043966,0.22875816993464057,0.0,0.0,0.10740457940620227,0.051169225308354,-0.056235354097848265
less,2020-03-06T11:34:25.144Z,1,1,0,1,0,0,0,1,0,1,1,2,1,0,0,0,0,0.5,0.625,0.5345224838248488,0.7440238091428449,0.125,0.25,0.10714285714285716,0.554531490015361,0.0,0.0,-0.6080498657513609,-0.5770371118769576,0.031012753874403276
xmake,2019-09-05T06:58:05.080Z,1,1,2,3,2,2,2,3,1,2,3,2,2,2,2,2,2,2.0,2.125,0.7559289460184544,0.3535533905932738,0.125,0.0625,0.4821428571428571,0.1700680272108843,0.0,0.0,-0.21780198657450825,-0.23437910977587853,-0.01657712320137028
core-js,2019-03-22T03:38:17.681Z,2,2,2,1,2,1,3,1,1,2,3,2,3,1,1,1,2,1.75,1.875,0.7071067811865476,0.8345229603962802,0.125,0.07142857142857142,0.027210884353741496,0.2747252747252748,0.0,0.0,-0.28284329977065037,-0.29148877679272506,-0.008645477022074688
gitextensions,2018-11-01T14:05:26.056Z,8,10,10,9,10,10,12,13,14,16,16,14,11,8,7,7,4,10.25,10.375,1.5811388300841898,4.565006649971686,0.125,0.012195121951219513,0.7197278911564626,0.9551964744766804,0.0,0.0,1.928561348898181,1.650239901780056,-0.278321447118125
css-doodle,2019-09-05T18:53:57.410Z,1,1,1,1,1,0,1,0,0,1,1,1,1,0,1,1,1,0.75,0.875,0.4629100498862757,0.3535533905932738,0.125,0.16666666666666666,0.3968253968253968,0.006802721088435374,0.0,0.0,-0.5430085525552187,-0.519927444860111,0.02308110769510774
bootstrap-table,2018-01-15T22:49:33.031Z,1,1,0,0,1,1,1,7,2,3,3,2,0,0,1,2,2,1.5,1.625,2.2677868380553634,1.1877349391654206,0.125,0.08333333333333333,0.3498677248677248,0.13562386980108504,0.0,0.0,-0.34788461296679246,-0.34859844380957156,-0.0007138308427790951
openbenches,2022-10-01T00:06:53.879Z,0,1,1,2,2,1,1,2,1,1,1,2,2,2,1,1,1,1.25,1.375,0.7071067811865476,0.5175491695067657,0.125,0.1,0.3333333333333334,0.028571428571428577,0.0,0.0,-0.41292592616293455,-0.40570811082641806,0.007217815336516498
react-window,2021-09-02T12:58:03.612Z,0,0,0,0,0,0,0,0,0,0,0,0,0,0,0,1,0,0.0,0.125,0.0,0.3535533905932738,0.125,inf,0.0,0.1700680272108843,0.0,0.0,-0.7381324921436451,-0.6912564459106506,0.04687604623299446
guppe-groups,2022-11-22T17:39:59.918Z,0,1,2,0,0,0,0,1,3,1,1,0,1,0,1,1,0,0.5,0.625,0.7559289460184544,0.5175491695067657,0.125,0.25,0.02380952380952382,0.07936507936507936,0.0,0.0,-0.6080498657513609,-0.5770371118769576,0.031012753874403276
react-pdf-wojtekmaj,2019-06-20T19:51:44.635Z,2,2,1,2,3,2,1,1,1,2,2,2,1,2,3,3,0,1.75,1.875,0.7071067811865476,0.9910312089651149,0.125,0.07142857142857142,0.10884353741496598,0.021645021645021644,0.0,0.0,-0.28284329977065037,-0.29148877679272506,-0.008645477022074688
cloudbox,2019-11-10T15:43:14.984Z,1,1,2,1,1,1,2,0,1,1,1,2,3,1,0,0,2,1.125,1.25,0.6408699444616557,1.0350983390135313,0.125,0.1111111111111111,0.051759834368530024,0.028571428571428577,0.0,0.0,-0.4454465827610056,-0.4342629443348413,0.011183638426164322
terser,2019-09-04T10:46:37.653Z,4,2,4,1,5,3,3,6,4,1,2,4,6,3,8,2,3,3.5,3.625,1.6035674514745462,2.326094212561969,0.125,0.03571428571428571,0.13227513227513227,0.08313688511708314,0.0,0.0,0.17244589260234436,0.10827889232520051,-0.06416700027714385
mediasoup,2019-02-26T15:27:52.552Z,0,1,2,1,4,2,2,1,1,2,2,3,3,2,1,1,0,1.625,1.75,1.1877349391654206,1.0350983390135313,0.125,0.07692307692307693,0.13562386980108504,0.5365079365079365,0.0,0.0,-0.3153639563687214,-0.3200436103011483,-0.004679653932426919
svgr,2018-09-26T14:08:30.564Z,3,0,4,3,3,1,2,5,6,2,5,2,5,2,1,2,3,2.625,2.75,1.5979898086569353,1.4880476182856899,0.125,0.047619047619047616,0.07492507492507493,0.0752688172043011,0.0,0.0,-0.055198703584153,-0.09160494223376225,-0.036406238649609256
komapper,2023-02-25T01:59:11.275Z,4,3,3,3,2,2,3,3,3,2,3,2,4,4,3,3,3,2.875,3.0,0.6408699444616557,0.7559289460184544,0.125,0.043478260869565216,0.25051759834368537,0.14880952380952384,0.0,0.0,0.009842609611989106,-0.034495275216915755,-0.04433788482890486
patchfox,2019-06-12T02:20:10.332Z,0,0,1,1,1,1,1,1,2,1,1,1,1,1,1,0,1,0.75,0.875,0.4629100498862757,0.3535533905932738,0.125,0.16666666666666666,0.5714285714285715,0.1700680272108843,0.0,0.0,-0.5430085525552187,-0.519927444860111,0.02308110769510774
advancedfx,2019-09-10T18:47:57.469Z,1,1,1,1,1,1,1,3,3,2,1,2,1,2,1,1,1,1.25,1.375,0.7071067811865476,0.5175491695067657,0.125,0.1,0.3333333333333334,0.2571428571428572,0.0,0.0,-0.41292592616293455,-0.40570811082641806,0.007217815336516498
ampalibe,2022-08-12T12:44:08.813Z,0,1,4,3,2,1,3,2,3,2,3,2,2,3,2,1,2,2.0,2.125,1.3093073414159542,0.6408699444616557,0.125,0.0625,0.09722222222222228,0.16770186335403728,0.0,0.0,-0.21780198657450825,-0.23437910977587853,-0.01657712320137028
intellij-rainbow-brackets,2019-07-18T12:48:38.338Z,1,2,2,2,1,1,0,1,1,1,2,2,1,1,2,1,1,1.25,1.375,0.7071067811865476,0.5175491695067657,0.125,0.1,0.3333333333333334,0.07936507936507936,0.0,0.0,-0.41292592616293455,-0.40570811082641806,0.007217815336516498
drupal-recording-initiative,2019-01-07T23:59:20.040Z,0,0,0,0,1,1,0,0,1,1,0,0,1,1,0,0,0,0.25,0.375,0.4629100498862757,0.5175491695067657,0.125,0.5,0.0634920634920635,0.1555555555555556,0.0,0.0,-0.673091178947503,-0.6341467788938041,0.038944400053698924
open-registry,2019-04-29T15:38:19.747Z,0,0,0,0,0,0,0,0,2,1,0,0,0,0,0,0,0,0.0,0.125,0.0,0.3535533905932738,0.125,inf,0.0,0.3333333333333334,0.0,0.0,-0.7381324921436451,-0.6912564459106506,0.04687604623299446
purescript,2019-11-07T03:47:05.722Z,5,5,6,3,4,3,2,3,3,4,5,3,5,6,6,2,1,3.875,4.0,1.3562026818605375,1.8516401995451028,0.125,0.03225806451612903,0.63291724456773,0.16765873015873017,0.0,0.0,0.2700078623965575,0.19394339285047027,-0.07606446954608723
dearpygui,2021-03-09T01:05:52.668Z,0,1,0,1,0,0,1,1,0,0,1,0,1,1,0,1,1,0.5,0.625,0.5345224838248488,0.5175491695067657,0.125,0.25,0.10714285714285716,0.1555555555555556,0.0,0.0,-0.6080498657513609,-0.5770371118769576,0.031012753874403276
streetmix,2016-09-20T15:00:20.116Z,1,1,3,1,2,2,2,1,2,5,1,0,1,2,3,1,1,1.625,1.75,0.7440238091428449,1.5811388300841898,0.125,0.07692307692307693,0.013824884792626729,0.11020408163265304,0.0,0.0,-0.3153639563687214,-0.3200436103011483,-0.004679653932426919
vale,2020-09-29T20:15:04.803Z,3,1,1,1,2,1,1,1,1,3,3,1,1,1,1,1,1,1.375,1.5,0.7440238091428449,0.9258200997725514,0.125,0.09090909090909091,0.2596006144393241,0.5714285714285715,0.0,0.0,-0.38040526956486354,-0.3771532773179948,0.003251992246868729
deaconsocial,2022-11-18T17:48:05.127Z,0,0,0,0,0,0,0,1,1,0,1,0,1,0,0,0,0,0.125,0.25,0.3535533905932738,0.4629100498862757,0.125,1.0,0.3333333333333334,0.14285714285714288,0.0,0.0,-0.705611835545574,-0.6627016124022274,0.04291022314334669
fast-endpoints,2023-05-22T08:03:21.307Z,8,5,5,1,3,2,4,3,3,5,3,3,5,7,4,2,3,3.875,4.0,2.1671244937540095,1.6035674514745462,0.125,0.03225806451612903,0.3999637877964873,0.06481481481481485,0.0,0.0,0.2700078623965575,0.19394339285047027,-0.07606446954608723
piximagepicker,2023-12-03T20:11:25.111Z,0,0,0,0,0,0,0,0,0,0,0,0,0,0,0,0,0,0.0,0.0,0.0,0.0,0.0,inf,0.0,0.0,0.0,0.0,-0.7381324921436451,-0.7198112794190739,0.018321212724571212
codingcoach-io,2023-08-02T12:06:16.462Z,0,0,0,0,0,0,0,0,0,0,0,0,0,0,0,0,0,0.0,0.0,0.0,0.0,0.0,inf,0.0,0.0,0.0,0.0,-0.7381324921436451,-0.7198112794190739,0.018321212724571212
suitecrm,2019-07-09T12:53:56.888Z,10,15,13,8,19,10,8,18,13,14,17,18,11,10,9,13,9,12.625,12.625,4.34042460069124,3.50255009141299,0.0,0.0,0.023877228616565112,0.47750745130657785,0.0,0.0,2.546453824261531,2.1642269049316747,-0.3822269193298564
sgkit,2022-10-26T19:43:33.226Z,0,0,0,0,0,0,0,0,0,0,0,0,0,0,0,0,0,0.0,0.0,0.0,0.0,0.0,inf,0.0,0.0,0.0,0.0,-0.7381324921436451,-0.7198112794190739,0.018321212724571212
github-readme-activity-graph,2024-06-12T03:29:10.129Z,0,0,0,0,0,0,0,1,0,0,0,0,0,0,0,0,1,0.125,0.125,0.3535533905932738,0.3535533905932738,0.0,0.0,0.3333333333333334,0.3333333333333334,0.0,0.0,-0.705611835545574,-0.6912564459106506,0.014355389634923443
sgkit,2022-10-26T19:43:33.226Z,0,0,0,0,0,0,0,0,0,0,0,0,0,0,0,0,0,0.0,0.0,0.0,0.0,0.0,inf,0.0,0.0,0.0,0.0,-0.7381324921436451,-0.7198112794190739,0.018321212724571212
policyengine,2024-03-04T02:37:03.519Z,0,0,0,0,0,0,0,0,0,0,0,0,0,0,0,0,0,0.0,0.0,0.0,0.0,0.0,inf,0.0,0.0,0.0,0.0,-0.7381324921436451,-0.7198112794190739,0.018321212724571212
sgkit,2022-10-26T19:43:33.226Z,0,0,0,0,0,0,0,0,0,0,0,0,0,0,0,0,0,0.0,0.0,0.0,0.0,0.0,inf,0.0,0.0,0.0,0.0,-0.7381324921436451,-0.7198112794190739,0.018321212724571212
openintents,2019-12-20T08:12:00.336Z,0,0,0,0,0,0,0,0,0,0,0,0,0,0,0,0,0,0.0,0.0,0.0,0.0,0.0,inf,0.0,0.0,0.0,0.0,-0.7381324921436451,-0.7198112794190739,0.018321212724571212
drupalnj,2022-06-06T20:57:04.148Z,0,0,0,0,0,0,0,0,0,0,0,0,0,0,0,0,0,0.0,0.0,0.0,0.0,0.0,inf,0.0,0.0,0.0,0.0,-0.7381324921436451,-0.7198112794190739,0.018321212724571212
heti,2022-06-18T17:42:22.049Z,0,0,1,2,1,2,0,0,1,1,0,0,0,0,3,1,1,0.75,0.75,0.8864052604279183,1.0350983390135313,0.0,0.0,0.004329004329004329,0.1555555555555556,0.0,0.0,-0.5430085525552187,-0.5484822783685344,-0.005473725813315622
typetura,2022-10-13T21:19:27.908Z,0,0,0,0,0,0,0,0,0,0,0,0,0,0,0,0,0,0.0,0.0,0.0,0.0,0.0,inf,0.0,0.0,0.0,0.0,-0.7381324921436451,-0.7198112794190739,0.018321212724571212
cyclejs,2016-09-20T08:31:40.598Z,8,5,5,10,7,5,4,7,5,4,5,6,6,7,10,6,7,6.375,6.375,1.9955307206712847,1.7677669529663689,0.0,0.0,0.048046124279308156,0.41387755102040813,0.0,0.0,0.9204209943579785,0.7364852295105121,-0.18393576484746643
wiremocknet,2021-07-27T02:28:20.605Z,0,0,0,0,0,0,0,0,0,0,0,0,0,0,0,0,0,0.0,0.0,0.0,0.0,0.0,inf,0.0,0.0,0.0,0.0,-0.7381324921436451,-0.7198112794190739,0.018321212724571212
openstl,2023-12-01T03:08:15.128Z,0,0,0,0,0,0,0,0,0,0,0,0,0,0,0,0,0,0.0,0.0,0.0,0.0,0.0,inf,0.0,0.0,0.0,0.0,-0.7381324921436451,-0.7198112794190739,0.018321212724571212
tone-row,2021-05-10T20:10:33.637Z,0,0,0,0,0,0,0,0,0,0,0,0,0,0,0,0,0,0.0,0.0,0.0,0.0,0.0,inf,0.0,0.0,0.0,0.0,-0.7381324921436451,-0.7198112794190739,0.018321212724571212
tone-row,2021-05-10T20:10:33.637Z,0,0,0,0,0,0,0,0,0,0,0,0,0,0,0,0,0,0.0,0.0,0.0,0.0,0.0,inf,0.0,0.0,0.0,0.0,-0.7381324921436451,-0.7198112794190739,0.018321212724571212
wiremocknet,2021-07-27T02:28:20.605Z,0,0,0,0,0,0,0,0,0,0,0,0,0,0,0,0,0,0.0,0.0,0.0,0.0,0.0,inf,0.0,0.0,0.0,0.0,-0.7381324921436451,-0.7198112794190739,0.018321212724571212
heti,2022-06-18T17:42:22.049Z,0,0,1,2,1,2,0,0,1,1,0,0,0,0,3,1,1,0.75,0.75,0.8864052604279183,1.0350983390135313,0.0,0.0,0.004329004329004329,0.1555555555555556,0.0,0.0,-0.5430085525552187,-0.5484822783685344,-0.005473725813315622
tone-row,2021-05-10T20:10:33.637Z,0,0,0,0,0,0,0,0,0,0,0,0,0,0,0,0,0,0.0,0.0,0.0,0.0,0.0,inf,0.0,0.0,0.0,0.0,-0.7381324921436451,-0.7198112794190739,0.018321212724571212
redux-devtools-extension,2016-11-03T15:52:23.487Z,1,1,3,0,2,0,2,0,0,0,4,1,0,3,0,1,0,1.125,1.125,1.1259916264596033,1.5526475085202969,0.0,0.0,0.054325955734406434,0.07936507936507939,0.0,0.0,-0.4454465827610056,-0.46281777784326456,-0.017371195082258928
code-for-dayton,2023-11-07T23:56:41.226Z,0,0,0,0,0,0,0,0,0,0,0,0,0,0,0,0,0,0.0,0.0,0.0,0.0,0.0,inf,0.0,0.0,0.0,0.0,-0.7381324921436451,-0.7198112794190739,0.018321212724571212
code-for-dayton,2023-11-07T23:56:41.226Z,0,0,0,0,0,0,0,0,0,0,0,0,0,0,0,0,0,0.0,0.0,0.0,0.0,0.0,inf,0.0,0.0,0.0,0.0,-0.7381324921436451,-0.7198112794190739,0.018321212724571212
matter,2022-01-27T02:33:32.072Z,0,0,0,0,0,0,0,0,1,0,0,0,0,0,0,0,0,0.0,0.0,0.0,0.0,0.0,inf,0.0,0.0,0.0,0.0,-0.7381324921436451,-0.7198112794190739,0.018321212724571212
heti,2022-06-18T17:42:22.049Z,0,0,1,2,1,2,0,0,1,1,0,0,0,0,3,1,1,0.75,0.75,0.8864052604279183,1.0350983390135313,0.0,0.0,0.004329004329004329,0.1555555555555556,0.0,0.0,-0.5430085525552187,-0.5484822783685344,-0.005473725813315622
pona,2023-06-30T13:39:32.470Z,0,0,0,0,0,0,0,0,0,0,0,0,0,0,0,0,0,0.0,0.0,0.0,0.0,0.0,inf,0.0,0.0,0.0,0.0,-0.7381324921436451,-0.7198112794190739,0.018321212724571212
react-design-editor,2019-12-06T04:43:58.782Z,1,1,0,1,1,1,1,1,1,1,1,1,1,1,1,0,1,0.875,0.875,0.3535533905932738,0.3535533905932738,0.0,0.0,0.061224489795918366,0.1700680272108843,0.0,0.0,-0.5104878959571477,-0.519927444860111,-0.00943954890296328
centeredcollectionview,2021-07-11T16:05:05.114Z,0,0,0,0,0,0,0,0,0,0,0,0,0,0,0,0,0,0.0,0.0,0.0,0.0,0.0,inf,0.0,0.0,0.0,0.0,-0.7381324921436451,-0.7198112794190739,0.018321212724571212
shirakumo,2021-11-23T13:45:25.440Z,0,0,0,0,0,0,0,0,0,0,0,0,0,0,0,0,0,0.0,0.0,0.0,0.0,0.0,inf,0.0,0.0,0.0,0.0,-0.7381324921436451,-0.7198112794190739,0.018321212724571212
actionshub,2023-05-15T08:42:15.223Z,0,0,0,0,0,0,0,0,0,0,0,0,0,0,0,0,0,0.0,0.0,0.0,0.0,0.0,inf,0.0,0.0,0.0,0.0,-0.7381324921436451,-0.7198112794190739,0.018321212724571212
xupdate,2021-07-20T19:27:30.615Z,1,1,1,0,0,0,1,1,1,1,1,0,1,0,1,0,1,0.625,0.625,0.5175491695067657,0.5175491695067657,0.0,0.0,0.028571428571428577,0.028571428571428577,0.0,0.0,-0.5755292091532899,-0.5770371118769576,-0.0015079027236677423
slideshowp2,2019-11-13T08:08:16.302Z,0,0,0,1,1,0,1,1,1,1,0,1,1,0,0,1,0,0.5,0.5,0.5345224838248488,0.5345224838248488,0.0,0.0,0.42857142857142866,0.10714285714285716,0.0,0.0,-0.6080498657513609,-0.6055919453853809,0.0024579203659800264
fieldsets,2021-07-08T01:39:39.061Z,0,0,0,0,0,0,0,0,0,0,0,0,0,0,0,0,0,0.0,0.0,0.0,0.0,0.0,inf,0.0,0.0,0.0,0.0,-0.7381324921436451,-0.7198112794190739,0.018321212724571212
hardkoded-projects,2019-02-01T22:00:33.572Z,0,0,0,0,0,0,0,0,0,0,0,0,0,0,0,0,0,0.0,0.0,0.0,0.0,0.0,inf,0.0,0.0,0.0,0.0,-0.7381324921436451,-0.7198112794190739,0.018321212724571212
hardkoded-projects,2019-02-01T22:00:33.572Z,0,0,0,0,0,0,0,0,0,0,0,0,0,0,0,0,0,0.0,0.0,0.0,0.0,0.0,inf,0.0,0.0,0.0,0.0,-0.7381324921436451,-0.7198112794190739,0.018321212724571212
laradock,2019-01-30T16:37:36.407Z,3,4,6,3,6,1,6,1,4,9,3,2,3,2,2,5,4,3.75,3.75,2.1213203435596424,2.3754698783308412,0.0,0.0,0.04837490551776268,0.10186859553948165,0.0,0.0,0.23748720579848648,0.13683372583362377,-0.10065347996486271
hydephp,2024-10-22T11:00:03.680Z,0,0,2,1,1,0,0,0,0,1,0,0,0,1,1,1,0,0.5,0.5,0.7559289460184544,0.5345224838248488,0.0,0.0,0.05357142857142858,0.011904761904761906,0.0,0.0,-0.6080498657513609,-0.6055919453853809,0.0024579203659800264
stalwart,2024-09-24T10:31:06.924Z,1,1,1,5,6,3,3,3,4,3,2,2,3,1,4,2,6,2.875,2.875,1.8850918886280925,1.5526475085202969,0.0,0.0,0.2299593204115817,0.22045855379188717,0.0,0.0,0.009842609611989106,-0.063050108725339,-0.0728927183373281
lark,2021-03-23T02:21:36.503Z,0,0,0,0,0,0,0,0,0,0,0,0,0,0,0,0,0,0.0,0.0,0.0,0.0,0.0,inf,0.0,0.0,0.0,0.0,-0.7381324921436451,-0.7198112794190739,0.018321212724571212
hydephp,2024-10-22T11:00:03.680Z,0,0,2,1,1,0,0,0,0,1,0,0,0,1,1,1,0,0.5,0.5,0.7559289460184544,0.5345224838248488,0.0,0.0,0.05357142857142858,0.011904761904761906,0.0,0.0,-0.6080498657513609,-0.6055919453853809,0.0024579203659800264
tysimulator,2021-07-13T00:06:54.476Z,0,0,0,0,0,0,0,0,0,0,0,0,0,0,0,0,0,0.0,0.0,0.0,0.0,0.0,inf,0.0,0.0,0.0,0.0,-0.7381324921436451,-0.7198112794190739,0.018321212724571212
copyissue-xcode-plugin,2021-07-17T05:41:06.289Z,0,0,0,0,0,0,0,0,0,0,0,0,0,0,0,0,0,0.0,0.0,0.0,0.0,0.0,inf,0.0,0.0,0.0,0.0,-0.7381324921436451,-0.7198112794190739,0.018321212724571212
v-selectpage,2021-07-21T23:29:52.495Z,0,0,0,0,0,0,0,0,0,0,0,0,0,0,0,0,0,0.0,0.0,0.0,0.0,0.0,inf,0.0,0.0,0.0,0.0,-0.7381324921436451,-0.7198112794190739,0.018321212724571212
vscodebeautify,2021-07-19T04:00:40.688Z,0,0,0,0,0,0,0,0,0,0,0,0,0,0,0,0,0,0.0,0.0,0.0,0.0,0.0,inf,0.0,0.0,0.0,0.0,-0.7381324921436451,-0.7198112794190739,0.018321212724571212
open-research-calendar,2022-10-01T23:25:38.762Z,2,1,0,1,1,1,1,1,2,1,1,1,1,1,1,1,1,1.0,1.0,0.5345224838248488,0.0,0.0,0.0,0.04761904761904762,0.0,0.0,0.0,-0.47796723935907665,-0.4913726113516878,-0.01340537199261116
openmined,2018-06-28T01:34:07.007Z,0,0,0,0,0,0,0,0,0,0,0,0,0,0,0,0,0,0.0,0.0,0.0,0.0,0.0,inf,0.0,0.0,0.0,0.0,-0.7381324921436451,-0.7198112794190739,0.018321212724571212
openshopchannel,2022-10-18T17:57:00.775Z,0,0,0,0,0,0,0,0,0,0,0,0,0,0,0,0,0,0.0,0.0,0.0,0.0,0.0,inf,0.0,0.0,0.0,0.0,-0.7381324921436451,-0.7198112794190739,0.018321212724571212
embroidermodder,2021-11-05T17:22:04.886Z,0,0,0,0,0,0,0,0,0,0,0,0,0,0,0,0,0,0.0,0.0,0.0,0.0,0.0,inf,0.0,0.0,0.0,0.0,-0.7381324921436451,-0.7198112794190739,0.018321212724571212
silex,2021-02-20T20:49:02.505Z,0,0,0,0,0,0,0,0,0,0,0,0,0,0,0,0,0,0.0,0.0,0.0,0.0,0.0,inf,0.0,0.0,0.0,0.0,-0.7381324921436451,-0.7198112794190739,0.018321212724571212
matter,2022-01-27T02:33:32.072Z,0,0,0,0,0,0,0,0,1,0,0,0,0,0,0,0,0,0.0,0.0,0.0,0.0,0.0,inf,0.0,0.0,0.0,0.0,-0.7381324921436451,-0.7198112794190739,0.018321212724571212
caprover,2019-02-05T06:57:03.983Z,1,2,0,3,1,4,1,1,3,3,1,1,0,1,3,3,1,1.625,1.625,1.3024701806293193,1.1877349391654206,0.0,0.0,0.012531328320802,0.0054249547920434005,0.0,0.0,-0.3153639563687214,-0.34859844380957156,-0.03323448744085017
sindresorhus,2019-03-07T17:40:10.477Z,0,0,0,0,0,0,0,0,0,0,0,0,0,0,0,0,0,0.0,0.0,0.0,0.0,0.0,inf,0.0,0.0,0.0,0.0,-0.7381324921436451,-0.7198112794190739,0.018321212724571212
poolifier,2022-10-22T16:48:07.246Z,1,2,1,1,1,2,3,3,4,1,1,2,1,2,2,2,3,1.75,1.75,0.8864052604279183,0.7071067811865476,0.0,0.0,0.523809523809524,0.6802721088435372,0.0,0.0,-0.28284329977065037,-0.3200436103011483,-0.03720031053049794
devs-with-disabilities,2019-08-28T17:41:25.763Z,0,0,0,1,0,0,0,0,0,1,0,0,0,0,0,0,0,0.125,0.125,0.3535533905932738,0.3535533905932738,0.0,0.0,0.006802721088435374,0.3333333333333334,0.0,0.0,-0.705611835545574,-0.6912564459106506,0.014355389634923443
ihateregex,2020-02-17T12:07:51.308Z,0,1,1,1,0,1,1,8,9,2,1,3,3,2,1,0,1,1.625,1.625,2.615202805574687,1.0606601717798212,0.0,0.0,0.3761034439885615,0.27286470143613006,0.0,0.0,-0.3153639563687214,-0.34859844380957156,-0.03323448744085017
carroted,2023-11-09T18:00:20.387Z,0,0,0,0,0,0,0,0,0,0,0,0,0,0,0,0,0,0.0,0.0,0.0,0.0,0.0,inf,0.0,0.0,0.0,0.0,-0.7381324921436451,-0.7198112794190739,0.018321212724571212
food-for-homeless,2020-11-04T03:43:24.109Z,0,0,0,0,0,0,0,0,1,0,0,0,0,0,0,0,0,0.0,0.0,0.0,0.0,0.0,inf,0.0,0.0,0.0,0.0,-0.7381324921436451,-0.7198112794190739,0.018321212724571212
carroted,2023-11-09T18:00:20.387Z,0,0,0,0,0,0,0,0,0,0,0,0,0,0,0,0,0,0.0,0.0,0.0,0.0,0.0,inf,0.0,0.0,0.0,0.0,-0.7381324921436451,-0.7198112794190739,0.018321212724571212
lwjgl,2017-11-08T21:38:04.055Z,2,1,3,2,2,2,1,1,3,3,2,2,1,3,1,1,1,1.75,1.75,0.7071067811865476,0.8864052604279183,0.0,0.0,0.1700680272108843,0.4329004329004328,0.0,0.0,-0.28284329977065037,-0.3200436103011483,-0.03720031053049794
msys2,2022-03-22T08:09:54.212Z,0,0,0,0,0,0,0,0,0,0,0,0,0,0,0,0,0,0.0,0.0,0.0,0.0,0.0,inf,0.0,0.0,0.0,0.0,-0.7381324921436451,-0.7198112794190739,0.018321212724571212
shirakumo,2021-11-23T13:45:25.440Z,0,0,0,0,0,0,0,0,0,0,0,0,0,0,0,0,0,0.0,0.0,0.0,0.0,0.0,inf,0.0,0.0,0.0,0.0,-0.7381324921436451,-0.7198112794190739,0.018321212724571212
centeredcollectionview,2021-07-11T16:05:05.114Z,0,0,0,0,0,0,0,0,0,0,0,0,0,0,0,0,0,0.0,0.0,0.0,0.0,0.0,inf,0.0,0.0,0.0,0.0,-0.7381324921436451,-0.7198112794190739,0.018321212724571212
piximagepicker,2023-12-03T20:11:25.111Z,0,0,0,0,0,0,0,0,0,0,0,0,0,0,0,0,0,0.0,0.0,0.0,0.0,0.0,inf,0.0,0.0,0.0,0.0,-0.7381324921436451,-0.7198112794190739,0.018321212724571212
signalk,2021-12-11T08:45:45.802Z,0,0,0,0,0,0,0,0,0,0,0,0,0,0,0,0,0,0.0,0.0,0.0,0.0,0.0,inf,0.0,0.0,0.0,0.0,-0.7381324921436451,-0.7198112794190739,0.018321212724571212
pona,2023-06-30T13:39:32.470Z,0,0,0,0,0,0,0,0,0,0,0,0,0,0,0,0,0,0.0,0.0,0.0,0.0,0.0,inf,0.0,0.0,0.0,0.0,-0.7381324921436451,-0.7198112794190739,0.018321212724571212
bazel-rules-authors-sig,2021-12-09T00:24:09.931Z,0,0,0,0,0,0,1,2,1,1,0,0,0,0,1,1,0,0.375,0.375,0.7440238091428449,0.5175491695067657,0.0,0.0,0.554531490015361,0.003174603174603175,0.0,0.0,-0.6405705223494319,-0.6341467788938041,0.006423743455627795
dts-bundle-generator,2022-06-04T23:41:21.275Z,1,1,1,2,0,1,1,1,2,1,2,1,1,2,0,1,0,1.0,1.0,0.5345224838248488,0.7559289460184544,0.0,0.0,0.011904761904761906,0.29166666666666685,0.0,0.0,-0.47796723935907665,-0.4913726113516878,-0.01340537199261116
hypergan-foundation,2023-05-01T09:54:39.443Z,0,0,0,0,0,0,0,0,0,0,0,0,0,0,0,0,0,0.0,0.0,0.0,0.0,0.0,inf,0.0,0.0,0.0,0.0,-0.7381324921436451,-0.7198112794190739,0.018321212724571212
cloudflare-dyns,2023-06-20T06:07:25.814Z,0,0,0,0,0,0,0,0,0,0,0,0,0,0,0,0,0,0.0,0.0,0.0,0.0,0.0,inf,0.0,0.0,0.0,0.0,-0.7381324921436451,-0.7198112794190739,0.018321212724571212
openglobusjs,2024-05-18T20:07:43.682Z,2,4,3,1,1,1,1,1,2,3,1,3,3,1,1,1,1,1.75,1.75,1.1649647450214349,1.0350983390135313,0.0,0.0,0.4912280701754388,0.38412698412698415,0.0,0.0,-0.28284329977065037,-0.3200436103011483,-0.03720031053049794
poolifier,2022-10-22T16:48:07.246Z,1,2,1,1,1,2,3,3,4,1,1,2,1,2,2,2,3,1.75,1.75,0.8864052604279183,0.7071067811865476,0.0,0.0,0.523809523809524,0.6802721088435372,0.0,0.0,-0.28284329977065037,-0.3200436103011483,-0.03720031053049794
automatio,2024-07-24T20:06:58.063Z,0,0,0,0,0,0,0,0,0,0,0,0,0,0,0,0,0,0.0,0.0,0.0,0.0,0.0,inf,0.0,0.0,0.0,0.0,-0.7381324921436451,-0.7198112794190739,0.018321212724571212
wiremocknet,2021-07-27T02:28:20.605Z,0,0,0,0,0,0,0,0,0,0,0,0,0,0,0,0,0,0.0,0.0,0.0,0.0,0.0,inf,0.0,0.0,0.0,0.0,-0.7381324921436451,-0.7198112794190739,0.018321212724571212
openglobusjs,2024-05-18T20:07:43.682Z,2,4,3,1,1,1,1,1,2,3,1,3,3,1,1,1,1,1.75,1.75,1.1649647450214349,1.0350983390135313,0.0,0.0,0.4912280701754388,0.38412698412698415,0.0,0.0,-0.28284329977065037,-0.3200436103011483,-0.03720031053049794
python-sortedcontainers,2019-01-24T04:54:47.271Z,1,1,1,0,2,0,1,0,0,2,2,1,0,1,0,0,0,0.75,0.75,0.7071067811865476,0.8864052604279183,0.0,0.0,0.10884353741496598,0.7316017316017316,0.0,0.0,-0.5430085525552187,-0.5484822783685344,-0.005473725813315622
python-sortedcontainers,2019-01-24T04:54:47.271Z,1,1,1,0,2,0,1,0,0,2,2,1,0,1,0,0,0,0.75,0.75,0.7071067811865476,0.8864052604279183,0.0,0.0,0.10884353741496598,0.7316017316017316,0.0,0.0,-0.5430085525552187,-0.5484822783685344,-0.005473725813315622
jsts,2021-05-30T15:56:13.732Z,1,2,0,0,0,1,0,1,2,1,0,0,1,1,1,0,1,0.625,0.625,0.7440238091428449,0.5175491695067657,0.0,0.0,0.0752688172043011,0.028571428571428577,0.0,0.0,-0.5755292091532899,-0.5770371118769576,-0.0015079027236677423
teamo1,2019-02-07T19:02:59.540Z,0,0,0,0,0,0,0,1,1,1,0,0,0,0,0,0,0,0.125,0.125,0.3535533905932738,0.3535533905932738,0.0,0.0,0.3333333333333334,0.3333333333333334,0.0,0.0,-0.705611835545574,-0.6912564459106506,0.014355389634923443
yii2-widget-fileinput,2021-08-19T07:58:31.300Z,0,0,0,0,0,0,0,0,1,0,0,0,0,0,0,0,0,0.0,0.0,0.0,0.0,0.0,inf,0.0,0.0,0.0,0.0,-0.7381324921436451,-0.7198112794190739,0.018321212724571212
schedule-x,2024-07-03T10:18:43.995Z,1,4,7,5,9,4,3,4,5,4,5,3,5,6,7,3,4,4.625,4.625,2.445841952609133,1.4078859531733587,0.0,0.0,0.017199715707178397,0.003861003861003862,0.0,0.0,0.46513180198498383,0.33671756039258655,-0.12841424159239728
mattn-emmet-vim,2022-12-26T07:59:38.853Z,0,0,0,0,0,0,0,0,0,0,0,0,0,0,0,0,0,0.0,0.0,0.0,0.0,0.0,inf,0.0,0.0,0.0,0.0,-0.7381324921436451,-0.7198112794190739,0.018321212724571212
sharpetronics,2023-04-19T22:40:53.353Z,0,0,0,0,0,0,0,0,0,0,0,0,0,0,0,0,0,0.0,0.0,0.0,0.0,0.0,inf,0.0,0.0,0.0,0.0,-0.7381324921436451,-0.7198112794190739,0.018321212724571212
openstl,2023-12-01T03:08:15.128Z,0,0,0,0,0,0,0,0,0,0,0,0,0,0,0,0,0,0.0,0.0,0.0,0.0,0.0,inf,0.0,0.0,0.0,0.0,-0.7381324921436451,-0.7198112794190739,0.018321212724571212
kp-fan-world,2019-03-20T14:37:05.655Z,1,1,1,1,0,0,0,1,0,0,0,1,1,1,1,1,0,0.625,0.625,0.5175491695067657,0.5175491695067657,0.0,0.0,0.2571428571428572,0.07936507936507936,0.0,0.0,-0.5755292091532899,-0.5770371118769576,-0.0015079027236677423
monnaie-libre,2018-06-13T18:24:34.193Z,0,0,0,0,0,0,0,0,0,0,0,0,0,0,0,0,0,0.0,0.0,0.0,0.0,0.0,inf,0.0,0.0,0.0,0.0,-0.7381324921436451,-0.7198112794190739,0.018321212724571212
communitybridge,2022-03-08T11:38:57.114Z,17,21,21,27,19,19,25,22,22,25,23,21,23,19,23,18,19,21.375,21.375,3.2923070504261465,2.5035688811888406,0.0,0.0,0.13187416647054212,0.5731922398589065,0.0,0.0,4.822899786126505,4.163065250521302,-0.6598345356052029
hellomicroservice,2021-06-30T19:07:03.924Z,0,0,0,0,0,0,0,0,0,0,0,0,0,0,0,0,0,0.0,0.0,0.0,0.0,0.0,inf,0.0,0.0,0.0,0.0,-0.7381324921436451,-0.7198112794190739,0.018321212724571212
kp-fan-world,2019-03-20T14:37:05.655Z,1,1,1,1,0,0,0,1,0,0,0,1,1,1,1,1,0,0.625,0.625,0.5175491695067657,0.5175491695067657,0.0,0.0,0.2571428571428572,0.07936507936507936,0.0,0.0,-0.5755292091532899,-0.5770371118769576,-0.0015079027236677423
orcapods,2024-07-02T13:08:29.390Z,0,2,1,0,1,1,1,2,1,0,1,3,1,1,0,0,2,1.0,1.0,0.7559289460184544,1.0690449676496976,0.0,0.0,0.14880952380952384,0.0,0.0,0.0,-0.47796723935907665,-0.4913726113516878,-0.01340537199261116
fotorama,2019-02-01T11:40:29.786Z,0,0,0,0,0,0,0,1,0,0,0,0,1,0,0,0,0,0.125,0.125,0.3535533905932738,0.3535533905932738,0.0,0.0,0.3333333333333334,0.006802721088435374,0.0,0.0,-0.705611835545574,-0.6912564459106506,0.014355389634923443
saltlakecityfightingcovid,2020-04-15T22:42:45.807Z,0,0,0,0,0,0,0,0,2,0,0,0,0,0,0,0,0,0.0,0.0,0.0,0.0,0.0,inf,0.0,0.0,0.0,0.0,-0.7381324921436451,-0.7198112794190739,0.018321212724571212
sharpetronics,2023-04-19T22:40:53.353Z,0,0,0,0,0,0,0,0,0,0,0,0,0,0,0,0,0,0.0,0.0,0.0,0.0,0.0,inf,0.0,0.0,0.0,0.0,-0.7381324921436451,-0.7198112794190739,0.018321212724571212
wizdwarfs,2021-07-03T14:38:44.955Z,0,0,0,0,0,0,0,0,0,0,0,0,0,0,0,0,0,0.0,0.0,0.0,0.0,0.0,inf,0.0,0.0,0.0,0.0,-0.7381324921436451,-0.7198112794190739,0.018321212724571212
live-captioning-initiative,2020-09-24T22:15:01.714Z,1,0,0,0,0,0,0,0,1,1,0,0,0,0,0,0,0,0.125,0.125,0.3535533905932738,0.3535533905932738,0.0,0.0,0.3333333333333334,0.3333333333333334,0.0,0.0,-0.705611835545574,-0.6912564459106506,0.014355389634923443
mattn-emmet-vim,2022-12-26T07:59:38.853Z,0,0,0,0,0,0,0,0,0,0,0,0,0,0,0,0,0,0.0,0.0,0.0,0.0,0.0,inf,0.0,0.0,0.0,0.0,-0.7381324921436451,-0.7198112794190739,0.018321212724571212
oss-code-ge,2023-05-23T16:07:30.407Z,0,0,0,0,0,0,0,0,0,0,0,0,0,0,0,0,0,0.0,0.0,0.0,0.0,0.0,inf,0.0,0.0,0.0,0.0,-0.7381324921436451,-0.7198112794190739,0.018321212724571212
sharpetronics,2023-04-19T22:40:53.353Z,0,0,0,0,0,0,0,0,0,0,0,0,0,0,0,0,0,0.0,0.0,0.0,0.0,0.0,inf,0.0,0.0,0.0,0.0,-0.7381324921436451,-0.7198112794190739,0.018321212724571212
hellomicroservice,2021-06-30T19:07:03.924Z,0,0,0,0,0,0,0,0,0,0,0,0,0,0,0,0,0,0.0,0.0,0.0,0.0,0.0,inf,0.0,0.0,0.0,0.0,-0.7381324921436451,-0.7198112794190739,0.018321212724571212
node-argon2,2021-08-14T07:04:21.598Z,2,0,1,3,1,3,3,0,1,1,0,2,0,4,2,1,3,1.625,1.625,1.3024701806293193,1.4078859531733587,0.0,0.0,0.012531328320802,0.226941226941227,0.0,0.0,-0.3153639563687214,-0.34859844380957156,-0.03323448744085017
knowlo,2020-02-01T21:55:05.552Z,0,1,0,1,0,0,0,1,1,1,1,1,0,0,0,0,0,0.375,0.375,0.5175491695067657,0.5175491695067657,0.0,0.0,0.003174603174603175,0.7142857142857144,0.0,0.0,-0.6405705223494319,-0.6341467788938041,0.006423743455627795
spec,2020-06-16T15:37:43.078Z,0,0,0,0,0,0,0,0,0,0,0,0,0,0,0,0,0,0.0,0.0,0.0,0.0,0.0,inf,0.0,0.0,0.0,0.0,-0.7381324921436451,-0.7198112794190739,0.018321212724571212
moeoverflow,2019-05-26T16:14:14.186Z,0,0,0,0,0,0,0,0,1,0,0,0,0,0,0,0,0,0.0,0.0,0.0,0.0,0.0,inf,0.0,0.0,0.0,0.0,-0.7381324921436451,-0.7198112794190739,0.018321212724571212
jira-plugin,2020-04-28T13:47:53.482Z,1,1,2,1,1,0,0,1,2,1,0,2,1,2,1,0,0,0.875,0.875,0.6408699444616557,0.8345229603962802,0.0,0.0,0.25051759834368537,0.0989010989010989,0.0,0.0,-0.5104878959571477,-0.519927444860111,-0.00943954890296328
drill,2019-06-17T18:52:06.772Z,0,0,0,0,0,0,0,0,0,0,0,0,0,0,0,0,0,0.0,0.0,0.0,0.0,0.0,inf,0.0,0.0,0.0,0.0,-0.7381324921436451,-0.7198112794190739,0.018321212724571212
wiremocknet,2021-07-27T02:28:20.605Z,0,0,0,0,0,0,0,0,0,0,0,0,0,0,0,0,0,0.0,0.0,0.0,0.0,0.0,inf,0.0,0.0,0.0,0.0,-0.7381324921436451,-0.7198112794190739,0.018321212724571212
typedclojure,2020-02-17T15:17:27.042Z,1,1,0,0,0,0,0,1,1,1,0,1,1,0,0,0,0,0.375,0.375,0.5175491695067657,0.5175491695067657,0.0,0.0,0.07936507936507936,0.38412698412698415,0.0,0.0,-0.6405705223494319,-0.6341467788938041,0.006423743455627795
openstl,2023-12-01T03:08:15.128Z,0,0,0,0,0,0,0,0,0,0,0,0,0,0,0,0,0,0.0,0.0,0.0,0.0,0.0,inf,0.0,0.0,0.0,0.0,-0.7381324921436451,-0.7198112794190739,0.018321212724571212
moeoverflow,2019-05-26T16:14:14.186Z,0,0,0,0,0,0,0,0,1,0,0,0,0,0,0,0,0,0.0,0.0,0.0,0.0,0.0,inf,0.0,0.0,0.0,0.0,-0.7381324921436451,-0.7198112794190739,0.018321212724571212
localstack,2017-09-20T20:02:33.664Z,2,1,1,3,2,2,4,2,4,3,2,3,2,1,2,3,1,2.125,2.125,0.9910312089651149,0.8345229603962802,0.0,0.0,0.2502164502164503,0.20634920634920634,0.0,0.0,-0.1852813299764372,-0.23437910977587853,-0.04909777979944133
java-jda,2021-12-08T00:31:08.361Z,5,7,4,6,12,10,10,8,8,5,9,4,13,10,4,9,8,7.75,7.75,2.7645717829090897,3.1959796173138706,0.0,0.0,0.40053404539385856,0.026973026973026965,0.0,0.0,1.27814821693676,1.0505883981031678,-0.2275598188335921
doc-detective,2024-04-30T10:53:59.142Z,1,1,1,0,0,3,1,1,1,1,1,1,1,2,2,0,0,1.0,1.0,0.9258200997725514,0.7559289460184544,0.0,0.0,0.03571428571428572,0.09523809523809527,0.0,0.0,-0.47796723935907665,-0.4913726113516878,-0.01340537199261116
persiandate4mysql,2023-03-01T16:12:35.796Z,0,0,0,0,0,0,0,0,0,0,0,0,0,0,0,0,0,0.0,0.0,0.0,0.0,0.0,inf,0.0,0.0,0.0,0.0,-0.7381324921436451,-0.7198112794190739,0.018321212724571212
openintents,2019-12-20T08:12:00.336Z,0,0,0,0,0,0,0,0,0,0,0,0,0,0,0,0,0,0.0,0.0,0.0,0.0,0.0,inf,0.0,0.0,0.0,0.0,-0.7381324921436451,-0.7198112794190739,0.018321212724571212
pona,2023-06-30T13:39:32.470Z,0,0,0,0,0,0,0,0,0,0,0,0,0,0,0,0,0,0.0,0.0,0.0,0.0,0.0,inf,0.0,0.0,0.0,0.0,-0.7381324921436451,-0.7198112794190739,0.018321212724571212
lukehaas,2024-06-03T13:34:56.943Z,0,0,0,0,0,0,1,0,0,0,0,0,0,0,0,0,1,0.125,0.125,0.3535533905932738,0.3535533905932738,0.0,0.0,0.1700680272108843,0.3333333333333334,0.0,0.0,-0.705611835545574,-0.6912564459106506,0.014355389634923443
opensuspect,2021-03-23T05:05:37.691Z,0,0,0,0,0,0,0,0,0,0,0,0,0,0,0,0,0,0.0,0.0,0.0,0.0,0.0,inf,0.0,0.0,0.0,0.0,-0.7381324921436451,-0.7198112794190739,0.018321212724571212
coding-grace,2020-01-17T22:52:58.494Z,0,0,0,0,0,0,0,0,0,0,0,0,0,0,0,0,0,0.0,0.0,0.0,0.0,0.0,inf,0.0,0.0,0.0,0.0,-0.7381324921436451,-0.7198112794190739,0.018321212724571212
enspiral-europe,2022-10-06T20:25:03.655Z,0,0,0,0,0,0,0,0,0,0,0,0,0,0,0,0,0,0.0,0.0,0.0,0.0,0.0,inf,0.0,0.0,0.0,0.0,-0.7381324921436451,-0.7198112794190739,0.018321212724571212
indigenamarket,2022-02-21T00:28:18.975Z,0,0,0,0,0,0,0,0,0,0,0,0,0,0,0,0,0,0.0,0.0,0.0,0.0,0.0,inf,0.0,0.0,0.0,0.0,-0.7381324921436451,-0.7198112794190739,0.018321212724571212
packem,2023-08-01T11:21:51.323Z,0,0,0,0,0,0,0,0,0,0,0,0,0,0,0,0,0,0.0,0.0,0.0,0.0,0.0,inf,0.0,0.0,0.0,0.0,-0.7381324921436451,-0.7198112794190739,0.018321212724571212
rtl-styling-101,2023-07-02T13:49:12.494Z,0,0,0,0,0,0,0,1,0,0,0,0,1,0,0,0,0,0.125,0.125,0.3535533905932738,0.3535533905932738,0.0,0.0,0.3333333333333334,0.006802721088435374,0.0,0.0,-0.705611835545574,-0.6912564459106506,0.014355389634923443
libhydrogen,2020-06-05T05:32:11.461Z,0,1,1,0,1,0,1,1,1,1,0,2,1,0,1,0,0,0.625,0.625,0.5175491695067657,0.7440238091428449,0.0,0.0,0.07936507936507936,0.18586789554531497,0.0,0.0,-0.5755292091532899,-0.5770371118769576,-0.0015079027236677423
augmented-ui,2019-09-25T18:14:45.096Z,0,0,0,0,0,0,0,1,1,0,0,0,0,0,1,0,0,0.125,0.125,0.3535533905932738,0.3535533905932738,0.0,0.0,0.3333333333333334,0.061224489795918366,0.0,0.0,-0.705611835545574,-0.6912564459106506,0.014355389634923443
broadband-institute,2022-03-29T20:08:14.858Z,0,0,0,0,0,0,0,0,0,0,0,0,0,0,0,0,0,0.0,0.0,0.0,0.0,0.0,inf,0.0,0.0,0.0,0.0,-0.7381324921436451,-0.7198112794190739,0.018321212724571212
libhydrogen,2020-06-05T05:32:11.461Z,0,1,1,0,1,0,1,1,1,1,0,2,1,0,1,0,0,0.625,0.625,0.5175491695067657,0.7440238091428449,0.0,0.0,0.07936507936507936,0.18586789554531497,0.0,0.0,-0.5755292091532899,-0.5770371118769576,-0.0015079027236677423
drutopia,2022-05-24T20:38:09.488Z,0,0,0,0,0,0,0,0,0,0,0,0,0,0,0,0,0,0.0,0.0,0.0,0.0,0.0,inf,0.0,0.0,0.0,0.0,-0.7381324921436451,-0.7198112794190739,0.018321212724571212
goodwork,2020-04-15T20:30:35.667Z,0,0,0,0,0,0,0,0,0,0,0,0,0,0,0,0,0,0.0,0.0,0.0,0.0,0.0,inf,0.0,0.0,0.0,0.0,-0.7381324921436451,-0.7198112794190739,0.018321212724571212
techup,2021-08-09T06:45:22.321Z,1,2,0,1,0,1,1,0,1,1,1,0,0,0,2,1,1,0.75,0.75,0.7071067811865476,0.7071067811865476,0.0,0.0,0.1700680272108843,0.061224489795918366,0.0,0.0,-0.5430085525552187,-0.5484822783685344,-0.005473725813315622
goodwork,2020-04-15T20:30:35.667Z,0,0,0,0,0,0,0,0,0,0,0,0,0,0,0,0,0,0.0,0.0,0.0,0.0,0.0,inf,0.0,0.0,0.0,0.0,-0.7381324921436451,-0.7198112794190739,0.018321212724571212
openstl,2023-12-01T03:08:15.128Z,0,0,0,0,0,0,0,0,0,0,0,0,0,0,0,0,0,0.0,0.0,0.0,0.0,0.0,inf,0.0,0.0,0.0,0.0,-0.7381324921436451,-0.7198112794190739,0.018321212724571212
blaze,2016-09-28T17:30:44.892Z,2,5,2,2,0,0,0,7,8,4,1,1,3,2,5,1,1,2.25,2.25,2.5495097567963922,1.5811388300841898,0.0,0.0,0.0005232862375719521,0.03401360544217686,0.0,0.0,-0.15276067337836616,-0.20582427626745528,-0.05306360288908912
techup,2021-08-09T06:45:22.321Z,1,2,0,1,0,1,1,0,1,1,1,0,0,0,2,1,1,0.75,0.75,0.7071067811865476,0.7071067811865476,0.0,0.0,0.1700680272108843,0.061224489795918366,0.0,0.0,-0.5430085525552187,-0.5484822783685344,-0.005473725813315622
techup,2021-08-09T06:45:22.321Z,1,2,0,1,0,1,1,0,1,1,1,0,0,0,2,1,1,0.75,0.75,0.7071067811865476,0.7071067811865476,0.0,0.0,0.1700680272108843,0.061224489795918366,0.0,0.0,-0.5430085525552187,-0.5484822783685344,-0.005473725813315622
jira-plugin,2020-04-28T13:47:53.482Z,1,1,2,1,1,0,0,1,2,1,0,2,1,2,1,0,0,0.875,0.875,0.6408699444616557,0.8345229603962802,0.0,0.0,0.25051759834368537,0.0989010989010989,0.0,0.0,-0.5104878959571477,-0.519927444860111,-0.00943954890296328
homebrew,2021-11-26T03:59:39.023Z,0,0,0,0,0,0,0,0,0,0,0,0,0,0,0,0,0,0.0,0.0,0.0,0.0,0.0,inf,0.0,0.0,0.0,0.0,-0.7381324921436451,-0.7198112794190739,0.018321212724571212
orcapods,2024-07-02T13:08:29.390Z,0,2,1,0,1,1,1,2,1,0,1,3,1,1,0,0,2,1.0,1.0,0.7559289460184544,1.0690449676496976,0.0,0.0,0.14880952380952384,0.0,0.0,0.0,-0.47796723935907665,-0.4913726113516878,-0.01340537199261116
nosqlclient,2021-07-11T04:52:01.146Z,0,0,0,0,0,0,0,0,0,0,0,0,0,0,0,0,0,0.0,0.0,0.0,0.0,0.0,inf,0.0,0.0,0.0,0.0,-0.7381324921436451,-0.7198112794190739,0.018321212724571212
yii2-widgets,2020-12-16T00:13:42.418Z,0,0,0,0,0,0,0,0,0,0,0,0,0,0,0,0,0,0.0,0.0,0.0,0.0,0.0,inf,0.0,0.0,0.0,0.0,-0.7381324921436451,-0.7198112794190739,0.018321212724571212
ossia,2020-03-20T21:48:59.733Z,0,0,0,0,0,0,0,0,0,0,0,0,0,0,0,0,0,0.0,0.0,0.0,0.0,0.0,inf,0.0,0.0,0.0,0.0,-0.7381324921436451,-0.7198112794190739,0.018321212724571212
freshos,2017-10-20T14:37:14.668Z,1,0,0,0,0,0,0,0,1,0,0,0,0,0,1,0,0,0.125,0.125,0.3535533905932738,0.3535533905932738,0.0,0.0,0.3333333333333334,0.061224489795918366,0.0,0.0,-0.705611835545574,-0.6912564459106506,0.014355389634923443
coopcycle,2022-08-30T12:32:44.089Z,0,0,0,0,0,0,0,0,0,0,0,0,0,0,0,0,0,0.0,0.0,0.0,0.0,0.0,inf,0.0,0.0,0.0,0.0,-0.7381324921436451,-0.7198112794190739,0.018321212724571212
cobbler,2023-04-24T18:04:05.687Z,5,3,3,3,2,5,5,4,4,6,2,5,1,5,3,5,3,3.75,3.75,1.1649647450214349,1.752549163769328,0.0,0.0,0.04010025062656643,0.017718715393134,0.0,0.0,0.23748720579848648,0.13683372583362377,-0.10065347996486271
multitheftauto,2022-04-07T02:23:27.392Z,0,0,0,0,0,0,0,0,0,0,0,0,0,0,0,0,0,0.0,0.0,0.0,0.0,0.0,inf,0.0,0.0,0.0,0.0,-0.7381324921436451,-0.7198112794190739,0.018321212724571212
librebooks,2020-06-27T23:47:56.503Z,0,0,0,0,0,0,0,0,0,0,0,0,0,0,0,0,0,0.0,0.0,0.0,0.0,0.0,inf,0.0,0.0,0.0,0.0,-0.7381324921436451,-0.7198112794190739,0.018321212724571212
open-app-ecosystem,2020-02-14T15:11:07.723Z,0,0,0,0,0,0,0,0,0,0,0,0,0,0,0,0,0,0.0,0.0,0.0,0.0,0.0,inf,0.0,0.0,0.0,0.0,-0.7381324921436451,-0.7198112794190739,0.018321212724571212
opencannabis,2022-03-23T20:59:14.931Z,0,0,0,0,0,0,0,0,0,0,0,0,0,0,0,0,0,0.0,0.0,0.0,0.0,0.0,inf,0.0,0.0,0.0,0.0,-0.7381324921436451,-0.7198112794190739,0.018321212724571212
iconify,2024-04-20T18:20:11.886Z,3,1,1,2,2,2,2,0,3,3,1,3,2,1,1,1,1,1.625,1.625,0.9161253813129042,0.9161253813129042,0.0,0.0,0.17122593718338402,0.446808510638298,0.0,0.0,-0.3153639563687214,-0.34859844380957156,-0.03323448744085017
vscodebeautify,2021-07-19T04:00:40.688Z,0,0,0,0,0,0,0,0,0,0,0,0,0,0,0,0,0,0.0,0.0,0.0,0.0,0.0,inf,0.0,0.0,0.0,0.0,-0.7381324921436451,-0.7198112794190739,0.018321212724571212
comunica-association,2021-10-15T08:40:15.874Z,3,3,3,4,3,5,5,2,4,4,1,2,3,5,5,4,4,3.5,3.5,1.0690449676496976,1.4142135623730951,0.0,0.0,0.04761904761904762,0.2874149659863945,0.0,0.0,0.17244589260234436,0.07972405881677726,-0.0927218337855671
lairdubois-opencutlist-sketchup-extension,2019-11-11T12:02:52.805Z,2,1,2,2,1,2,2,2,2,3,1,1,1,2,2,2,2,1.75,1.75,0.4629100498862757,0.7071067811865476,0.0,0.0,0.0634920634920635,0.006802721088435374,0.0,0.0,-0.28284329977065037,-0.3200436103011483,-0.03720031053049794
castopod,2022-03-07T16:32:13.896Z,2,3,3,2,2,2,3,4,4,3,1,4,3,3,2,3,2,2.625,2.625,0.7440238091428449,0.9161253813129042,0.0,0.0,0.18586789554531497,0.009118541033434653,0.0,0.0,-0.055198703584153,-0.12015977574218552,-0.06496107215803251
iconify,2024-04-20T18:20:11.886Z,3,1,1,2,2,2,2,0,3,3,1,3,2,1,1,1,1,1.625,1.625,0.9161253813129042,0.9161253813129042,0.0,0.0,0.17122593718338402,0.446808510638298,0.0,0.0,-0.3153639563687214,-0.34859844380957156,-0.03323448744085017
iconify,2024-04-20T18:20:11.886Z,3,1,1,2,2,2,2,0,3,3,1,3,2,1,1,1,1,1.625,1.625,0.9161253813129042,0.9161253813129042,0.0,0.0,0.17122593718338402,0.446808510638298,0.0,0.0,-0.3153639563687214,-0.34859844380957156,-0.03323448744085017
jodd,2021-07-19T04:17:10.934Z,0,0,1,1,1,0,1,0,0,1,0,0,0,2,0,1,0,0.5,0.5,0.5345224838248488,0.7559289460184544,0.0,0.0,0.011904761904761906,0.0,0.0,0.0,-0.6080498657513609,-0.6055919453853809,0.0024579203659800264
scikit-learn,2022-04-05T20:38:00.485Z,17,18,19,16,16,16,21,20,19,17,17,18,19,20,19,18,15,17.875,17.875,1.9594095320493146,1.5526475085202969,0.0,0.0,0.16146179401993357,0.008818342151675485,0.0,0.0,3.912321401380515,3.3635299122854514,-0.5487914890950636
africarxiv,2020-02-15T22:00:19.355Z,0,0,0,0,0,0,0,0,1,0,0,0,0,0,0,0,0,0.0,0.0,0.0,0.0,0.0,inf,0.0,0.0,0.0,0.0,-0.7381324921436451,-0.7198112794190739,0.018321212724571212
iconify,2024-04-20T18:20:11.886Z,3,1,1,2,2,2,2,0,3,3,1,3,2,1,1,1,1,1.625,1.625,0.9161253813129042,0.9161253813129042,0.0,0.0,0.17122593718338402,0.446808510638298,0.0,0.0,-0.3153639563687214,-0.34859844380957156,-0.03323448744085017
rwf2,2022-06-21T22:30:48.245Z,0,0,0,0,0,0,0,0,0,0,0,0,0,0,0,0,0,0.0,0.0,0.0,0.0,0.0,inf,0.0,0.0,0.0,0.0,-0.7381324921436451,-0.7198112794190739,0.018321212724571212
pgai-collective,2024-03-21T00:30:30.998Z,0,0,0,1,0,0,0,0,0,1,0,0,0,0,0,0,0,0.125,0.125,0.3535533905932738,0.3535533905932738,0.0,0.0,0.006802721088435374,0.3333333333333334,0.0,0.0,-0.705611835545574,-0.6912564459106506,0.014355389634923443
pgai-collective,2024-03-21T00:30:30.998Z,0,0,0,1,0,0,0,0,0,1,0,0,0,0,0,0,0,0.125,0.125,0.3535533905932738,0.3535533905932738,0.0,0.0,0.006802721088435374,0.3333333333333334,0.0,0.0,-0.705611835545574,-0.6912564459106506,0.014355389634923443
opencannabis,2022-03-23T20:59:14.931Z,0,0,0,0,0,0,0,0,0,0,0,0,0,0,0,0,0,0.0,0.0,0.0,0.0,0.0,inf,0.0,0.0,0.0,0.0,-0.7381324921436451,-0.7198112794190739,0.018321212724571212
learning-rxjs,2021-07-19T00:51:48.915Z,0,0,0,0,0,0,0,0,0,0,0,0,0,0,0,0,0,0.0,0.0,0.0,0.0,0.0,inf,0.0,0.0,0.0,0.0,-0.7381324921436451,-0.7198112794190739,0.018321212724571212
gojieba,2021-07-06T15:03:39.442Z,1,0,0,0,0,0,0,0,0,0,0,0,0,0,1,0,0,0.125,0.125,0.3535533905932738,0.3535533905932738,0.0,0.0,0.3333333333333334,0.061224489795918366,0.0,0.0,-0.705611835545574,-0.6912564459106506,0.014355389634923443
umentorjs,2020-05-09T17:53:56.243Z,0,0,0,0,0,0,0,0,2,0,0,0,0,0,0,0,0,0.0,0.0,0.0,0.0,0.0,inf,0.0,0.0,0.0,0.0,-0.7381324921436451,-0.7198112794190739,0.018321212724571212
vyos,2021-12-30T03:34:31.288Z,0,0,0,0,0,0,0,0,0,0,0,0,0,0,0,0,0,0.0,0.0,0.0,0.0,0.0,inf,0.0,0.0,0.0,0.0,-0.7381324921436451,-0.7198112794190739,0.018321212724571212
witchcraft,2019-02-14T03:41:55.032Z,3,1,0,0,0,0,0,0,2,0,0,1,1,1,0,1,0,0.5,0.5,1.0690449676496976,0.5345224838248488,0.0,0.0,0.5029761904761905,0.011904761904761906,0.0,0.0,-0.6080498657513609,-0.6055919453853809,0.0024579203659800264
vue-drag-resize,2021-04-10T13:32:48.000Z,0,0,0,0,0,0,0,1,0,1,0,0,0,0,0,0,0,0.125,0.125,0.3535533905932738,0.3535533905932738,0.0,0.0,0.3333333333333334,0.3333333333333334,0.0,0.0,-0.705611835545574,-0.6912564459106506,0.014355389634923443
learning-rxjs,2021-07-19T00:51:48.915Z,0,0,0,0,0,0,0,0,0,0,0,0,0,0,0,0,0,0.0,0.0,0.0,0.0,0.0,inf,0.0,0.0,0.0,0.0,-0.7381324921436451,-0.7198112794190739,0.018321212724571212
carroted,2023-11-09T18:00:20.387Z,0,0,0,0,0,0,0,0,0,0,0,0,0,0,0,0,0,0.0,0.0,0.0,0.0,0.0,inf,0.0,0.0,0.0,0.0,-0.7381324921436451,-0.7198112794190739,0.018321212724571212
vvvebjs,2019-04-10T09:29:08.146Z,1,0,0,0,1,1,1,1,1,1,1,1,1,0,0,1,0,0.625,0.625,0.5175491695067657,0.5175491695067657,0.0,0.0,0.2571428571428572,0.38412698412698415,0.0,0.0,-0.5755292091532899,-0.5770371118769576,-0.0015079027236677423
flutter_easy_localization,2020-04-29T08:31:58.273Z,2,0,0,0,1,0,5,4,4,4,1,1,1,1,0,2,2,1.5,1.5,2.0,1.1952286093343936,0.0,0.0,0.34013605442176864,0.08571428571428573,0.0,0.0,-0.34788461296679246,-0.3771532773179948,-0.029268664351202345
projectsend,2022-10-28T10:39:15.919Z,3,3,1,2,0,2,0,1,3,2,2,3,2,1,1,1,0,1.5,1.5,1.1952286093343936,0.9258200997725514,0.0,0.0,0.4666666666666669,0.6706349206349207,0.0,0.0,-0.34788461296679246,-0.3771532773179948,-0.029268664351202345
animatescroll,2021-07-24T23:44:47.372Z,0,0,1,0,0,0,0,0,0,0,0,0,0,0,0,0,1,0.125,0.125,0.3535533905932738,0.3535533905932738,0.0,0.0,0.061224489795918366,0.3333333333333334,0.0,0.0,-0.705611835545574,-0.6912564459106506,0.014355389634923443
mattn-anko,2021-07-13T14:41:58.464Z,0,0,0,0,1,0,0,0,0,0,0,0,1,0,0,0,0,0.125,0.125,0.3535533905932738,0.3535533905932738,0.0,0.0,0.006802721088435374,0.006802721088435374,0.0,0.0,-0.705611835545574,-0.6912564459106506,0.014355389634923443
librecad,2022-10-09T19:03:15.940Z,1,1,2,2,2,0,0,2,1,0,1,0,0,0,1,2,6,1.25,1.25,0.8864052604279183,2.052872551885702,0.0,0.0,0.017316017316017316,0.5044390637610978,0.0,0.0,-0.41292592616293455,-0.4342629443348413,-0.021337018171906752
gdevelop-community,2024-01-11T17:22:01.419Z,7,7,6,9,9,9,7,8,11,6,9,6,7,8,10,8,8,7.75,7.75,1.1649647450214349,1.3887301496588271,0.0,0.0,0.1604010025062657,0.21340388007054678,0.0,0.0,1.27814821693676,1.0505883981031678,-0.2275598188335921
coopcycle,2022-08-30T12:32:44.089Z,0,0,0,0,0,0,0,0,0,0,0,0,0,0,0,0,0,0.0,0.0,0.0,0.0,0.0,inf,0.0,0.0,0.0,0.0,-0.7381324921436451,-0.7198112794190739,0.018321212724571212
nixos,2019-07-15T20:14:53.300Z,0,0,0,0,0,0,0,0,0,0,0,0,0,0,0,0,0,0.0,0.0,0.0,0.0,0.0,inf,0.0,0.0,0.0,0.0,-0.7381324921436451,-0.7198112794190739,0.018321212724571212
database_consistency,2022-01-26T05:21:43.361Z,0,0,0,1,0,2,1,3,3,1,0,2,2,0,0,0,2,0.875,0.875,1.1259916264596033,0.9910312089651149,0.0,0.0,0.6445338698859826,0.0008658008658008659,0.0,0.0,-0.5104878959571477,-0.519927444860111,-0.00943954890296328
animatescroll,2021-07-24T23:44:47.372Z,0,0,1,0,0,0,0,0,0,0,0,0,0,0,0,0,1,0.125,0.125,0.3535533905932738,0.3535533905932738,0.0,0.0,0.061224489795918366,0.3333333333333334,0.0,0.0,-0.705611835545574,-0.6912564459106506,0.014355389634923443
googlecl,2021-07-06T19:55:29.008Z,0,0,0,0,0,0,0,3,0,1,0,0,1,0,1,0,0,0.375,0.375,1.0606601717798212,0.5175491695067657,0.0,0.0,0.3333333333333334,0.07936507936507936,0.0,0.0,-0.6405705223494319,-0.6341467788938041,0.006423743455627795
blogmarks,2020-11-04T17:33:19.439Z,0,0,0,0,0,0,0,0,0,0,0,0,0,0,0,0,0,0.0,0.0,0.0,0.0,0.0,inf,0.0,0.0,0.0,0.0,-0.7381324921436451,-0.7198112794190739,0.018321212724571212
yii2-widgets,2020-12-16T00:13:42.418Z,0,0,0,0,0,0,0,0,0,0,0,0,0,0,0,0,0,0.0,0.0,0.0,0.0,0.0,inf,0.0,0.0,0.0,0.0,-0.7381324921436451,-0.7198112794190739,0.018321212724571212
vvvebjs,2019-04-10T09:29:08.146Z,1,0,0,0,1,1,1,1,1,1,1,1,1,0,0,1,0,0.625,0.625,0.5175491695067657,0.5175491695067657,0.0,0.0,0.2571428571428572,0.38412698412698415,0.0,0.0,-0.5755292091532899,-0.5770371118769576,-0.0015079027236677423
coopcycle,2022-08-30T12:32:44.089Z,0,0,0,0,0,0,0,0,0,0,0,0,0,0,0,0,0,0.0,0.0,0.0,0.0,0.0,inf,0.0,0.0,0.0,0.0,-0.7381324921436451,-0.7198112794190739,0.018321212724571212
vvvebjs,2019-04-10T09:29:08.146Z,1,0,0,0,1,1,1,1,1,1,1,1,1,0,0,1,0,0.625,0.625,0.5175491695067657,0.5175491695067657,0.0,0.0,0.2571428571428572,0.38412698412698415,0.0,0.0,-0.5755292091532899,-0.5770371118769576,-0.0015079027236677423
sophox,2022-12-01T01:43:20.448Z,0,0,0,0,0,0,0,0,0,0,0,0,0,0,0,0,0,0.0,0.0,0.0,0.0,0.0,inf,0.0,0.0,0.0,0.0,-0.7381324921436451,-0.7198112794190739,0.018321212724571212
blogmarks,2020-11-04T17:33:19.439Z,0,0,0,0,0,0,0,0,0,0,0,0,0,0,0,0,0,0.0,0.0,0.0,0.0,0.0,inf,0.0,0.0,0.0,0.0,-0.7381324921436451,-0.7198112794190739,0.018321212724571212
octolinker,2017-08-13T19:58:49.085Z,3,2,3,4,1,2,2,2,1,1,4,5,4,2,1,1,1,2.375,2.375,0.9161253813129042,1.6850180160122068,0.0,0.0,0.17122593718338402,0.2518718179095539,0.0,0.0,-0.1202400167802951,-0.17726944275903203,-0.05702942597873693
africarxiv,2020-02-15T22:00:19.355Z,0,0,0,0,0,0,0,0,1,0,0,0,0,0,0,0,0,0.0,0.0,0.0,0.0,0.0,inf,0.0,0.0,0.0,0.0,-0.7381324921436451,-0.7198112794190739,0.018321212724571212
translatr,2021-07-06T08:23:04.109Z,0,0,0,0,0,0,0,0,0,0,0,0,0,0,0,0,0,0.0,0.0,0.0,0.0,0.0,inf,0.0,0.0,0.0,0.0,-0.7381324921436451,-0.7198112794190739,0.018321212724571212
k2vr,2022-10-13T20:32:02.126Z,1,0,0,0,0,0,0,0,0,0,0,0,0,0,0,0,0,0.125,0.0,0.3535533905932738,0.0,-0.125,-1.0,0.3333333333333334,0.0,0.0,0.0,-0.705611835545574,-0.7198112794190739,-0.014199443873499806
domino-ui,2024-02-22T15:25:19.493Z,1,1,1,1,1,1,1,1,0,0,1,1,1,1,1,1,1,1.0,0.875,0.0,0.3535533905932738,-0.125,-0.125,0.0,0.3333333333333334,0.0,0.0,-0.47796723935907665,-0.519927444860111,-0.04196020550103435
jsketcher-ad3d,2022-07-14T23:54:20.287Z,0,0,1,2,2,2,2,3,2,4,3,3,0,0,0,0,1,1.5,1.375,1.0690449676496976,1.6850180160122068,-0.125,-0.08333333333333333,0.8601190476190476,0.6064690026954179,0.0,0.0,-0.34788461296679246,-0.40570811082641806,-0.057823497859625594
devlopr-jekyll,2020-05-08T15:56:01.297Z,1,0,1,1,1,3,3,1,2,3,1,1,2,1,1,0,1,1.375,1.25,1.0606601717798212,0.8864052604279183,-0.125,-0.09090909090909091,0.3333333333333334,0.4329004329004328,0.0,0.0,-0.38040526956486354,-0.4342629443348413,-0.05385767476997777
smproxy,2021-07-10T04:29:27.901Z,1,0,0,0,0,0,0,0,0,0,0,0,0,0,0,0,0,0.125,0.0,0.3535533905932738,0.0,-0.125,-1.0,0.3333333333333334,0.0,0.0,0.0,-0.705611835545574,-0.7198112794190739,-0.014199443873499806
jaime-olivares-opensource,2021-07-08T08:58:15.866Z,0,0,0,0,0,2,0,0,0,0,0,0,1,0,0,0,0,0.25,0.125,0.7071067811865476,0.3535533905932738,-0.125,-0.5,0.061224489795918366,0.006802721088435374,0.0,0.0,-0.673091178947503,-0.6912564459106506,-0.018165266963147575
pickr,2019-07-15T16:28:25.747Z,3,1,1,1,4,2,2,4,1,2,2,4,1,1,2,1,4,2.25,2.125,1.2817398889233114,1.2464234547582247,-0.125,-0.05555555555555555,0.16770186335403728,0.004926108374384239,0.0,0.0,-0.15276067337836616,-0.23437910977587853,-0.08161843639751237
node-opcua,2021-03-08T03:35:49.184Z,2,1,1,2,2,1,3,1,1,1,2,1,1,3,1,2,1,1.625,1.5,0.7440238091428449,0.7559289460184544,-0.125,-0.07692307692307693,0.013824884792626729,0.005952380952380955,0.0,0.0,-0.3153639563687214,-0.3771532773179948,-0.06178932094927342
blosc,2022-04-05T18:43:03.620Z,1,5,3,4,2,4,4,3,4,4,3,3,2,4,2,3,4,3.25,3.125,1.2817398889233114,0.8345229603962802,-0.125,-0.038461538461538464,0.051759834368530024,0.0012210012210012214,0.0,0.0,0.10740457940620227,-0.005940441708492503,-0.11334502111469477
ya-webadb,2022-05-01T23:25:55.301Z,1,1,1,1,2,1,1,1,2,1,1,1,1,1,1,1,1,1.125,1.0,0.3535533905932738,0.0,-0.125,-0.1111111111111111,0.006802721088435374,0.0,0.0,0.0,-0.4454465827610056,-0.4913726113516878,-0.04592602859068218
github-profile-readme-generator,2022-09-27T03:42:29.619Z,0,0,0,0,0,1,0,0,0,0,0,0,0,0,0,0,0,0.125,0.0,0.3535533905932738,0.0,-0.125,-1.0,0.061224489795918366,0.0,0.0,0.0,-0.705611835545574,-0.7198112794190739,-0.014199443873499806
github-profile-readme-generator,2022-09-27T03:42:29.619Z,0,0,0,0,0,1,0,0,0,0,0,0,0,0,0,0,0,0.125,0.0,0.3535533905932738,0.0,-0.125,-1.0,0.061224489795918366,0.0,0.0,0.0,-0.705611835545574,-0.7198112794190739,-0.014199443873499806
activitywatch,2018-07-17T22:12:47.475Z,1,1,1,1,1,1,2,1,1,1,1,1,1,0,0,2,2,1.125,1.0,0.3535533905932738,0.7559289460184544,-0.125,-0.1111111111111111,0.1700680272108843,0.09523809523809527,0.0,0.0,-0.4454465827610056,-0.4913726113516878,-0.04592602859068218
wikicensorship,2022-08-14T16:13:52.536Z,0,0,1,0,0,0,0,0,0,0,0,0,0,0,0,0,0,0.125,0.0,0.3535533905932738,0.0,-0.125,-1.0,0.061224489795918366,0.0,0.0,0.0,-0.705611835545574,-0.7198112794190739,-0.014199443873499806
openandroidinstaller,2023-08-04T15:47:12.343Z,1,2,3,3,6,3,1,4,2,4,4,2,3,4,2,3,0,2.875,2.75,1.6420805617960925,1.3887301496588271,-0.125,-0.043478260869565216,0.11384421318196151,0.4514991181657849,0.0,0.0,0.009842609611989106,-0.09160494223376225,-0.10144755184575135
devlopr-jekyll,2020-05-08T15:56:01.297Z,1,0,1,1,1,3,3,1,2,3,1,1,2,1,1,0,1,1.375,1.25,1.0606601717798212,0.8864052604279183,-0.125,-0.09090909090909091,0.3333333333333334,0.4329004329004328,0.0,0.0,-0.38040526956486354,-0.4342629443348413,-0.05385767476997777
phpshopify,2021-03-31T09:37:03.639Z,1,2,0,2,1,1,1,0,1,1,2,0,0,1,1,2,0,1.0,0.875,0.7559289460184544,0.8345229603962802,-0.125,-0.125,0.14880952380952384,0.010989010989010992,0.0,0.0,-0.47796723935907665,-0.519927444860111,-0.04196020550103435
spacevim,2019-06-14T19:29:28.321Z,2,2,4,7,2,7,3,4,1,5,6,2,4,4,2,2,5,3.875,3.75,2.100170061141308,1.5811388300841898,-0.125,-0.03225806451612903,0.10198573356468096,0.13605442176870744,0.0,0.0,0.2700078623965575,0.13683372583362377,-0.13317413656293373
code-surfer,2019-10-09T13:24:52.785Z,1,0,0,1,1,2,1,1,1,1,2,0,1,1,0,1,0,0.875,0.75,0.6408699444616557,0.7071067811865476,-0.125,-0.14285714285714285,0.25051759834368537,0.24489795918367346,0.0,0.0,-0.5104878959571477,-0.5484822783685344,-0.03799438241138664
peachpiecompiler,2020-01-29T16:16:44.497Z,3,3,2,3,2,3,3,4,3,4,2,2,1,4,3,3,3,2.875,2.75,0.6408699444616557,1.0350983390135313,-0.125,-0.043478260869565216,0.16770186335403728,0.0126984126984127,0.0,0.0,0.009842609611989106,-0.09160494223376225,-0.10144755184575135
ua-parser-js,2021-03-11T01:33:35.336Z,0,1,1,0,1,3,3,3,3,1,0,1,1,0,3,5,0,1.5,1.375,1.3093073414159542,1.7677669529663689,-0.125,-0.08333333333333333,0.7162698412698414,0.14394557823129253,0.0,0.0,-0.34788461296679246,-0.40570811082641806,-0.057823497859625594
webrecorder,2022-01-11T02:56:03.970Z,1,1,1,1,0,0,1,0,1,1,0,1,1,0,0,0,1,0.625,0.5,0.5175491695067657,0.5345224838248488,-0.125,-0.2,0.38412698412698415,0.04761904761904762,0.0,0.0,-0.5755292091532899,-0.6055919453853809,-0.030062736232090992
esp-rfid,2021-03-19T22:27:46.337Z,0,0,0,0,1,1,1,0,0,0,0,0,1,1,0,0,0,0.375,0.25,0.5175491695067657,0.4629100498862757,-0.125,-0.3333333333333333,0.2571428571428572,0.0,0.0,0.0,-0.6405705223494319,-0.6627016124022274,-0.022131090052795455
deck-of-cards,2019-06-02T21:01:29.038Z,0,0,0,0,0,0,1,1,1,1,0,0,0,0,0,0,0,0.25,0.125,0.4629100498862757,0.3535533905932738,-0.125,-0.5,0.5714285714285715,0.3333333333333334,0.0,0.0,-0.673091178947503,-0.6912564459106506,-0.018165266963147575
husky,2019-06-26T15:37:59.804Z,2,1,3,1,1,1,1,2,2,2,2,1,1,1,0,3,1,1.5,1.375,0.7559289460184544,0.9161253813129042,-0.125,-0.08333333333333333,0.05357142857142858,0.025329280648429587,0.0,0.0,-0.34788461296679246,-0.40570811082641806,-0.057823497859625594
deck-of-cards,2019-06-02T21:01:29.038Z,0,0,0,0,0,0,1,1,1,1,0,0,0,0,0,0,0,0.25,0.125,0.4629100498862757,0.3535533905932738,-0.125,-0.5,0.5714285714285715,0.3333333333333334,0.0,0.0,-0.673091178947503,-0.6912564459106506,-0.018165266963147575
node-datachannel,2022-03-16T13:11:29.332Z,2,2,2,2,2,2,2,2,2,4,3,2,2,1,1,1,1,2.0,1.875,0.0,1.1259916264596033,-0.125,-0.0625,0.0,0.8215962441314555,0.0,0.0,-0.21780198657450825,-0.29148877679272506,-0.07368679021821681
deck-of-cards,2019-06-02T21:01:29.038Z,0,0,0,0,0,0,1,1,1,1,0,0,0,0,0,0,0,0.25,0.125,0.4629100498862757,0.3535533905932738,-0.125,-0.5,0.5714285714285715,0.3333333333333334,0.0,0.0,-0.673091178947503,-0.6912564459106506,-0.018165266963147575
bioicons,2024-04-18T09:47:24.557Z,2,2,2,3,0,2,2,2,2,3,2,1,0,2,3,2,1,1.875,1.75,0.8345229603962802,1.0350983390135313,-0.125,-0.06666666666666667,0.010989010989010992,0.028571428571428577,0.0,0.0,-0.2503226431725793,-0.3200436103011483,-0.06972096712856901
buka,2019-12-28T16:37:11.700Z,0,1,0,1,0,0,1,0,0,0,0,0,0,0,0,1,1,0.375,0.25,0.5175491695067657,0.4629100498862757,-0.125,-0.3333333333333333,0.003174603174603175,0.5714285714285715,0.0,0.0,-0.6405705223494319,-0.6627016124022274,-0.022131090052795455
amplitudejs,2019-06-20T21:20:22.052Z,0,2,2,2,1,1,0,2,1,3,1,1,0,3,0,0,1,1.25,1.125,0.8864052604279183,1.2464234547582247,-0.125,-0.1,0.0,0.19759168035030106,0.0,0.0,-0.41292592616293455,-0.46281777784326456,-0.04989185168033
projectm,2018-12-15T00:12:08.870Z,4,2,4,4,2,4,1,1,6,4,2,5,6,1,1,1,1,2.75,2.625,1.3887301496588271,2.0658792662827956,-0.125,-0.045454545454545456,0.34567901234567916,0.3684000796971509,0.0,0.0,-0.022678046986081946,-0.12015977574218552,-0.09748172875610357
portable-utf8,2023-11-01T19:08:12.219Z,1,1,0,0,0,0,2,1,0,1,1,1,0,0,0,0,1,0.625,0.5,0.7440238091428449,0.5345224838248488,-0.125,-0.2,0.03840245775729646,0.1904761904761905,0.0,0.0,-0.5755292091532899,-0.6055919453853809,-0.030062736232090992
javascript-obfuscator,2017-06-02T12:44:38.425Z,1,1,2,4,1,0,1,2,1,2,1,1,1,1,2,1,2,1.5,1.375,1.1952286093343936,0.5175491695067657,-0.125,-0.08333333333333333,0.0023809523809523816,0.028571428571428577,0.0,0.0,-0.34788461296679246,-0.40570811082641806,-0.057823497859625594
asciidocfx,2018-08-05T19:48:45.651Z,1,1,1,0,0,0,1,1,1,1,1,0,0,0,0,1,1,0.625,0.5,0.5175491695067657,0.5345224838248488,-0.125,-0.2,0.028571428571428577,0.0,0.0,0.0,-0.5755292091532899,-0.6055919453853809,-0.030062736232090992
asciidocfx,2018-08-05T19:48:45.651Z,1,1,1,0,0,0,1,1,1,1,1,0,0,0,0,1,1,0.625,0.5,0.5175491695067657,0.5345224838248488,-0.125,-0.2,0.028571428571428577,0.0,0.0,0.0,-0.5755292091532899,-0.6055919453853809,-0.030062736232090992
cgru,2022-02-02T06:01:09.039Z,0,0,0,0,0,0,1,0,0,0,0,0,0,0,0,0,0,0.125,0.0,0.3535533905932738,0.0,-0.125,-1.0,0.1700680272108843,0.0,0.0,0.0,-0.705611835545574,-0.7198112794190739,-0.014199443873499806
cppjieba,2021-07-21T00:15:54.623Z,1,0,0,1,0,0,0,0,0,0,0,0,0,0,1,0,0,0.25,0.125,0.4629100498862757,0.3535533905932738,-0.125,-0.5,0.253968253968254,0.061224489795918366,0.0,0.0,-0.673091178947503,-0.6912564459106506,-0.018165266963147575
web-shells,2020-10-30T10:00:05.912Z,0,0,0,0,0,1,0,0,0,0,0,0,0,0,0,0,0,0.125,0.0,0.3535533905932738,0.0,-0.125,-1.0,0.061224489795918366,0.0,0.0,0.0,-0.705611835545574,-0.7198112794190739,-0.014199443873499806
pickr,2019-07-15T16:28:25.747Z,3,1,1,1,4,2,2,4,1,2,2,4,1,1,2,1,4,2.25,2.125,1.2817398889233114,1.2464234547582247,-0.125,-0.05555555555555555,0.16770186335403728,0.004926108374384239,0.0,0.0,-0.15276067337836616,-0.23437910977587853,-0.08161843639751237
commitizen-tools,2023-03-06T20:11:53.483Z,6,8,6,5,5,5,6,8,2,10,4,6,5,7,8,6,2,6.125,6.0,1.2464234547582247,2.449489742783178,-0.125,-0.02040816326530612,0.0005473453749315821,0.20464852607709752,0.0,0.0,0.8553796811618365,0.6508207289852423,-0.20455895217659414
openscad,2021-01-31T21:39:38.291Z,6,4,7,7,4,2,5,4,8,8,2,4,6,3,3,6,6,4.875,4.75,1.7268882005337973,2.052872551885702,-0.125,-0.02564102564102564,0.20786997433704024,0.0,0.0,0.0,0.530173115181126,0.3652723939010098,-0.16490072128011618
mewsfeed,2023-04-11T15:48:31.024Z,1,1,0,1,1,2,4,2,4,2,1,3,2,1,1,0,1,1.5,1.375,1.1952286093343936,0.9161253813129042,-0.125,-0.08333333333333333,0.4666666666666669,0.3657548125633232,0.0,0.0,-0.34788461296679246,-0.40570811082641806,-0.057823497859625594
resilience-web,2021-10-25T11:58:20.550Z,1,1,1,1,1,1,1,2,2,1,1,1,1,1,1,1,1,1.125,1.0,0.3535533905932738,0.0,-0.125,-0.1111111111111111,0.3333333333333334,0.0,0.0,0.0,-0.4454465827610056,-0.4913726113516878,-0.04592602859068218
wikicensorship,2022-08-14T16:13:52.536Z,0,0,1,0,0,0,0,0,0,0,0,0,0,0,0,0,0,0.125,0.0,0.3535533905932738,0.0,-0.125,-1.0,0.061224489795918366,0.0,0.0,0.0,-0.705611835545574,-0.7198112794190739,-0.014199443873499806
k2vr,2022-10-13T20:32:02.126Z,1,0,0,0,0,0,0,0,0,0,0,0,0,0,0,0,0,0.125,0.0,0.3535533905932738,0.0,-0.125,-1.0,0.3333333333333334,0.0,0.0,0.0,-0.705611835545574,-0.7198112794190739,-0.014199443873499806
ya-webadb,2022-05-01T23:25:55.301Z,1,1,1,1,2,1,1,1,2,1,1,1,1,1,1,1,1,1.125,1.0,0.3535533905932738,0.0,-0.125,-0.1111111111111111,0.006802721088435374,0.0,0.0,0.0,-0.4454465827610056,-0.4913726113516878,-0.04592602859068218
portable-utf8,2023-11-01T19:08:12.219Z,1,1,0,0,0,0,2,1,0,1,1,1,0,0,0,0,1,0.625,0.5,0.7440238091428449,0.5345224838248488,-0.125,-0.2,0.03840245775729646,0.1904761904761905,0.0,0.0,-0.5755292091532899,-0.6055919453853809,-0.030062736232090992
swarmpit,2020-01-30T13:23:17.413Z,1,1,2,0,2,2,1,2,3,1,0,1,2,3,1,1,1,1.375,1.25,0.7440238091428449,0.8864052604279183,-0.125,-0.09090909090909091,0.12442396313364054,0.03896103896103897,0.0,0.0,-0.38040526956486354,-0.4342629443348413,-0.05385767476997777
sepheocoop,2024-09-17T15:50:58.756Z,0,0,0,1,0,0,0,0,0,0,0,0,0,0,0,0,0,0.125,0.0,0.3535533905932738,0.0,-0.125,-1.0,0.006802721088435374,0.0,0.0,0.0,-0.705611835545574,-0.7198112794190739,-0.014199443873499806
simulide,2024-12-03T05:59:18.688Z,1,1,2,1,2,2,2,1,3,1,2,1,1,1,2,1,2,1.5,1.375,0.5345224838248488,0.5175491695067657,-0.125,-0.08333333333333333,0.10714285714285716,0.07936507936507936,0.0,0.0,-0.34788461296679246,-0.40570811082641806,-0.057823497859625594
bower,2017-04-07T00:12:10.581Z,0,0,0,1,0,0,0,1,0,0,0,0,0,1,0,0,0,0.25,0.125,0.4629100498862757,0.3535533905932738,-0.125,-0.5,0.14285714285714288,0.006802721088435374,0.0,0.0,-0.673091178947503,-0.6912564459106506,-0.018165266963147575
lin-ui,2021-07-06T14:58:54.225Z,2,3,1,1,1,0,0,0,0,0,0,0,2,2,1,2,0,1.0,0.875,1.0690449676496976,0.9910312089651149,-0.125,-0.125,0.761904761904762,0.1463203463203463,0.0,0.0,-0.47796723935907665,-0.519927444860111,-0.04196020550103435
pion,2025-01-07T15:21:48.527Z,4,3,6,6,6,5,6,10,4,9,6,9,6,6,1,6,2,5.75,5.625,2.052872551885702,2.8753881725529062,-0.125,-0.021739130434782608,0.5883777239709443,0.5480818677362955,0.0,0.0,0.7578177113676233,0.5651562284599726,-0.19266148290765073
lyrion,2024-10-23T11:31:07.619Z,5,8,6,5,6,4,5,4,4,5,7,6,4,8,6,3,3,5.375,5.25,1.3024701806293193,1.8322507626258084,-0.125,-0.023255813953488372,0.36541353383458647,0.22796352583586635,0.0,0.0,0.6602557415734102,0.4794917279347028,-0.18076401363870737
puppeteer-screen-recorder,2023-11-11T18:07:37.557Z,0,0,2,2,0,0,0,0,0,0,0,1,0,1,0,1,0,0.5,0.375,0.9258200997725514,0.5175491695067657,-0.125,-0.25,0.0634920634920635,0.028571428571428577,0.0,0.0,-0.6080498657513609,-0.6341467788938041,-0.026096913142443223
task,2018-04-23T15:30:55.969Z,2,2,1,1,1,1,1,2,1,1,1,2,1,1,1,1,2,1.375,1.25,0.5175491695067657,0.4629100498862757,-0.125,-0.09090909090909091,0.07936507936507936,0.0634920634920635,0.0,0.0,-0.38040526956486354,-0.4342629443348413,-0.05385767476997777
puppeteer-screen-recorder,2023-11-11T18:07:37.557Z,0,0,2,2,0,0,0,0,0,0,0,1,0,1,0,1,0,0.5,0.375,0.9258200997725514,0.5175491695067657,-0.125,-0.25,0.0634920634920635,0.028571428571428577,0.0,0.0,-0.6080498657513609,-0.6341467788938041,-0.026096913142443223
nodebook,2019-04-28T16:20:25.614Z,0,0,0,0,0,1,0,1,2,0,1,0,0,0,0,0,0,0.25,0.125,0.4629100498862757,0.3535533905932738,-0.125,-0.5,0.3968253968253968,0.1700680272108843,0.0,0.0,-0.673091178947503,-0.6912564459106506,-0.018165266963147575
nodebook,2019-04-28T16:20:25.614Z,0,0,0,0,0,1,0,1,2,0,1,0,0,0,0,0,0,0.25,0.125,0.4629100498862757,0.3535533905932738,-0.125,-0.5,0.3968253968253968,0.1700680272108843,0.0,0.0,-0.673091178947503,-0.6912564459106506,-0.018165266963147575
codedrift,2025-01-04T07:04:21.825Z,0,0,0,0,0,0,0,1,0,0,0,0,0,0,0,0,0,0.125,0.0,0.3535533905932738,0.0,-0.125,-1.0,0.3333333333333334,0.0,0.0,0.0,-0.705611835545574,-0.7198112794190739,-0.014199443873499806
meta-system-engine,2025-04-02T14:07:21.693Z,0,0,0,0,0,0,1,0,0,0,0,0,0,0,0,0,0,0.125,0.0,0.3535533905932738,0.0,-0.125,-1.0,0.1700680272108843,0.0,0.0,0.0,-0.705611835545574,-0.7198112794190739,-0.014199443873499806
boruta-server,2023-06-22T09:54:42.443Z,2,1,0,2,1,0,1,2,2,1,1,1,1,1,1,1,1,1.125,1.0,0.8345229603962802,0.0,-0.125,-0.1111111111111111,0.0012210012210012214,0.0,0.0,0.0,-0.4454465827610056,-0.4913726113516878,-0.04592602859068218
vim-table-mode,2021-01-24T19:22:41.715Z,1,0,1,1,0,1,0,0,0,0,0,1,1,0,0,1,0,0.5,0.375,0.5345224838248488,0.5175491695067657,-0.125,-0.25,0.1904761904761905,0.003174603174603175,0.0,0.0,-0.6080498657513609,-0.6341467788938041,-0.026096913142443223
deepwto,2020-04-01T03:19:57.023Z,0,0,0,0,0,0,0,1,1,0,0,0,0,0,0,0,0,0.125,0.0,0.3535533905932738,0.0,-0.125,-1.0,0.3333333333333334,0.0,0.0,0.0,-0.705611835545574,-0.7198112794190739,-0.014199443873499806
lin-ui,2021-07-06T14:58:54.225Z,2,3,1,1,1,0,0,0,0,0,0,0,2,2,1,2,0,1.0,0.875,1.0690449676496976,0.9910312089651149,-0.125,-0.125,0.761904761904762,0.1463203463203463,0.0,0.0,-0.47796723935907665,-0.519927444860111,-0.04196020550103435
bassa,2021-07-20T18:35:08.203Z,0,0,1,0,0,0,0,0,0,0,0,0,0,0,0,0,0,0.125,0.0,0.3535533905932738,0.0,-0.125,-1.0,0.061224489795918366,0.0,0.0,0.0,-0.705611835545574,-0.7198112794190739,-0.014199443873499806
wifi-passview,2021-07-13T20:54:56.724Z,2,2,2,2,2,2,2,1,2,2,2,2,2,1,2,1,2,1.875,1.75,0.3535533905932738,0.4629100498862757,-0.125,-0.06666666666666667,0.3333333333333334,0.14285714285714288,0.0,0.0,-0.2503226431725793,-0.3200436103011483,-0.06972096712856901
openshelter,2023-08-15T18:55:16.881Z,0,1,1,0,0,1,0,0,0,1,1,0,0,0,0,0,0,0.375,0.25,0.5175491695067657,0.4629100498862757,-0.125,-0.3333333333333333,0.07936507936507936,0.5714285714285715,0.0,0.0,-0.6405705223494319,-0.6627016124022274,-0.022131090052795455
mwmbl,2022-02-02T16:12:25.718Z,1,0,0,0,0,0,4,2,1,1,0,1,1,2,1,0,0,0.875,0.75,1.4577379737113252,0.7071067811865476,-0.125,-0.14285714285714285,0.2917166866746698,0.061224489795918366,0.0,0.0,-0.5104878959571477,-0.5484822783685344,-0.03799438241138664
gngr,2021-02-10T07:44:34.846Z,0,1,1,0,0,0,0,1,0,1,0,0,0,0,1,0,0,0.375,0.25,0.5175491695067657,0.4629100498862757,-0.125,-0.3333333333333333,0.003174603174603175,0.0634920634920635,0.0,0.0,-0.6405705223494319,-0.6627016124022274,-0.022131090052795455
stylus,2022-06-25T03:32:49.899Z,0,1,1,1,2,1,1,1,1,0,1,3,1,0,0,0,2,1.0,0.875,0.5345224838248488,1.1259916264596033,-0.125,-0.125,0.1904761904761905,0.0006706908115358822,0.0,0.0,-0.47796723935907665,-0.519927444860111,-0.04196020550103435
ovenmediaengine,2021-07-03T16:14:46.609Z,5,5,5,4,5,3,6,6,5,3,5,4,5,7,6,6,2,4.875,4.75,0.9910312089651149,1.6690459207925603,-0.125,-0.02564102564102564,0.04242424242424243,0.010989010989010992,0.0,0.0,0.530173115181126,0.3652723939010098,-0.16490072128011618
kube-hetzner,2023-04-24T18:02:32.840Z,5,3,8,3,2,7,13,9,8,3,6,7,5,9,7,6,6,6.25,6.125,3.7321001364608946,1.7268882005337973,-0.125,-0.02,0.3343101343101343,0.17821499857428005,0.0,0.0,0.8879003377599075,0.6793755624936656,-0.2085247752662419
pizzaql,2019-06-04T11:06:32.297Z,0,0,1,1,1,2,1,1,1,1,1,1,1,1,0,1,0,0.875,0.75,0.6408699444616557,0.4629100498862757,-0.125,-0.14285714285714285,0.46583850931677034,0.3968253968253968,0.0,0.0,-0.5104878959571477,-0.5484822783685344,-0.03799438241138664
jailer,2020-12-22T09:28:14.102Z,1,1,1,2,1,1,1,1,1,1,1,1,1,1,1,1,1,1.125,1.0,0.3535533905932738,0.0,-0.125,-0.1111111111111111,0.006802721088435374,0.0,0.0,0.0,-0.4454465827610056,-0.4913726113516878,-0.04592602859068218
airform,2021-07-21T23:28:42.189Z,0,0,1,0,0,0,0,0,0,0,0,0,0,0,0,0,0,0.125,0.0,0.3535533905932738,0.0,-0.125,-1.0,0.061224489795918366,0.0,0.0,0.0,-0.705611835545574,-0.7198112794190739,-0.014199443873499806
pizzaql,2019-06-04T11:06:32.297Z,0,0,1,1,1,2,1,1,1,1,1,1,1,1,0,1,0,0.875,0.75,0.6408699444616557,0.4629100498862757,-0.125,-0.14285714285714285,0.46583850931677034,0.3968253968253968,0.0,0.0,-0.5104878959571477,-0.5484822783685344,-0.03799438241138664
duostories,2023-08-17T00:11:01.343Z,2,2,2,3,2,4,4,3,3,1,3,3,2,3,5,2,2,2.75,2.625,0.8864052604279183,1.1877349391654206,-0.125,-0.045454545454545456,0.523809523809524,0.048824593128390596,0.0,0.0,-0.022678046986081946,-0.12015977574218552,-0.09748172875610357
lowdefy-os,2023-08-02T15:48:26.873Z,5,5,5,6,5,6,3,4,3,2,5,6,5,7,3,3,7,4.875,4.75,0.9910312089651149,1.9086270308410553,-0.125,-0.02564102564102564,0.19480519480519481,0.07563025210084033,0.0,0.0,0.530173115181126,0.3652723939010098,-0.16490072128011618
discordbm,2024-12-19T18:12:47.919Z,1,1,1,1,0,0,2,0,1,0,1,1,1,0,1,1,0,0.75,0.625,0.7071067811865476,0.5175491695067657,-0.125,-0.16666666666666666,0.061224489795918366,0.003174603174603175,0.0,0.0,-0.5430085525552187,-0.5770371118769576,-0.03402855932173887
feedback-prime,2022-03-30T04:04:32.567Z,0,0,0,2,1,1,0,0,1,0,0,2,0,0,0,1,0,0.5,0.375,0.7559289460184544,0.7440238091428449,-0.125,-0.25,0.005952380952380955,0.001536098310291859,0.0,0.0,-0.6080498657513609,-0.6341467788938041,-0.026096913142443223
polka,2019-07-18T17:52:42.718Z,1,1,0,1,0,1,0,1,0,1,0,1,0,2,0,0,0,0.625,0.5,0.5175491695067657,0.7559289460184544,-0.125,-0.2,0.028571428571428577,0.09523809523809527,0.0,0.0,-0.5755292091532899,-0.6055919453853809,-0.030062736232090992
polka,2019-07-18T17:52:42.718Z,1,1,0,1,0,1,0,1,0,1,0,1,0,2,0,0,0,0.625,0.5,0.5175491695067657,0.7559289460184544,-0.125,-0.2,0.028571428571428577,0.09523809523809527,0.0,0.0,-0.5755292091532899,-0.6055919453853809,-0.030062736232090992
bassa,2021-07-20T18:35:08.203Z,0,0,1,0,0,0,0,0,0,0,0,0,0,0,0,0,0,0.125,0.0,0.3535533905932738,0.0,-0.125,-1.0,0.061224489795918366,0.0,0.0,0.0,-0.705611835545574,-0.7198112794190739,-0.014199443873499806
rgeo,2024-10-15T00:56:43.686Z,0,0,0,0,0,0,1,1,1,1,0,0,0,0,0,0,0,0.25,0.125,0.4629100498862757,0.3535533905932738,-0.125,-0.5,0.5714285714285715,0.3333333333333334,0.0,0.0,-0.673091178947503,-0.6912564459106506,-0.018165266963147575
create-nw-react-app,2021-07-20T02:37:50.484Z,0,0,0,0,0,1,0,0,0,0,0,0,0,0,0,0,0,0.125,0.0,0.3535533905932738,0.0,-0.125,-1.0,0.061224489795918366,0.0,0.0,0.0,-0.705611835545574,-0.7198112794190739,-0.014199443873499806
rgeo,2024-10-15T00:56:43.686Z,0,0,0,0,0,0,1,1,1,1,0,0,0,0,0,0,0,0.25,0.125,0.4629100498862757,0.3535533905932738,-0.125,-0.5,0.5714285714285715,0.3333333333333334,0.0,0.0,-0.673091178947503,-0.6912564459106506,-0.018165266963147575
larecipe,2019-03-14T08:02:11.849Z,1,1,10,2,1,1,2,5,2,2,5,2,2,2,5,1,3,2.875,2.75,3.181980515339464,1.4880476182856899,-0.125,-0.043478260869565216,0.002099605274208448,0.006144393241167436,0.0,0.0,0.009842609611989106,-0.09160494223376225,-0.10144755184575135
censusreporter,2021-01-29T20:39:47.184Z,1,0,1,1,1,2,1,1,0,1,1,1,0,0,2,1,1,1.0,0.875,0.5345224838248488,0.6408699444616557,-0.125,-0.125,0.1904761904761905,0.01863354037267081,0.0,0.0,-0.47796723935907665,-0.519927444860111,-0.04196020550103435
airform,2021-07-21T23:28:42.189Z,0,0,1,0,0,0,0,0,0,0,0,0,0,0,0,0,0,0.125,0.0,0.3535533905932738,0.0,-0.125,-1.0,0.061224489795918366,0.0,0.0,0.0,-0.705611835545574,-0.7198112794190739,-0.014199443873499806
wikicensorship,2022-08-14T16:13:52.536Z,0,0,1,0,0,0,0,0,0,0,0,0,0,0,0,0,0,0.125,0.0,0.3535533905932738,0.0,-0.125,-1.0,0.061224489795918366,0.0,0.0,0.0,-0.705611835545574,-0.7198112794190739,-0.014199443873499806
gab,2020-08-11T00:17:35.050Z,1,0,0,0,0,0,0,0,0,0,0,0,0,0,0,0,0,0.125,0.0,0.3535533905932738,0.0,-0.125,-1.0,0.3333333333333334,0.0,0.0,0.0,-0.705611835545574,-0.7198112794190739,-0.014199443873499806
cp-algorithms,2024-02-28T14:11:57.074Z,4,6,3,3,4,3,3,3,2,0,5,3,10,5,1,0,4,3.625,3.5,1.0606601717798212,3.3380918415851206,-0.125,-0.034482758620689655,0.3333333333333334,0.004884004884004886,0.0,0.0,0.2049665492004154,0.07972405881677726,-0.12524249038363816
codedrift,2025-01-04T07:04:21.825Z,0,0,0,0,0,0,0,1,0,0,0,0,0,0,0,0,0,0.125,0.0,0.3535533905932738,0.0,-0.125,-1.0,0.3333333333333334,0.0,0.0,0.0,-0.705611835545574,-0.7198112794190739,-0.014199443873499806
fedibird-infrastructure,2021-06-01T05:17:52.870Z,1,1,0,1,1,1,1,1,1,3,1,0,0,0,1,0,1,0.875,0.75,0.3535533905932738,1.0350983390135313,-0.125,-0.14285714285714285,0.061224489795918366,0.2031746031746032,0.0,0.0,-0.5104878959571477,-0.5484822783685344,-0.03799438241138664
github-profile-readme-generator,2022-09-27T03:42:29.619Z,0,0,0,0,0,1,0,0,0,0,0,0,0,0,0,0,0,0.125,0.0,0.3535533905932738,0.0,-0.125,-1.0,0.061224489795918366,0.0,0.0,0.0,-0.705611835545574,-0.7198112794190739,-0.014199443873499806
electerm,2023-09-25T19:41:54.627Z,1,3,2,2,1,1,1,2,1,3,1,1,2,1,2,1,1,1.625,1.5,0.7440238091428449,0.7559289460184544,-0.125,-0.07692307692307693,0.0752688172043011,0.21428571428571433,0.0,0.0,-0.3153639563687214,-0.3771532773179948,-0.06178932094927342
create-nw-react-app,2021-07-20T02:37:50.484Z,0,0,0,0,0,1,0,0,0,0,0,0,0,0,0,0,0,0.125,0.0,0.3535533905932738,0.0,-0.125,-1.0,0.061224489795918366,0.0,0.0,0.0,-0.705611835545574,-0.7198112794190739,-0.014199443873499806
micro-web-stacks,2023-02-23T16:09:34.488Z,1,0,0,0,0,0,0,0,0,0,0,0,0,0,0,0,0,0.125,0.0,0.3535533905932738,0.0,-0.125,-1.0,0.3333333333333334,0.0,0.0,0.0,-0.705611835545574,-0.7198112794190739,-0.014199443873499806
websockets,2024-02-28T14:11:54.585Z,2,1,0,0,2,1,2,1,3,0,2,1,0,1,1,1,2,1.125,1.0,0.8345229603962802,0.7559289460184544,-0.125,-0.1111111111111111,0.010989010989010992,0.14880952380952384,0.0,0.0,-0.4454465827610056,-0.4913726113516878,-0.04592602859068218
react-data-table-component,2021-07-13T21:49:09.704Z,2,0,3,2,0,3,1,5,0,6,1,4,1,1,0,2,0,2.0,1.875,1.6903085094570331,2.100170061141308,-0.125,-0.0625,0.17142857142857146,0.4628879892037788,0.0,0.0,-0.21780198657450825,-0.29148877679272506,-0.07368679021821681
photoslider,2019-01-09T09:56:47.458Z,0,1,0,1,1,0,0,0,1,0,1,0,0,1,0,0,0,0.375,0.25,0.5175491695067657,0.4629100498862757,-0.125,-0.3333333333333333,0.07936507936507936,0.0634920634920635,0.0,0.0,-0.6405705223494319,-0.6627016124022274,-0.022131090052795455
polka,2019-07-18T17:52:42.718Z,1,1,0,1,0,1,0,1,0,1,0,1,0,2,0,0,0,0.625,0.5,0.5175491695067657,0.7559289460184544,-0.125,-0.2,0.028571428571428577,0.09523809523809527,0.0,0.0,-0.5755292091532899,-0.6055919453853809,-0.030062736232090992
polka,2019-07-18T17:52:42.718Z,1,1,0,1,0,1,0,1,0,1,0,1,0,2,0,0,0,0.625,0.5,0.5175491695067657,0.7559289460184544,-0.125,-0.2,0.028571428571428577,0.09523809523809527,0.0,0.0,-0.5755292091532899,-0.6055919453853809,-0.030062736232090992
pyinquirer,2021-05-19T01:57:21.848Z,0,0,0,0,0,0,0,1,0,0,0,0,0,0,0,0,0,0.125,0.0,0.3535533905932738,0.0,-0.125,-1.0,0.3333333333333334,0.0,0.0,0.0,-0.705611835545574,-0.7198112794190739,-0.014199443873499806
hydra-synth,2021-02-17T10:50:43.831Z,1,1,0,0,0,1,1,3,2,1,0,2,0,1,1,0,1,0.875,0.75,0.9910312089651149,0.7071067811865476,-0.125,-0.14285714285714285,0.2502164502164503,0.006802721088435374,0.0,0.0,-0.5104878959571477,-0.5484822783685344,-0.03799438241138664
discordbm,2024-12-19T18:12:47.919Z,1,1,1,1,0,0,2,0,1,0,1,1,1,0,1,1,0,0.75,0.625,0.7071067811865476,0.5175491695067657,-0.125,-0.16666666666666666,0.061224489795918366,0.003174603174603175,0.0,0.0,-0.5430085525552187,-0.5770371118769576,-0.03402855932173887
midnight-lizard,2018-11-01T10:08:11.530Z,1,1,2,1,1,1,1,1,1,1,1,1,1,1,0,1,1,1.125,0.875,0.3535533905932738,0.3535533905932738,-0.25,-0.2222222222222222,0.061224489795918366,0.061224489795918366,0.0,0.0,-0.4454465827610056,-0.519927444860111,-0.07448086209910537
dotenv,2019-12-19T10:53:26.030Z,1,0,1,0,2,1,1,0,1,2,1,0,0,0,0,0,1,0.75,0.5,0.7071067811865476,0.7559289460184544,-0.25,-0.3333333333333333,0.0,0.21428571428571433,0.0,0.0,-0.5430085525552187,-0.6055919453853809,-0.06258339283016212
vite-plugin-rsw,2021-06-29T11:53:44.512Z,1,1,1,1,1,1,0,1,1,1,1,0,0,0,1,1,1,0.875,0.625,0.3535533905932738,0.5175491695067657,-0.25,-0.2857142857142857,0.1700680272108843,0.028571428571428577,0.0,0.0,-0.5104878959571477,-0.5770371118769576,-0.06654921591980989
photoviewer,2022-02-01T15:13:29.532Z,1,1,2,0,1,1,0,1,0,2,0,1,0,1,1,0,0,0.875,0.625,0.6408699444616557,0.7440238091428449,-0.25,-0.2857142857142857,0.10144927536231889,0.2596006144393241,0.0,0.0,-0.5104878959571477,-0.5770371118769576,-0.06654921591980989
simplestatemachine,2021-07-16T04:36:37.051Z,0,0,0,1,1,0,0,0,0,0,0,0,0,0,0,0,0,0.25,0.0,0.4629100498862757,0.0,-0.25,-1.0,0.0,0.0,0.0,0.0,-0.673091178947503,-0.7198112794190739,-0.046720100471570825
vue-lazy-hydration,2019-09-23T14:25:08.173Z,1,1,1,1,1,1,0,1,0,1,1,1,0,0,1,0,1,0.875,0.625,0.3535533905932738,0.5175491695067657,-0.25,-0.2857142857142857,0.1700680272108843,0.07936507936507936,0.0,0.0,-0.5104878959571477,-0.5770371118769576,-0.06654921591980989
midnight-lizard,2018-11-01T10:08:11.530Z,1,1,2,1,1,1,1,1,1,1,1,1,1,1,0,1,1,1.125,0.875,0.3535533905932738,0.3535533905932738,-0.25,-0.2222222222222222,0.061224489795918366,0.061224489795918366,0.0,0.0,-0.4454465827610056,-0.519927444860111,-0.07448086209910537
remmina,2021-06-02T23:48:08.795Z,14,17,14,22,24,13,10,55,32,10,11,17,21,17,61,18,12,21.125,20.875,14.466093361473137,16.6599391183933,-0.25,-0.011834319526627219,0.25599860218855014,0.09598257368958012,0.0,0.0,4.757858472930363,4.048845916487609,-0.7090125564427536
wireflow,2017-12-04T10:30:35.943Z,0,0,0,0,0,0,0,3,1,0,1,0,0,0,0,0,0,0.375,0.125,1.0606601717798212,0.3535533905932738,-0.25,-0.6666666666666666,0.3333333333333334,0.1700680272108843,0.0,0.0,-0.6405705223494319,-0.6912564459106506,-0.050685923561218704
cider,2017-01-06T17:52:08.568Z,4,4,5,4,4,4,2,3,6,3,5,1,2,5,7,3,2,3.75,3.5,0.8864052604279183,2.0,-0.25,-0.06666666666666667,0.4329004329004328,0.003401360544217688,0.0,0.0,0.23748720579848648,0.07972405881677726,-0.15776314698170923
medoo,2019-11-12T11:14:08.632Z,0,0,1,1,1,1,0,1,1,1,1,1,0,0,0,0,0,0.625,0.375,0.5175491695067657,0.5175491695067657,-0.25,-0.4,0.1555555555555556,0.7142857142857144,0.0,0.0,-0.5755292091532899,-0.6341467788938041,-0.05861756974051424
rtklib-demo5,2021-11-25T11:13:40.041Z,1,2,1,1,1,1,2,1,1,1,1,0,1,1,2,1,1,1.25,1.0,0.4629100498862757,0.5345224838248488,-0.25,-0.2,0.0,0.10714285714285716,0.0,0.0,-0.41292592616293455,-0.4913726113516878,-0.07844668518875325
gqless,2020-03-19T21:50:06.740Z,1,1,3,4,2,0,0,0,6,4,0,1,0,2,0,2,0,1.375,1.125,1.5059406173077154,1.4577379737113252,-0.25,-0.18181818181818182,0.198350206224222,0.14445778311324525,0.0,0.0,-0.38040526956486354,-0.46281777784326456,-0.08241250827840102
coughcheckapp,2020-04-10T09:26:18.109Z,0,0,0,0,0,0,0,3,2,0,0,0,0,0,0,0,1,0.375,0.125,1.0606601717798212,0.3535533905932738,-0.25,-0.6666666666666666,0.3333333333333334,0.3333333333333334,0.0,0.0,-0.6405705223494319,-0.6912564459106506,-0.050685923561218704
applause-button,2019-02-25T20:33:39.781Z,1,0,0,1,0,1,1,0,2,2,0,0,0,0,0,0,0,0.5,0.25,0.5345224838248488,0.7071067811865476,-0.25,-0.5,0.0,0.3333333333333334,0.0,0.0,-0.6080498657513609,-0.6627016124022274,-0.05465174665086647
opencore-legacy-patcher,2023-06-12T19:20:54.139Z,3,2,1,4,2,3,6,5,3,5,3,3,6,3,1,2,1,3.25,3.0,1.6690459207925603,1.7728105208558367,-0.25,-0.07692307692307693,0.4407814407814407,0.4772727272727273,0.0,0.0,0.10740457940620227,-0.034495275216915755,-0.14189985462311802
coughcheckapp,2020-04-10T09:26:18.109Z,0,0,0,0,0,0,0,3,2,0,0,0,0,0,0,0,1,0.375,0.125,1.0606601717798212,0.3535533905932738,-0.25,-0.6666666666666666,0.3333333333333334,0.3333333333333334,0.0,0.0,-0.6405705223494319,-0.6912564459106506,-0.050685923561218704
kingfisher,2017-07-02T05:21:21.812Z,2,1,2,4,1,2,2,3,2,3,1,2,2,2,0,3,2,2.125,1.875,0.9910312089651149,0.9910312089651149,-0.25,-0.11764705882352941,0.07012987012987013,0.007792207792207791,0.0,0.0,-0.1852813299764372,-0.29148877679272506,-0.10620744681628785
opt-out-tools,2020-01-07T14:41:13.272Z,0,0,0,0,0,2,0,2,1,2,0,0,0,0,0,0,0,0.5,0.25,0.9258200997725514,0.7071067811865476,-0.25,-0.5,0.3968253968253968,0.3333333333333334,0.0,0.0,-0.6080498657513609,-0.6627016124022274,-0.05465174665086647
wireflow,2017-12-04T10:30:35.943Z,0,0,0,0,0,0,0,3,1,0,1,0,0,0,0,0,0,0.375,0.125,1.0606601717798212,0.3535533905932738,-0.25,-0.6666666666666666,0.3333333333333334,0.1700680272108843,0.0,0.0,-0.6405705223494319,-0.6912564459106506,-0.050685923561218704
cyph,2019-02-09T17:22:07.983Z,2,2,2,2,2,1,2,1,1,1,1,1,2,1,2,2,2,1.75,1.5,0.4629100498862757,0.5345224838248488,-0.25,-0.14285714285714285,0.3968253968253968,0.5833333333333334,0.0,0.0,-0.28284329977065037,-0.3771532773179948,-0.09430997754734444
rekit,2020-07-01T04:26:59.983Z,1,1,0,0,1,0,1,0,0,2,0,0,0,0,0,0,0,0.5,0.25,0.5345224838248488,0.7071067811865476,-0.25,-0.5,0.10714285714285716,0.3333333333333334,0.0,0.0,-0.6080498657513609,-0.6627016124022274,-0.05465174665086647
safing-portmaster,2023-10-19T13:16:49.439Z,2,2,3,3,3,3,3,2,2,2,2,2,2,3,4,2,2,2.625,2.375,0.5175491695067657,0.7440238091428449,-0.25,-0.09523809523809523,0.07936507936507936,0.0752688172043011,0.0,0.0,-0.055198703584153,-0.17726944275903203,-0.12207073917487904
frontmatter,2022-05-31T18:02:33.450Z,2,1,1,2,2,2,1,1,1,1,1,1,1,1,2,1,2,1.5,1.25,0.5345224838248488,0.4629100498862757,-0.25,-0.16666666666666666,0.04761904761904762,0.3968253968253968,0.0,0.0,-0.34788461296679246,-0.4342629443348413,-0.08637833136804884
swup,2019-09-29T09:35:08.725Z,1,1,0,1,1,1,2,0,1,1,2,1,0,1,0,0,0,0.875,0.625,0.6408699444616557,0.7440238091428449,-0.25,-0.2857142857142857,0.0020703933747412014,0.554531490015361,0.0,0.0,-0.5104878959571477,-0.5770371118769576,-0.06654921591980989
masscode,2021-04-29T19:08:39.551Z,0,0,0,0,0,0,1,1,0,0,0,0,0,0,0,0,0,0.25,0.0,0.4629100498862757,0.0,-0.25,-1.0,0.5714285714285715,0.0,0.0,0.0,-0.673091178947503,-0.7198112794190739,-0.046720100471570825
django-river,2021-01-02T11:52:33.835Z,0,0,1,0,0,0,0,1,2,0,0,0,0,0,0,0,0,0.25,0.0,0.4629100498862757,0.0,-0.25,-1.0,0.0634920634920635,0.0,0.0,0.0,-0.673091178947503,-0.7198112794190739,-0.046720100471570825
faction,2024-10-21T06:04:29.507Z,1,1,1,0,2,2,2,1,1,1,2,1,1,1,0,1,1,1.25,1.0,0.7071067811865476,0.5345224838248488,-0.25,-0.2,0.1700680272108843,0.1904761904761905,0.0,0.0,-0.41292592616293455,-0.4913726113516878,-0.07844668518875325
vue-stripe-checkout,2020-08-21T00:48:30.000Z,5,2,1,2,3,0,2,3,1,1,2,2,2,1,5,2,1,2.25,2.0,1.4880476182856899,1.3093073414159542,-0.25,-0.1111111111111111,0.09831029185867897,0.03174603174603176,0.0,0.0,-0.15276067337836616,-0.26293394328430175,-0.1101732699059356
nuke,2019-03-13T21:45:39.426Z,1,4,3,4,3,4,2,4,2,3,3,3,5,3,2,1,3,3.125,2.875,1.1259916264596033,1.1259916264596033,-0.25,-0.08,0.11334674714956407,0.15090543259557349,0.0,0.0,0.0748839228081312,-0.063050108725339,-0.13793403153347022
nodejs-mobile,2023-09-27T12:58:51.255Z,1,1,0,0,0,1,0,0,2,1,0,0,0,0,0,0,0,0.375,0.125,0.5175491695067657,0.3535533905932738,-0.25,-0.6666666666666666,0.2571428571428572,0.3333333333333334,0.0,0.0,-0.6405705223494319,-0.6912564459106506,-0.050685923561218704
hyper-term,2021-09-19T23:01:34.031Z,3,2,2,3,3,2,2,3,2,2,3,2,3,2,2,3,1,2.5,2.25,0.5345224838248488,0.7071067811865476,-0.25,-0.1,0.0,0.10884353741496598,0.0,0.0,-0.08771936018222405,-0.20582427626745528,-0.11810491608523123
x6,2021-07-06T14:59:04.145Z,9,9,6,5,7,5,6,5,7,6,8,6,6,7,6,5,6,6.5,6.25,1.6903085094570331,0.8864052604279183,-0.25,-0.038461538461538464,0.5761904761904763,0.21212121212121215,0.0,0.0,0.9529416509560497,0.7079303960020888,-0.2450112549539608
nodejs-mobile,2023-09-27T12:58:51.255Z,1,1,0,0,0,1,0,0,2,1,0,0,0,0,0,0,0,0.375,0.125,0.5175491695067657,0.3535533905932738,-0.25,-0.6666666666666666,0.2571428571428572,0.3333333333333334,0.0,0.0,-0.6405705223494319,-0.6912564459106506,-0.050685923561218704
networkupstools,2023-02-02T16:01:25.119Z,3,3,2,1,4,4,2,5,3,3,2,2,1,2,3,2,7,3.0,2.75,1.3093073414159542,1.8322507626258084,-0.25,-0.08333333333333333,0.16071428571428573,0.259371833839919,0.0,0.0,0.04236326621006016,-0.09160494223376225,-0.1339682084438224
spotiflyer,2021-05-10T18:41:38.094Z,2,2,1,2,1,1,1,1,1,1,1,1,1,2,1,1,1,1.375,1.125,0.5175491695067657,0.3535533905932738,-0.25,-0.18181818181818182,0.5365079365079365,0.006802721088435374,0.0,0.0,-0.38040526956486354,-0.46281777784326456,-0.08241250827840102
gqless,2020-03-19T21:50:06.740Z,1,1,3,4,2,0,0,0,6,4,0,1,0,2,0,2,0,1.375,1.125,1.5059406173077154,1.4577379737113252,-0.25,-0.18181818181818182,0.198350206224222,0.14445778311324525,0.0,0.0,-0.38040526956486354,-0.46281777784326456,-0.08241250827840102
networkupstools,2023-02-02T16:01:25.119Z,3,3,2,1,4,4,2,5,3,3,2,2,1,2,3,2,7,3.0,2.75,1.3093073414159542,1.8322507626258084,-0.25,-0.08333333333333333,0.16071428571428573,0.259371833839919,0.0,0.0,0.04236326621006016,-0.09160494223376225,-0.1339682084438224
opt-out-tools,2020-01-07T14:41:13.272Z,0,0,0,0,0,2,0,2,1,2,0,0,0,0,0,0,0,0.5,0.25,0.9258200997725514,0.7071067811865476,-0.25,-0.5,0.3968253968253968,0.3333333333333334,0.0,0.0,-0.6080498657513609,-0.6627016124022274,-0.05465174665086647
guiscrcpy,2021-04-12T16:26:57.193Z,2,2,1,1,1,3,1,3,0,0,2,1,1,2,2,3,1,1.75,1.5,0.8864052604279183,0.9258200997725514,-0.25,-0.14285714285714285,0.06926406926406926,0.253968253968254,0.0,0.0,-0.28284329977065037,-0.3771532773179948,-0.09430997754734444
interview,2021-07-15T16:04:02.688Z,0,2,1,0,3,1,0,0,0,0,3,0,0,0,0,0,2,0.875,0.625,1.1259916264596033,1.1877349391654206,-0.25,-0.2857142857142857,0.032863849765258225,0.0006027727546714892,0.0,0.0,-0.5104878959571477,-0.5770371118769576,-0.06654921591980989
pelias,2020-08-30T01:45:39.372Z,1,1,0,0,1,2,0,0,1,0,0,0,1,1,1,0,0,0.625,0.375,0.7440238091428449,0.5175491695067657,-0.25,-0.4,0.03840245775729646,0.028571428571428577,0.0,0.0,-0.5755292091532899,-0.6341467788938041,-0.05861756974051424
deep-cover,2021-07-08T09:26:34.383Z,0,0,3,0,0,0,0,0,0,0,0,0,0,0,0,1,0,0.375,0.125,1.0606601717798212,0.3535533905932738,-0.25,-0.6666666666666666,0.061224489795918366,0.1700680272108843,0.0,0.0,-0.6405705223494319,-0.6912564459106506,-0.050685923561218704
go-app,2020-09-01T16:06:57.838Z,0,2,3,2,1,1,1,1,1,0,1,3,1,1,2,1,0,1.375,1.125,0.9161253813129042,0.9910312089651149,-0.25,-0.18181818181818182,0.025329280648429587,0.007792207792207791,0.0,0.0,-0.38040526956486354,-0.46281777784326456,-0.08241250827840102
substats,2021-07-10T09:21:56.643Z,2,2,0,0,0,0,0,0,0,0,0,0,0,0,1,1,0,0.5,0.25,0.9258200997725514,0.4629100498862757,-0.25,-0.5,0.5714285714285715,0.253968253968254,0.0,0.0,-0.6080498657513609,-0.6627016124022274,-0.05465174665086647
sollet,2021-12-07T13:34:52.079Z,1,0,0,0,1,0,0,0,0,0,0,0,0,0,0,0,0,0.25,0.0,0.4629100498862757,0.0,-0.25,-1.0,0.14285714285714288,0.0,0.0,0.0,-0.673091178947503,-0.7198112794190739,-0.046720100471570825
sunglasses4gh,2021-05-03T15:08:24.663Z,0,0,0,0,2,0,1,0,2,1,0,0,0,0,0,0,0,0.375,0.125,0.7440238091428449,0.3535533905932738,-0.25,-0.6666666666666666,0.0752688172043011,0.3333333333333334,0.0,0.0,-0.6405705223494319,-0.6912564459106506,-0.050685923561218704
substats,2021-07-10T09:21:56.643Z,2,2,0,0,0,0,0,0,0,0,0,0,0,0,1,1,0,0.5,0.25,0.9258200997725514,0.4629100498862757,-0.25,-0.5,0.5714285714285715,0.253968253968254,0.0,0.0,-0.6080498657513609,-0.6627016124022274,-0.05465174665086647
openipc,2020-03-07T22:34:41.601Z,0,0,1,0,1,1,1,0,0,0,1,0,0,0,0,1,0,0.5,0.25,0.5345224838248488,0.4629100498862757,-0.25,-0.5,0.10714285714285716,0.0,0.0,0.0,-0.6080498657513609,-0.6627016124022274,-0.05465174665086647
westpa,2021-09-01T17:06:53.041Z,2,5,6,1,2,0,2,1,4,2,3,4,3,0,1,1,3,2.375,2.125,2.0658792662827956,1.3562026818605375,-0.25,-0.10526315789473684,0.30304841601912735,0.10402219140083219,0.0,0.0,-0.1202400167802951,-0.23437910977587853,-0.11413909299558343
instantos,2022-08-16T20:02:52.360Z,1,2,1,1,0,0,0,1,0,1,0,1,1,0,0,1,0,0.75,0.5,0.7071067811865476,0.5345224838248488,-0.25,-0.3333333333333333,0.3333333333333334,0.10714285714285716,0.0,0.0,-0.5430085525552187,-0.6055919453853809,-0.06258339283016212
hoplon,2019-07-07T14:29:33.460Z,0,1,1,0,0,1,0,1,1,0,0,1,0,0,1,0,0,0.5,0.25,0.5345224838248488,0.4629100498862757,-0.25,-0.5,0.011904761904761906,0.0,0.0,0.0,-0.6080498657513609,-0.6627016124022274,-0.05465174665086647
hoplon,2019-07-07T14:29:33.460Z,0,1,1,0,0,1,0,1,1,0,0,1,0,0,1,0,0,0.5,0.25,0.5345224838248488,0.4629100498862757,-0.25,-0.5,0.011904761904761906,0.0,0.0,0.0,-0.6080498657513609,-0.6627016124022274,-0.05465174665086647
exchangeratehost,2021-04-09T16:40:50.520Z,2,2,1,2,0,2,1,2,1,2,1,0,2,2,2,1,0,1.5,1.25,0.7559289460184544,0.8864052604279183,-0.25,-0.16666666666666666,0.02380952380952382,0.06926406926406926,0.0,0.0,-0.34788461296679246,-0.4342629443348413,-0.08637833136804884
hoplon,2019-07-07T14:29:33.460Z,0,1,1,0,0,1,0,1,1,0,0,1,0,0,1,0,0,0.5,0.25,0.5345224838248488,0.4629100498862757,-0.25,-0.5,0.011904761904761906,0.0,0.0,0.0,-0.6080498657513609,-0.6627016124022274,-0.05465174665086647
tesseractjs,2019-11-27T06:09:35.242Z,0,0,2,5,5,2,3,2,4,6,1,2,2,1,2,2,1,2.375,2.125,1.922609833384967,1.6420805617960925,-0.25,-0.10526315789473684,0.19346675868415003,0.3030589719331442,0.0,0.0,-0.1202400167802951,-0.23437910977587853,-0.11413909299558343
infection,2020-10-18T21:02:34.553Z,9,4,4,1,3,2,5,2,6,6,6,3,4,3,2,3,1,3.75,3.5,2.4928469095164494,1.7728105208558367,-0.25,-0.06666666666666667,0.3152709359605913,0.788961038961039,0.0,0.0,0.23748720579848648,0.07972405881677726,-0.15776314698170923
pxls,2024-04-19T13:28:41.947Z,1,2,1,2,1,0,2,1,0,0,5,0,1,2,0,0,0,1.25,1.0,0.7071067811865476,1.7728105208558367,-0.25,-0.2,0.027210884353741496,0.15584415584415587,0.0,0.0,-0.41292592616293455,-0.4913726113516878,-0.07844668518875325
modulestf,2019-06-08T14:48:53.633Z,1,1,0,0,2,1,1,0,1,1,0,0,1,1,1,0,0,0.75,0.5,0.7071067811865476,0.5345224838248488,-0.25,-0.3333333333333333,0.006802721088435374,0.04761904761904762,0.0,0.0,-0.5430085525552187,-0.6055919453853809,-0.06258339283016212
x6,2021-07-06T14:59:04.145Z,9,9,6,5,7,5,6,5,7,6,8,6,6,7,6,5,6,6.5,6.25,1.6903085094570331,0.8864052604279183,-0.25,-0.038461538461538464,0.5761904761904763,0.21212121212121215,0.0,0.0,0.9529416509560497,0.7079303960020888,-0.2450112549539608
kuma-ui,2023-08-05T18:49:07.371Z,0,0,0,1,4,5,10,19,14,8,10,7,5,5,2,0,0,4.875,4.625,6.685538764484772,3.7008686239082538,-0.25,-0.05128205128205128,0.7686205125278238,0.9089836716955363,0.0,0.0,0.530173115181126,0.33671756039258655,-0.19345555478853943
github-trending-api,2020-01-09T07:23:58.074Z,1,3,2,0,3,3,1,1,0,1,2,3,1,2,1,0,2,1.75,1.5,1.1649647450214349,0.9258200997725514,-0.25,-0.14285714285714285,0.010025062656641607,0.0634920634920635,0.0,0.0,-0.28284329977065037,-0.3771532773179948,-0.09430997754734444
cglm,2020-06-06T08:58:38.362Z,2,2,0,2,1,4,4,1,1,1,3,1,1,4,1,1,2,2.0,1.75,1.4142135623730951,1.1649647450214349,-0.25,-0.125,0.08333333333333336,0.0,0.0,0.0,-0.21780198657450825,-0.3200436103011483,-0.10224162372664006
cglm,2020-06-06T08:58:38.362Z,2,2,0,2,1,4,4,1,1,1,3,1,1,4,1,1,2,2.0,1.75,1.4142135623730951,1.1649647450214349,-0.25,-0.125,0.08333333333333336,0.0,0.0,0.0,-0.21780198657450825,-0.3200436103011483,-0.10224162372664006
magnify,2021-07-22T05:35:22.552Z,0,1,0,1,1,0,2,1,0,1,0,1,1,0,1,0,0,0.75,0.5,0.7071067811865476,0.5345224838248488,-0.25,-0.3333333333333333,0.24489795918367346,0.1904761904761905,0.0,0.0,-0.5430085525552187,-0.6055919453853809,-0.06258339283016212
gowechat,2021-07-22T03:11:36.857Z,3,1,1,5,1,4,2,4,3,4,8,1,1,2,2,1,0,2.625,2.375,1.5979898086569353,2.5599944196367748,-0.25,-0.09523809523809523,0.09623709623709624,0.4516673154275337,0.0,0.0,-0.055198703584153,-0.17726944275903203,-0.12207073917487904
britechartsorg,2021-10-06T13:51:25.105Z,0,0,0,3,0,0,0,1,3,1,0,0,0,1,0,0,0,0.5,0.25,1.0690449676496976,0.4629100498862757,-0.25,-0.5,0.011904761904761906,0.14285714285714288,0.0,0.0,-0.6080498657513609,-0.6627016124022274,-0.05465174665086647
keeweb,2019-09-07T20:12:21.594Z,2,3,3,1,0,0,0,1,0,2,1,1,1,1,1,0,1,1.25,1.0,1.2817398889233114,0.5345224838248488,-0.25,-0.2,0.5300207039337476,0.42857142857142866,0.0,0.0,-0.41292592616293455,-0.4913726113516878,-0.07844668518875325
jsdelivr,2021-11-01T16:20:04.098Z,0,2,0,0,1,1,2,1,0,0,0,2,0,1,0,1,1,0.875,0.625,0.8345229603962802,0.7440238091428449,-0.25,-0.2857142857142857,0.14774114774114777,0.0752688172043011,0.0,0.0,-0.5104878959571477,-0.5770371118769576,-0.06654921591980989
sunglasses4gh,2021-05-03T15:08:24.663Z,0,0,0,0,2,0,1,0,2,1,0,0,0,0,0,0,0,0.375,0.125,0.7440238091428449,0.3535533905932738,-0.25,-0.6666666666666666,0.0752688172043011,0.3333333333333334,0.0,0.0,-0.6405705223494319,-0.6912564459106506,-0.050685923561218704
soupault,2022-01-27T02:33:46.391Z,2,1,1,1,1,2,1,1,1,1,1,1,1,1,1,1,1,1.25,1.0,0.4629100498862757,0.0,-0.25,-0.2,0.0634920634920635,0.0,0.0,0.0,-0.41292592616293455,-0.4913726113516878,-0.07844668518875325
educode,2019-09-02T16:55:03.932Z,0,0,0,0,0,2,0,0,0,0,0,0,0,0,0,0,0,0.25,0.0,0.7071067811865476,0.0,-0.25,-1.0,0.061224489795918366,0.0,0.0,0.0,-0.673091178947503,-0.7198112794190739,-0.046720100471570825
educode,2019-09-02T16:55:03.932Z,0,0,0,0,0,2,0,0,0,0,0,0,0,0,0,0,0,0.25,0.0,0.7071067811865476,0.0,-0.25,-1.0,0.061224489795918366,0.0,0.0,0.0,-0.673091178947503,-0.7198112794190739,-0.046720100471570825
github-trending-api,2020-01-09T07:23:58.074Z,1,3,2,0,3,3,1,1,0,1,2,3,1,2,1,0,2,1.75,1.5,1.1649647450214349,0.9258200997725514,-0.25,-0.14285714285714285,0.010025062656641607,0.0634920634920635,0.0,0.0,-0.28284329977065037,-0.3771532773179948,-0.09430997754734444
pomoday-project,2021-07-19T01:32:34.252Z,0,0,0,1,3,0,0,0,0,0,0,0,0,2,0,0,0,0.5,0.25,1.0690449676496976,0.7071067811865476,-0.25,-0.5,0.0029761904761904765,0.006802721088435374,0.0,0.0,-0.6080498657513609,-0.6627016124022274,-0.05465174665086647
questgenai,2021-06-25T12:41:11.035Z,0,0,1,0,1,1,0,1,0,1,0,1,0,0,0,0,0,0.5,0.25,0.5345224838248488,0.4629100498862757,-0.25,-0.5,0.1904761904761905,0.3968253968253968,0.0,0.0,-0.6080498657513609,-0.6627016124022274,-0.05465174665086647
panda3d,2019-02-27T19:41:06.200Z,7,4,6,6,6,6,8,12,4,14,9,4,6,4,5,7,4,6.875,6.625,2.3566016694748027,3.461523198989551,-0.25,-0.03636363636363636,0.46317562394732836,0.4429068199560003,0.0,0.0,1.0505036207502627,0.7935948965273586,-0.2569087242229041
redom,2018-03-05T09:31:25.793Z,3,1,3,1,1,1,2,2,0,4,1,0,3,1,1,1,1,1.75,1.5,0.8864052604279183,1.3093073414159542,-0.25,-0.14285714285714285,0.06926406926406926,0.1984126984126984,0.0,0.0,-0.28284329977065037,-0.3771532773179948,-0.09430997754734444
helio-workstation,2020-02-08T13:26:48.202Z,1,2,2,1,1,1,1,1,1,1,1,1,1,1,1,1,1,1.25,1.0,0.4629100498862757,0.0,-0.25,-0.2,0.253968253968254,0.0,0.0,0.0,-0.41292592616293455,-0.4913726113516878,-0.07844668518875325
pep8speaks,2021-06-15T04:15:40.695Z,0,0,1,0,1,0,0,0,0,0,0,0,0,0,0,0,0,0.25,0.0,0.4629100498862757,0.0,-0.25,-1.0,0.015873015873015876,0.0,0.0,0.0,-0.673091178947503,-0.7198112794190739,-0.046720100471570825
wikijs,2017-10-05T09:09:44.735Z,1,1,2,1,1,1,2,1,3,1,1,1,1,1,1,1,1,1.25,1.0,0.4629100498862757,0.0,-0.25,-0.2,0.015873015873015876,0.0,0.0,0.0,-0.41292592616293455,-0.4913726113516878,-0.07844668518875325
php-service-bus,2019-08-02T19:50:14.265Z,1,1,1,1,0,0,0,1,0,0,0,0,1,1,0,0,0,0.625,0.25,0.5175491695067657,0.4629100498862757,-0.375,-0.6,0.2571428571428572,0.0,0.0,0.0,-0.5755292091532899,-0.6627016124022274,-0.08717240324893749
frontpage,2024-10-24T23:06:09.659Z,0,0,0,2,6,2,2,4,6,4,1,1,1,2,2,1,1,2.0,1.625,2.138089935299395,1.0606601717798212,-0.375,-0.1875,0.42857142857142866,0.2184429327286471,0.0,0.0,-0.21780198657450825,-0.34859844380957156,-0.1307964572350633
txthinking-mr2,2019-12-29T11:41:01.512Z,1,3,1,0,0,0,0,0,2,0,1,1,0,0,0,0,0,0.625,0.25,1.0606601717798212,0.4629100498862757,-0.375,-0.6,0.47241118669690113,0.253968253968254,0.0,0.0,-0.5755292091532899,-0.6627016124022274,-0.08717240324893749
selenium-jupiter,2019-09-16T17:47:57.584Z,1,1,1,2,1,1,2,1,1,2,2,0,1,0,0,0,2,1.25,0.875,0.4629100498862757,0.9910312089651149,-0.375,-0.3,0.0634920634920635,0.10476190476190475,0.0,0.0,-0.41292592616293455,-0.519927444860111,-0.10700151869717645
thelounge,2018-03-26T18:32:27.641Z,5,8,7,9,7,9,4,7,11,7,8,8,11,7,6,3,3,7.0,6.625,1.7728105208558367,2.669269563007828,-0.375,-0.05357142857142857,0.0010822510822510823,0.47368421052631576,0.0,0.0,1.0830242773483336,0.7935948965273586,-0.289429380820975
frontpage,2024-10-24T23:06:09.659Z,0,0,0,2,6,2,2,4,6,4,1,1,1,2,2,1,1,2.0,1.625,2.138089935299395,1.0606601717798212,-0.375,-0.1875,0.42857142857142866,0.2184429327286471,0.0,0.0,-0.21780198657450825,-0.34859844380957156,-0.1307964572350633
jekyll-spaceship,2021-07-15T06:50:55.878Z,1,1,1,1,1,1,0,1,1,1,1,1,1,0,0,0,0,0.875,0.5,0.3535533905932738,0.5345224838248488,-0.375,-0.42857142857142855,0.1700680272108843,0.761904761904762,0.0,0.0,-0.5104878959571477,-0.6055919453853809,-0.09510404942823314
logchimp,2021-07-20T19:08:32.616Z,2,2,2,2,2,2,2,2,2,2,2,2,2,1,2,0,2,2.0,1.625,0.0,0.7440238091428449,-0.375,-0.1875,0.0,0.18586789554531497,0.0,0.0,-0.21780198657450825,-0.34859844380957156,-0.1307964572350633
formatjs,2022-08-08T09:25:26.399Z,3,3,1,7,7,7,5,3,4,5,6,2,2,5,4,2,7,4.5,4.125,2.3299294900428698,1.9594095320493146,-0.375,-0.08333333333333333,0.1228070175438597,0.001993355481727575,0.0,0.0,0.43261114538691275,0.22249822635889352,-0.21011291902801923
geostyler,2023-05-23T06:54:52.580Z,2,0,7,4,5,2,3,4,10,9,4,2,1,0,3,4,1,3.375,3.0,2.1339098923270936,2.8284271247461903,-0.375,-0.1111111111111111,0.04201680672268909,0.30994897959183676,0.0,0.0,0.1399252360042733,-0.034495275216915755,-0.17442051122118907
oatpp,2020-08-25T00:50:38.141Z,3,3,1,2,2,3,3,4,2,3,1,2,2,3,4,1,2,2.625,2.25,0.9161253813129042,1.0350983390135313,-0.375,-0.14285714285714285,0.17122593718338402,0.0,0.0,0.0,-0.055198703584153,-0.20582427626745528,-0.1506255726833023
frontpage,2024-10-24T23:06:09.659Z,0,0,0,2,6,2,2,4,6,4,1,1,1,2,2,1,1,2.0,1.625,2.138089935299395,1.0606601717798212,-0.375,-0.1875,0.42857142857142866,0.2184429327286471,0.0,0.0,-0.21780198657450825,-0.34859844380957156,-0.1307964572350633
flatgeobuf,2021-05-10T18:01:04.938Z,1,1,3,3,3,4,1,3,2,2,1,2,2,2,4,2,1,2.375,2.0,1.1877349391654206,0.9258200997725514,-0.375,-0.15789473684210525,0.1742013261000603,0.015873015873015876,0.0,0.0,-0.1202400167802951,-0.26293394328430175,-0.14269392650400664
mixxx,2020-09-22T23:25:19.148Z,12,11,16,13,13,12,10,12,12,10,12,15,14,12,10,12,11,12.375,12.0,1.7677669529663689,1.7728105208558367,-0.375,-0.030303030303030304,0.07863945578231292,0.02705627705627705,0.0,0.0,2.481412511065389,2.0214527373895583,-0.4599597736758305
jrnl,2020-03-11T04:05:38.015Z,4,6,4,2,7,4,6,8,8,6,9,4,4,5,3,4,3,5.125,4.75,1.9594095320493146,1.9820624179302297,-0.375,-0.07317073170731707,0.2411960132890366,0.49870129870129865,0.0,0.0,0.595214428377268,0.3652723939010098,-0.22994203447625822
nodejieba,2021-07-19T11:55:42.274Z,2,0,0,0,2,2,0,0,0,0,0,0,0,0,2,1,0,0.75,0.375,1.0350983390135313,0.7440238091428449,-0.375,-0.5,0.028571428571428577,0.18586789554531497,0.0,0.0,-0.5430085525552187,-0.6341467788938041,-0.09113822633858537
chinachu,2020-07-11T08:39:45.245Z,0,0,0,1,0,0,1,2,0,0,0,0,0,1,0,0,0,0.5,0.125,0.7559289460184544,0.3535533905932738,-0.375,-0.75,0.4821428571428571,0.006802721088435374,0.0,0.0,-0.6080498657513609,-0.6912564459106506,-0.08320658015928972
wp-graphql,2019-03-28T18:45:27.637Z,5,3,4,4,4,6,5,5,6,4,4,3,4,4,3,3,8,4.5,4.125,0.9258200997725514,1.6420805617960925,-0.375,-0.08333333333333333,0.253968253968254,0.1668243456322927,0.0,0.0,0.43261114538691275,0.22249822635889352,-0.21011291902801923
jsstore,2020-05-16T11:14:04.256Z,1,2,1,1,1,1,1,0,1,1,1,0,0,1,1,1,0,1.0,0.625,0.5345224838248488,0.5175491695067657,-0.375,-0.375,0.42857142857142866,0.028571428571428577,0.0,0.0,-0.47796723935907665,-0.5770371118769576,-0.09906987251788096
zoneminder,2021-05-07T11:21:04.131Z,4,2,4,4,5,4,2,3,4,5,2,4,6,3,1,2,2,3.5,3.125,1.0690449676496976,1.7268882005337973,-0.375,-0.10714285714285714,0.02678571428571429,0.3105218135158256,0.0,0.0,0.17244589260234436,-0.005940441708492503,-0.17838633431083686
ng-alain,2021-02-03T02:09:46.487Z,2,2,1,1,1,1,3,1,2,1,1,1,1,1,1,1,2,1.5,1.125,0.7559289460184544,0.3535533905932738,-0.375,-0.25,0.005952380952380955,0.3333333333333334,0.0,0.0,-0.34788461296679246,-0.46281777784326456,-0.1149331648764721
thegorgeouslogin,2019-10-28T23:42:08.451Z,0,0,0,0,1,1,0,1,0,0,0,0,0,0,0,0,0,0.375,0.0,0.5175491695067657,0.0,-0.375,-1.0,0.38412698412698415,0.0,0.0,0.0,-0.6405705223494319,-0.7198112794190739,-0.07924075706964195
mariadb4j,2023-05-11T15:05:14.870Z,3,2,2,2,1,2,4,2,2,2,1,1,5,2,2,1,1,2.25,1.875,0.8864052604279183,1.3562026818605375,-0.375,-0.16666666666666666,0.004329004329004329,0.0226537216828479,0.0,0.0,-0.15276067337836616,-0.29148877679272506,-0.1387281034143589
phoenix-ide,2023-07-17T13:59:53.677Z,1,2,4,4,2,1,1,1,3,0,1,3,2,2,2,2,1,2.0,1.625,1.3093073414159542,0.9161253813129042,-0.375,-0.1875,0.12698412698412703,0.08206686930091188,0.0,0.0,-0.21780198657450825,-0.34859844380957156,-0.1307964572350633
jekyll-spaceship,2021-07-15T06:50:55.878Z,1,1,1,1,1,1,0,1,1,1,1,1,1,0,0,0,0,0.875,0.5,0.3535533905932738,0.5345224838248488,-0.375,-0.42857142857142855,0.1700680272108843,0.761904761904762,0.0,0.0,-0.5104878959571477,-0.6055919453853809,-0.09510404942823314
tenzing,2022-04-22T16:15:04.260Z,3,1,0,1,0,0,0,0,0,1,1,0,0,0,0,0,0,0.625,0.25,1.0606601717798212,0.4629100498862757,-0.375,-0.6,0.5510204081632654,0.5714285714285715,0.0,0.0,-0.5755292091532899,-0.6627016124022274,-0.08717240324893749
txthinking-mr2,2019-12-29T11:41:01.512Z,1,3,1,0,0,0,0,0,2,0,1,1,0,0,0,0,0,0.625,0.25,1.0606601717798212,0.4629100498862757,-0.375,-0.6,0.47241118669690113,0.253968253968254,0.0,0.0,-0.5755292091532899,-0.6627016124022274,-0.08717240324893749
phoenix-ide,2023-07-17T13:59:53.677Z,1,2,4,4,2,1,1,1,3,0,1,3,2,2,2,2,1,2.0,1.625,1.3093073414159542,0.9161253813129042,-0.375,-0.1875,0.12698412698412703,0.08206686930091188,0.0,0.0,-0.21780198657450825,-0.34859844380957156,-0.1307964572350633
twtxt,2021-02-21T15:47:14.857Z,0,1,1,1,0,0,0,1,1,0,0,0,0,1,0,0,0,0.5,0.125,0.5345224838248488,0.3535533905932738,-0.375,-0.75,0.011904761904761906,0.006802721088435374,0.0,0.0,-0.6080498657513609,-0.6912564459106506,-0.08320658015928972
php-service-bus,2019-08-02T19:50:14.265Z,1,1,1,1,0,0,0,1,0,0,0,0,1,1,0,0,0,0.625,0.25,0.5175491695067657,0.4629100498862757,-0.375,-0.6,0.2571428571428572,0.0,0.0,0.0,-0.5755292091532899,-0.6627016124022274,-0.08717240324893749
chaoss-africa,2023-05-04T16:04:26.507Z,1,2,0,0,0,0,0,0,0,0,0,0,0,0,0,0,0,0.375,0.0,0.7440238091428449,0.0,-0.375,-1.0,0.4439324116743472,0.0,0.0,0.0,-0.6405705223494319,-0.7198112794190739,-0.07924075706964195
ebitengine,2022-12-06T04:57:37.774Z,2,2,1,6,5,5,4,3,1,3,6,2,4,2,2,3,3,3.5,3.125,1.7728105208558367,1.3562026818605375,-0.375,-0.10714285714285714,0.21212121212121215,0.13361072584373557,0.0,0.0,0.17244589260234436,-0.005940441708492503,-0.17838633431083686
flatgeobuf,2021-05-10T18:01:04.938Z,1,1,3,3,3,4,1,3,2,2,1,2,2,2,4,2,1,2.375,2.0,1.1877349391654206,0.9258200997725514,-0.375,-0.15789473684210525,0.1742013261000603,0.015873015873015876,0.0,0.0,-0.1202400167802951,-0.26293394328430175,-0.14269392650400664
iris,2018-01-04T22:07:51.572Z,3,1,4,3,5,5,7,7,4,6,6,5,5,1,2,3,4,4.375,4.0,2.0658792662827956,1.8516401995451028,-0.375,-0.08571428571428572,0.7907949790794981,0.43750000000000017,0.0,0.0,0.40009048878884174,0.19394339285047027,-0.20614709593837147
monotorrent,2020-02-03T15:58:10.734Z,1,2,1,4,1,2,2,5,2,3,2,2,2,1,1,2,2,2.25,1.875,1.4880476182856899,0.6408699444616557,-0.375,-0.16666666666666666,0.3010752688172044,0.25051759834368537,0.0,0.0,-0.15276067337836616,-0.29148877679272506,-0.1387281034143589
ebitengine,2022-12-06T04:57:37.774Z,2,2,1,6,5,5,4,3,1,3,6,2,4,2,2,3,3,3.5,3.125,1.7728105208558367,1.3562026818605375,-0.375,-0.10714285714285714,0.21212121212121215,0.13361072584373557,0.0,0.0,0.17244589260234436,-0.005940441708492503,-0.17838633431083686
zookeeper-docker,2021-08-02T05:28:06.280Z,0,0,1,0,1,2,0,0,1,0,0,0,0,0,0,1,0,0.5,0.125,0.7559289460184544,0.3535533905932738,-0.375,-0.75,0.02380952380952382,0.1700680272108843,0.0,0.0,-0.6080498657513609,-0.6912564459106506,-0.08320658015928972
biojulia,2018-02-26T09:51:22.580Z,1,0,3,0,0,0,0,0,0,0,1,0,0,0,0,0,0,0.5,0.125,1.0690449676496976,0.3535533905932738,-0.375,-0.75,0.1904761904761905,0.1700680272108843,0.0,0.0,-0.6080498657513609,-0.6912564459106506,-0.08320658015928972
pokeapi,2019-07-10T22:53:14.184Z,1,1,2,1,1,1,0,1,0,1,1,0,1,2,0,0,0,1.0,0.625,0.5345224838248488,0.7440238091428449,-0.375,-0.375,0.1904761904761905,0.18586789554531497,0.0,0.0,-0.47796723935907665,-0.5770371118769576,-0.09906987251788096
bundle,2022-03-14T19:24:48.229Z,1,2,4,1,1,1,1,2,2,2,2,1,1,1,1,1,1,1.625,1.25,1.0606601717798212,0.4629100498862757,-0.375,-0.23076923076923078,0.03703703703703705,0.5714285714285715,0.0,0.0,-0.3153639563687214,-0.4342629443348413,-0.11889898796611992
miso,2020-01-17T05:49:31.450Z,1,3,2,1,2,3,2,3,0,2,4,1,1,2,2,1,1,2.125,1.75,0.8345229603962802,1.0350983390135313,-0.375,-0.17647058823529413,0.20634920634920634,0.2571428571428572,0.0,0.0,-0.1852813299764372,-0.3200436103011483,-0.1347622803247111
spiral-collective,2021-04-05T05:11:42.706Z,1,1,1,1,1,2,1,1,1,1,1,1,1,1,0,1,0,1.125,0.75,0.3535533905932738,0.4629100498862757,-0.375,-0.3333333333333333,0.061224489795918366,0.3968253968253968,0.0,0.0,-0.4454465827610056,-0.5484822783685344,-0.10303569560752873
phalcon,2017-03-27T19:12:02.048Z,8,4,5,3,4,5,4,5,4,4,2,5,5,6,4,5,4,4.75,4.375,1.4880476182856899,1.1877349391654206,-0.375,-0.07894736842105263,0.15360983102918585,0.10186859553948165,0.0,0.0,0.4976524585830549,0.27960789337574005,-0.21804456520731486
passwordless,2019-08-09T09:47:37.133Z,4,2,2,2,1,0,1,5,2,7,3,0,0,1,0,2,1,2.125,1.75,1.6420805617960925,2.3754698783308412,-0.375,-0.17647058823529413,0.007883948281299274,0.31886678722121775,0.0,0.0,-0.1852813299764372,-0.3200436103011483,-0.1347622803247111
vajrahackingasdfg,2021-03-15T18:32:33.161Z,0,0,0,1,0,1,1,0,1,0,0,0,0,0,0,0,0,0.375,0.0,0.5175491695067657,0.0,-0.375,-1.0,0.1555555555555556,0.0,0.0,0.0,-0.6405705223494319,-0.7198112794190739,-0.07924075706964195
bundle,2022-03-14T19:24:48.229Z,1,2,4,1,1,1,1,2,2,2,2,1,1,1,1,1,1,1.625,1.25,1.0606601717798212,0.4629100498862757,-0.375,-0.23076923076923078,0.03703703703703705,0.5714285714285715,0.0,0.0,-0.3153639563687214,-0.4342629443348413,-0.11889898796611992
nest-cloud,2020-02-22T23:12:07.968Z,1,0,1,1,0,0,2,0,0,1,0,0,0,0,1,0,0,0.625,0.25,0.7440238091428449,0.4629100498862757,-0.375,-0.6,0.001536098310291859,0.0634920634920635,0.0,0.0,-0.5755292091532899,-0.6627016124022274,-0.08717240324893749
botamusique,2021-09-13T21:19:45.415Z,2,2,2,2,4,0,0,2,1,1,1,1,5,0,3,0,0,1.75,1.375,1.2817398889233114,1.7677669529663689,-0.375,-0.21428571428571427,0.10144927536231889,0.03292517006802721,0.0,0.0,-0.28284329977065037,-0.40570811082641806,-0.12286481105576769
arbor-chat,2021-05-10T02:34:47.850Z,2,0,1,0,0,0,0,0,0,0,0,0,0,0,0,0,0,0.375,0.0,0.7440238091428449,0.0,-0.375,-1.0,0.4439324116743472,0.0,0.0,0.0,-0.6405705223494319,-0.7198112794190739,-0.07924075706964195
jsstore,2020-05-16T11:14:04.256Z,1,2,1,1,1,1,1,0,1,1,1,0,0,1,1,1,0,1.0,0.625,0.5345224838248488,0.5175491695067657,-0.375,-0.375,0.42857142857142866,0.028571428571428577,0.0,0.0,-0.47796723935907665,-0.5770371118769576,-0.09906987251788096
ebitengine,2022-12-06T04:57:37.774Z,2,2,1,6,5,5,4,3,1,3,6,2,4,2,2,3,3,3.5,3.125,1.7728105208558367,1.3562026818605375,-0.375,-0.10714285714285714,0.21212121212121215,0.13361072584373557,0.0,0.0,0.17244589260234436,-0.005940441708492503,-0.17838633431083686
extenject,2018-08-17T08:24:51.603Z,4,3,2,3,3,1,1,2,2,3,2,1,2,1,4,1,2,2.375,2.0,1.0606601717798212,1.0690449676496976,-0.375,-0.15789473684210525,0.5510204081632654,0.011904761904761906,0.0,0.0,-0.1202400167802951,-0.26293394328430175,-0.14269392650400664
extenject,2018-08-17T08:24:51.603Z,4,3,2,3,3,1,1,2,2,3,2,1,2,1,4,1,2,2.375,2.0,1.0606601717798212,1.0690449676496976,-0.375,-0.15789473684210525,0.5510204081632654,0.011904761904761906,0.0,0.0,-0.1202400167802951,-0.26293394328430175,-0.14269392650400664
retrospring,2023-01-30T18:00:47.887Z,1,3,4,4,4,4,5,4,4,4,3,3,4,3,2,4,3,3.625,3.25,1.1877349391654206,0.7071067811865476,-0.375,-0.10344827586206896,0.5792646172393009,0.061224489795918366,0.0,0.0,0.2049665492004154,0.02261439179993075,-0.18235215740048466
ebitengine,2022-12-06T04:57:37.774Z,2,2,1,6,5,5,4,3,1,3,6,2,4,2,2,3,3,3.5,3.125,1.7728105208558367,1.3562026818605375,-0.375,-0.10714285714285714,0.21212121212121215,0.13361072584373557,0.0,0.0,0.17244589260234436,-0.005940441708492503,-0.17838633431083686
autospotting,2021-07-15T11:44:34.204Z,4,0,1,0,1,2,2,1,1,1,2,1,1,1,1,1,0,1.375,1.0,1.3024701806293193,0.5345224838248488,-0.375,-0.2727272727272727,0.024561403508771933,0.42857142857142866,0.0,0.0,-0.38040526956486354,-0.4913726113516878,-0.11096734178682427
ebitengine,2022-12-06T04:57:37.774Z,2,2,1,6,5,5,4,3,1,3,6,2,4,2,2,3,3,3.5,3.125,1.7728105208558367,1.3562026818605375,-0.375,-0.10714285714285714,0.21212121212121215,0.13361072584373557,0.0,0.0,0.17244589260234436,-0.005940441708492503,-0.17838633431083686
bundle,2022-03-14T19:24:48.229Z,1,2,4,1,1,1,1,2,2,2,2,1,1,1,1,1,1,1.625,1.25,1.0606601717798212,0.4629100498862757,-0.375,-0.23076923076923078,0.03703703703703705,0.5714285714285715,0.0,0.0,-0.3153639563687214,-0.4342629443348413,-0.11889898796611992
sorry-cypress,2020-11-03T02:10:05.590Z,1,5,4,2,4,5,6,10,5,6,6,2,3,5,5,2,5,4.625,4.25,2.7222627143085005,1.6690459207925603,-0.375,-0.08108108108108109,0.6114744693057947,0.07814407814407817,0.0,0.0,0.46513180198498383,0.2510530598673168,-0.21407874211766703
tsed,2018-03-14T13:56:31.211Z,1,1,5,3,1,2,4,1,4,2,3,4,1,2,3,0,0,2.25,1.875,1.5811388300841898,1.4577379737113252,-0.375,-0.16666666666666666,0.0054421768707483,0.38455382152861134,0.0,0.0,-0.15276067337836616,-0.29148877679272506,-0.1387281034143589
imask,2019-07-26T11:14:11.957Z,1,1,1,2,1,2,3,4,1,2,3,0,1,2,1,1,2,1.875,1.5,1.1259916264596033,0.9258200997725514,-0.375,-0.2,0.7303822937625756,0.03571428571428572,0.0,0.0,-0.2503226431725793,-0.3771532773179948,-0.1268306341454155
thegorgeouslogin,2019-10-28T23:42:08.451Z,0,0,0,0,1,1,0,1,0,0,0,0,0,0,0,0,0,0.375,0.0,0.5175491695067657,0.0,-0.375,-1.0,0.38412698412698415,0.0,0.0,0.0,-0.6405705223494319,-0.7198112794190739,-0.07924075706964195
vite-electron-builder,2021-08-03T02:20:46.404Z,2,4,4,4,3,4,2,2,3,2,4,6,2,5,2,1,0,3.125,2.75,0.9910312089651149,2.052872551885702,-0.375,-0.12,0.10476190476190475,0.29136400322841005,0.0,0.0,0.0748839228081312,-0.09160494223376225,-0.16648886504189347
owasp-crs,2021-01-04T14:31:47.525Z,11,10,5,5,5,6,4,7,8,6,7,3,9,6,7,6,6,6.625,6.25,2.5599944196367748,1.6690459207925603,-0.375,-0.05660377358490566,0.39250032438043353,0.004884004884004886,0.0,0.0,0.9854623075541207,0.7079303960020888,-0.27753191155203183
discord4j,2020-08-11T00:12:24.934Z,4,3,4,4,7,7,5,6,6,3,4,4,5,2,5,8,6,5.0,4.625,1.5118578920369088,1.8468119248354136,-0.375,-0.075,0.4821428571428571,0.41909748192470714,0.0,0.0,0.562693771779197,0.33671756039258655,-0.22597621138661045
sweet-alert,2020-09-15T16:24:19.968Z,2,1,1,0,0,2,2,0,2,0,1,1,1,1,0,0,1,1.0,0.625,0.9258200997725514,0.5175491695067657,-0.375,-0.375,0.03571428571428572,0.003174603174603175,0.0,0.0,-0.47796723935907665,-0.5770371118769576,-0.09906987251788096
sweet-alert,2020-09-15T16:24:19.968Z,2,1,1,0,0,2,2,0,2,0,1,1,1,1,0,0,1,1.0,0.625,0.9258200997725514,0.5175491695067657,-0.375,-0.375,0.03571428571428572,0.003174603174603175,0.0,0.0,-0.47796723935907665,-0.5770371118769576,-0.09906987251788096
dfir-iris,2023-07-05T09:22:50.409Z,2,1,3,1,1,6,5,3,2,1,1,1,2,3,2,4,5,2.75,2.375,1.9086270308410553,1.5059406173077154,-0.375,-0.13636363636363635,0.3025210084033613,0.8282714660667415,0.0,0.0,-0.022678046986081946,-0.17726944275903203,-0.15459139577295009
standard-readme,2021-07-13T04:38:13.332Z,0,1,2,0,0,0,0,0,0,0,0,0,0,0,0,0,0,0.375,0.0,0.7440238091428449,0.0,-0.375,-1.0,0.18586789554531497,0.0,0.0,0.0,-0.6405705223494319,-0.7198112794190739,-0.07924075706964195
arbor-chat,2021-05-10T02:34:47.850Z,2,0,1,0,0,0,0,0,0,0,0,0,0,0,0,0,0,0.375,0.0,0.7440238091428449,0.0,-0.375,-1.0,0.4439324116743472,0.0,0.0,0.0,-0.6405705223494319,-0.7198112794190739,-0.07924075706964195
sdkman,2019-04-25T20:45:45.738Z,0,2,1,0,0,0,0,0,1,0,0,0,0,0,0,0,0,0.375,0.0,0.7440238091428449,0.0,-0.375,-1.0,0.2596006144393241,0.0,0.0,0.0,-0.6405705223494319,-0.7198112794190739,-0.07924075706964195
iris,2018-01-04T22:07:51.572Z,3,1,4,3,5,5,7,7,4,6,6,5,5,1,2,3,4,4.375,4.0,2.0658792662827956,1.8516401995451028,-0.375,-0.08571428571428572,0.7907949790794981,0.43750000000000017,0.0,0.0,0.40009048878884174,0.19394339285047027,-0.20614709593837147
botamusique,2021-09-13T21:19:45.415Z,2,2,2,2,4,0,0,2,1,1,1,1,5,0,3,0,0,1.75,1.375,1.2817398889233114,1.7677669529663689,-0.375,-0.21428571428571427,0.10144927536231889,0.03292517006802721,0.0,0.0,-0.28284329977065037,-0.40570811082641806,-0.12286481105576769
sorry-cypress,2020-11-03T02:10:05.590Z,1,5,4,2,4,5,6,10,5,6,6,2,3,5,5,2,5,4.625,4.25,2.7222627143085005,1.6690459207925603,-0.375,-0.08108108108108109,0.6114744693057947,0.07814407814407817,0.0,0.0,0.46513180198498383,0.2510530598673168,-0.21407874211766703
lxqt,2021-02-16T12:05:12.228Z,0,0,0,0,1,2,1,1,1,0,0,0,0,0,1,0,1,0.625,0.25,0.7440238091428449,0.4629100498862757,-0.375,-0.6,0.554531490015361,0.3968253968253968,0.0,0.0,-0.5755292091532899,-0.6627016124022274,-0.08717240324893749
tsed,2018-03-14T13:56:31.211Z,1,1,5,3,1,2,4,1,4,2,3,4,1,2,3,0,0,2.25,1.875,1.5811388300841898,1.4577379737113252,-0.375,-0.16666666666666666,0.0054421768707483,0.38455382152861134,0.0,0.0,-0.15276067337836616,-0.29148877679272506,-0.1387281034143589
jerverless,2019-01-30T17:09:35.861Z,0,0,0,0,0,0,2,3,4,1,0,0,0,1,0,0,0,0.625,0.25,1.1877349391654206,0.4629100498862757,-0.375,-0.6,0.5792646172393009,0.14285714285714288,0.0,0.0,-0.5755292091532899,-0.6627016124022274,-0.08717240324893749
gnet,2020-12-07T04:38:57.007Z,1,3,1,5,2,3,1,1,2,3,1,2,1,1,1,3,1,2.125,1.625,1.4577379737113252,0.9161253813129042,-0.5,-0.23529411764705882,0.019607843137254905,0.04964539007092201,0.0,0.0,-0.1852813299764372,-0.34859844380957156,-0.16331711383313435
voca,2022-10-11T09:22:49.766Z,0,2,1,1,1,0,0,0,0,1,0,0,0,0,0,0,0,0.625,0.125,0.7440238091428449,0.3535533905932738,-0.5,-0.8,0.2596006144393241,0.3333333333333334,0.0,0.0,-0.5755292091532899,-0.6912564459106506,-0.11572723675736074
gltfforue4,2021-09-16T13:30:24.604Z,1,2,0,0,1,0,0,0,1,0,0,0,0,0,0,0,0,0.5,0.0,0.7559289460184544,0.0,-0.5,-1.0,0.3809523809523811,0.0,0.0,0.0,-0.6080498657513609,-0.7198112794190739,-0.11176141366771297
opennox,2022-10-13T08:42:45.528Z,1,6,4,1,1,1,1,2,2,2,2,1,2,2,2,1,1,2.125,1.625,1.8850918886280925,0.5175491695067657,-0.5,-0.23529411764705882,0.17444364680545585,0.2571428571428572,0.0,0.0,-0.1852813299764372,-0.34859844380957156,-0.16331711383313435
futurecoder,2021-02-09T18:39:25.121Z,0,2,2,3,3,4,2,4,2,4,3,1,2,0,2,1,3,2.5,2.0,1.3093073414159542,1.3093073414159542,-0.5,-0.2,0.5734126984126986,0.12698412698412703,0.0,0.0,-0.08771936018222405,-0.26293394328430175,-0.17521458310207771
futurecoder,2021-02-09T18:39:25.121Z,0,2,2,3,3,4,2,4,2,4,3,1,2,0,2,1,3,2.5,2.0,1.3093073414159542,1.3093073414159542,-0.5,-0.2,0.5734126984126986,0.12698412698412703,0.0,0.0,-0.08771936018222405,-0.26293394328430175,-0.17521458310207771
semaphore,2022-10-22T08:53:13.829Z,2,4,2,2,3,1,2,2,3,1,1,1,2,2,4,1,2,2.25,1.75,0.8864052604279183,1.0350983390135313,-0.5,-0.2222222222222222,0.15584415584415587,0.2031746031746032,0.0,0.0,-0.15276067337836616,-0.3200436103011483,-0.16728293692278215
css-gg,2020-02-16T14:03:38.418Z,0,0,0,0,0,1,5,1,1,2,1,0,0,0,0,0,0,0.875,0.375,1.7268882005337973,0.7440238091428449,-0.5,-0.5714285714285714,0.349301397205589,0.554531490015361,0.0,0.0,-0.5104878959571477,-0.6341467788938041,-0.12365888293665639
kashgari,2021-07-21T04:14:53.788Z,1,1,0,0,1,0,1,0,1,0,0,0,0,0,0,0,0,0.5,0.0,0.5345224838248488,0.0,-0.5,-1.0,0.10714285714285716,0.0,0.0,0.0,-0.6080498657513609,-0.7198112794190739,-0.11176141366771297
bridge-foundry,2020-05-26T21:17:42.815Z,0,0,0,0,1,2,2,0,1,0,0,0,1,0,0,0,0,0.625,0.125,0.9161253813129042,0.3535533905932738,-0.5,-0.8,0.29280648429584616,0.006802721088435374,0.0,0.0,-0.5755292091532899,-0.6912564459106506,-0.11572723675736074
gureum,2019-06-11T08:35:48.007Z,9,13,2,1,0,0,0,2,2,3,1,9,7,2,1,0,0,3.375,2.875,4.897156609415596,3.3567628964311944,-0.5,-0.14814814814814814,0.519129170655604,0.22828465776167844,0.0,0.0,0.1399252360042733,-0.063050108725339,-0.20297534472961232
css-gg,2020-02-16T14:03:38.418Z,0,0,0,0,0,1,5,1,1,2,1,0,0,0,0,0,0,0.875,0.375,1.7268882005337973,0.7440238091428449,-0.5,-0.5714285714285714,0.349301397205589,0.554531490015361,0.0,0.0,-0.5104878959571477,-0.6341467788938041,-0.12365888293665639
swag,2019-03-15T18:36:49.334Z,2,2,3,3,2,2,2,1,3,0,1,3,3,2,2,1,1,2.125,1.625,0.6408699444616557,1.0606601717798212,-0.5,-0.23529411764705882,0.25051759834368537,0.0068027210884353765,0.0,0.0,-0.1852813299764372,-0.34859844380957156,-0.16331711383313435
go-admin,2021-01-26T04:08:23.268Z,0,0,0,3,0,2,1,1,1,1,0,1,0,1,0,0,0,0.875,0.375,1.1259916264596033,0.5175491695067657,-0.5,-0.5714285714285714,0.15090543259557349,0.2571428571428572,0.0,0.0,-0.5104878959571477,-0.6341467788938041,-0.12365888293665639
form-render,2021-07-13T20:49:55.171Z,3,2,2,1,6,9,10,6,5,8,2,5,4,4,5,3,4,4.875,4.375,3.399054490379851,1.7677669529663689,-0.5,-0.10256410256410256,0.5570766173548245,0.14394557823129253,0.0,0.0,0.530173115181126,0.27960789337574005,-0.25056522180538593
mastodon,2019-01-10T13:27:50.307Z,19,16,11,16,19,15,10,17,16,17,17,17,19,13,11,11,14,15.375,14.875,3.3354160160315836,3.044315545875155,-0.5,-0.032520325203252036,0.0642818925322938,0.5161023947151114,0.0,0.0,3.261908269419094,2.678213908083293,-0.5836943613358012
lomoware,2023-01-24T10:37:04.800Z,1,2,1,2,2,1,2,1,2,2,0,2,0,0,1,2,1,1.5,1.0,0.5345224838248488,0.9258200997725514,-0.5,-0.3333333333333333,0.0,0.0,0.0,0.0,-0.34788461296679246,-0.4913726113516878,-0.14348799838489534
ramda-adjunct,2021-07-09T07:37:55.835Z,1,5,1,4,5,4,2,2,2,2,2,3,2,2,4,3,2,3.0,2.5,1.6903085094570331,0.7559289460184544,-0.5,-0.16666666666666666,0.0011904761904761906,0.09523809523809527,0.0,0.0,0.04236326621006016,-0.14871460925060875,-0.1910778754606689
pyenv,2021-10-16T14:01:04.196Z,8,4,4,6,4,4,6,8,5,6,4,8,1,7,5,6,3,5.5,5.0,1.7728105208558367,2.2677868380553634,-0.5,-0.09090909090909091,0.017316017316017316,0.03240740740740742,0.0,0.0,0.6927763981714812,0.4223820609178563,-0.2703943372536249
freecad,2022-04-04T05:58:01.448Z,21,16,18,19,24,23,22,21,19,17,21,26,20,18,21,22,15,20.5,20.0,2.6726124191242437,3.3806170189140663,-0.5,-0.024390243902439025,0.29761904761904767,0.050297619047619056,0.0,0.0,4.595255189940008,3.8489620819286463,-0.7462931080113613
spotmenu,2019-10-08T00:49:34.761Z,0,0,1,0,1,1,1,0,1,0,0,0,0,0,0,0,0,0.5,0.0,0.5345224838248488,0.0,-0.5,-1.0,0.10714285714285716,0.0,0.0,0.0,-0.6080498657513609,-0.7198112794190739,-0.11176141366771297
efqrcode,2017-12-14T06:41:55.230Z,3,1,1,3,0,0,0,0,1,0,0,0,2,0,2,0,0,1.0,0.5,1.3093073414159542,0.9258200997725514,-0.5,-0.5,0.5079365079365081,0.015873015873015876,0.0,0.0,-0.47796723935907665,-0.6055919453853809,-0.1276247060263042
exercism,2019-04-04T14:13:52.136Z,0,0,3,0,0,0,1,0,0,0,0,0,0,0,0,0,0,0.5,0.0,1.0690449676496976,0.0,-0.5,-1.0,0.011904761904761906,0.0,0.0,0.0,-0.6080498657513609,-0.7198112794190739,-0.11176141366771297
tiktokshop-php,2023-04-27T13:57:03.496Z,0,0,0,0,3,0,1,1,2,0,0,1,0,0,0,0,0,0.625,0.125,1.0606601717798212,0.3535533905932738,-0.5,-0.8,0.17006802721088443,0.061224489795918366,0.0,0.0,-0.5755292091532899,-0.6912564459106506,-0.11572723675736074
php-standard-library,2021-06-21T19:44:22.691Z,3,3,2,3,3,6,4,5,1,6,2,3,4,3,2,3,2,3.625,3.125,1.3024701806293193,1.3562026818605375,-0.5,-0.13793103448275862,0.48170426065162897,0.3370319001386963,0.0,0.0,0.2049665492004154,-0.005940441708492503,-0.2109069909089079
m68k-llvm-dev,2022-01-14T20:22:30.612Z,61,61,59,62,64,62,62,59,61,66,62,63,64,62,56,55,58,61.25,60.75,1.6690459207925603,3.955105199973465,-0.5,-0.00816326530612245,0.0012210012210012214,0.706457925636008,0.0,0.0,15.19698924091117,13.157837805674626,-2.039151435236544
leafletglify,2020-11-09T13:48:53.840Z,2,2,0,0,2,0,2,2,1,1,1,0,1,1,1,1,0,1.25,0.75,1.0350983390135313,0.4629100498862757,-0.5,-0.4,0.003174603174603175,0.0634920634920635,0.0,0.0,-0.41292592616293455,-0.5484822783685344,-0.1355563522055998
leafletglify,2020-11-09T13:48:53.840Z,2,2,0,0,2,0,2,2,1,1,1,0,1,1,1,1,0,1.25,0.75,1.0350983390135313,0.4629100498862757,-0.5,-0.4,0.003174603174603175,0.0634920634920635,0.0,0.0,-0.41292592616293455,-0.5484822783685344,-0.1355563522055998
timber,2023-02-03T21:08:23.250Z,5,3,3,3,4,2,2,4,4,3,0,4,1,5,0,4,5,3.25,2.75,1.0350983390135313,2.1213203435596424,-0.5,-0.15384615384615385,0.1555555555555556,0.12773998488284208,0.0,0.0,0.10740457940620227,-0.09160494223376225,-0.19900952163996452
warzone2100,2021-07-27T22:22:39.357Z,9,9,7,9,11,10,9,15,10,10,10,15,11,8,5,9,7,9.875,9.375,2.3566016694748027,2.9730936268953445,-0.5,-0.05063291139240506,0.43010258765885795,0.33487253487253504,0.0,0.0,1.8309993791039678,1.42180123371267,-0.40919814539129784
jss,2017-06-05T21:41:05.879Z,3,5,5,5,5,2,5,3,3,8,3,3,6,2,2,3,2,4.125,3.625,1.2464234547582247,2.1998376563477846,-0.5,-0.12121212121212122,0.044334975369458136,0.4218942189421896,0.0,0.0,0.33504917559269964,0.10827889232520051,-0.22677028326749915
sollumz,2024-11-04T22:05:20.772Z,4,2,3,2,1,5,4,2,3,3,1,2,3,3,2,2,3,2.875,2.375,1.3562026818605375,0.7440238091428449,-0.5,-0.17391304347826086,0.00046232085067036537,0.03840245775729646,0.0,0.0,0.009842609611989106,-0.17726944275903203,-0.18711205237102113
electrocrud,2019-10-26T11:04:29.841Z,1,0,1,2,1,1,1,0,1,0,1,1,0,1,0,0,0,0.875,0.375,0.6408699444616557,0.5175491695067657,-0.5,-0.5714285714285714,0.01863354037267081,0.1555555555555556,0.0,0.0,-0.5104878959571477,-0.6341467788938041,-0.12365888293665639
lomoware,2023-01-24T10:37:04.800Z,1,2,1,2,2,1,2,1,2,2,0,2,0,0,1,2,1,1.5,1.0,0.5345224838248488,0.9258200997725514,-0.5,-0.3333333333333333,0.0,0.0,0.0,0.0,-0.34788461296679246,-0.4913726113516878,-0.14348799838489534
noble,2016-09-17T14:38:27.876Z,2,1,3,4,2,1,4,1,2,1,3,0,2,3,0,2,3,2.25,1.75,1.2817398889233114,1.2817398889233114,-0.5,-0.2222222222222222,0.0,0.051759834368530024,0.0,0.0,-0.15276067337836616,-0.3200436103011483,-0.16728293692278215
reactfigma,2020-12-22T03:30:46.308Z,1,4,7,4,1,3,2,2,4,1,3,2,4,4,1,4,1,3.0,2.5,2.0,1.4142135623730951,-0.5,-0.16666666666666666,0.06887755102040816,0.0017006802721088435,0.0,0.0,0.04236326621006016,-0.14871460925060875,-0.1910778754606689
gephi,2023-09-13T13:03:38.310Z,8,5,2,2,0,0,2,0,0,0,4,4,1,3,2,0,1,2.375,1.875,2.8252686345094435,1.6420805617960925,-0.5,-0.21052631578947367,0.6648556514328327,0.09113844213181964,0.0,0.0,-0.1202400167802951,-0.29148877679272506,-0.17124876001242995
electrocrud,2019-10-26T11:04:29.841Z,1,0,1,2,1,1,1,0,1,0,1,1,0,1,0,0,0,0.875,0.375,0.6408699444616557,0.5175491695067657,-0.5,-0.5714285714285714,0.01863354037267081,0.1555555555555556,0.0,0.0,-0.5104878959571477,-0.6341467788938041,-0.12365888293665639
javaistic,2024-01-16T22:23:13.180Z,1,1,1,1,2,8,2,1,2,2,2,2,1,1,1,2,2,2.125,1.625,2.416461403433896,0.5175491695067657,-0.5,-0.23529411764705882,0.10615989515072084,0.028571428571428577,0.0,0.0,-0.1852813299764372,-0.34859844380957156,-0.16331711383313435
open_stt,2019-09-03T16:05:06.177Z,0,0,0,1,3,3,0,1,1,1,1,0,0,1,0,0,1,1.0,0.5,1.3093073414159542,0.5345224838248488,-0.5,-0.5,0.16071428571428573,0.04761904761904762,0.0,0.0,-0.47796723935907665,-0.6055919453853809,-0.1276247060263042
chimeraos,2023-08-07T16:21:52.661Z,3,3,4,4,5,5,5,8,4,2,5,4,4,3,2,7,6,4.625,4.125,1.5979898086569353,1.807721533549109,-0.5,-0.10810810810810811,0.7995337995337997,0.25006505334374185,0.0,0.0,0.46513180198498383,0.22249822635889352,-0.2426335756260903
selenium,2023-09-12T17:47:37.067Z,12,15,14,15,16,15,15,16,16,16,14,14,17,13,14,13,13,14.75,14.25,1.2817398889233114,1.4880476182856899,-0.5,-0.03389830508474576,0.5300207039337476,0.34562211981566837,0.0,0.0,3.0993049864287388,2.535439740541177,-0.5638652458875617
probe-rs,2020-11-23T20:51:45.190Z,8,6,9,8,13,10,6,7,11,9,5,8,7,7,10,8,9,8.375,7.875,2.326094212561969,1.5526475085202969,-0.5,-0.05970149253731343,0.0001571585730001572,0.1555555555555556,0.0,0.0,1.4407514999271152,1.079143231611591,-0.3616082683155242
commanded,2019-05-17T15:01:50.027Z,2,6,3,1,5,3,1,1,3,4,3,1,1,2,3,3,1,2.75,2.25,1.9086270308410553,1.1649647450214349,-0.5,-0.18181818181818182,0.1830065359477125,0.1228070175438597,0.0,0.0,-0.022678046986081946,-0.20582427626745528,-0.18314622928137334
pyenv,2021-10-16T14:01:04.196Z,8,4,4,6,4,4,6,8,5,6,4,8,1,7,5,6,3,5.5,5.0,1.7728105208558367,2.2677868380553634,-0.5,-0.09090909090909091,0.017316017316017316,0.03240740740740742,0.0,0.0,0.6927763981714812,0.4223820609178563,-0.2703943372536249
independent-solid-test-suite,2021-05-06T10:31:58.632Z,1,1,1,3,1,2,1,0,2,1,0,1,2,1,0,1,0,1.25,0.75,0.8864052604279183,0.7071067811865476,-0.5,-0.4,0.03896103896103897,0.061224489795918366,0.0,0.0,-0.41292592616293455,-0.5484822783685344,-0.1355563522055998
node-vault,2024-03-02T11:34:24.811Z,4,0,0,1,0,0,0,0,0,0,0,0,0,0,1,0,0,0.625,0.125,1.4078859531733587,0.3535533905932738,-0.5,-0.8,0.36078936078936086,0.061224489795918366,0.0,0.0,-0.5755292091532899,-0.6912564459106506,-0.11572723675736074
probe-rs,2020-11-23T20:51:45.190Z,8,6,9,8,13,10,6,7,11,9,5,8,7,7,10,8,9,8.375,7.875,2.326094212561969,1.5526475085202969,-0.5,-0.05970149253731343,0.0001571585730001572,0.1555555555555556,0.0,0.0,1.4407514999271152,1.079143231611591,-0.3616082683155242
bokeh,2022-04-05T18:44:21.948Z,8,9,7,5,6,5,5,6,5,5,7,5,5,5,7,7,6,6.375,5.875,1.5059406173077154,0.9910312089651149,-0.5,-0.0784313725490196,0.5703037120359955,0.1463203463203463,0.0,0.0,0.9204209943579785,0.6222658954768191,-0.29815509888115943
awesome-python,2019-11-12T01:27:10.336Z,3,0,1,1,0,4,3,2,4,1,1,3,0,1,1,1,2,1.75,1.25,1.4880476182856899,0.8864052604279183,-0.5,-0.2857142857142857,0.09831029185867897,0.004329004329004329,0.0,0.0,-0.28284329977065037,-0.4342629443348413,-0.15141964456419094
jsontokotlin,2021-07-19T12:21:00.187Z,0,1,2,0,0,1,4,1,4,2,2,1,0,0,0,0,0,1.125,0.625,1.3562026818605375,0.9161253813129042,-0.5,-0.4444444444444444,0.16689782709200182,0.7386018237082068,0.0,0.0,-0.4454465827610056,-0.5770371118769576,-0.13159052911595198
haskell-stripe,2021-07-13T16:06:31.154Z,1,1,0,0,1,0,1,0,2,0,0,0,0,0,0,0,0,0.5,0.0,0.5345224838248488,0.0,-0.5,-1.0,0.10714285714285716,0.0,0.0,0.0,-0.6080498657513609,-0.7198112794190739,-0.11176141366771297
jsontokotlin,2021-07-19T12:21:00.187Z,0,1,2,0,0,1,4,1,4,2,2,1,0,0,0,0,0,1.125,0.625,1.3562026818605375,0.9161253813129042,-0.5,-0.4444444444444444,0.16689782709200182,0.7386018237082068,0.0,0.0,-0.4454465827610056,-0.5770371118769576,-0.13159052911595198
metro4,2019-10-17T07:20:54.517Z,2,3,1,1,1,1,3,2,2,1,1,1,2,1,1,2,1,1.75,1.25,0.8864052604279183,0.4629100498862757,-0.5,-0.2857142857142857,0.0,0.0634920634920635,0.0,0.0,-0.28284329977065037,-0.4342629443348413,-0.15141964456419094
handycontrol,2020-07-04T09:47:58.636Z,4,4,4,3,6,2,5,5,4,3,4,2,7,4,3,2,4,4.125,3.625,1.2464234547582247,1.5979898086569353,-0.5,-0.12121212121212122,0.044334975369458136,0.002997002997002997,0.0,0.0,0.33504917559269964,0.10827889232520051,-0.22677028326749915
code-settings-sync,2018-03-20T13:17:26.114Z,2,1,0,8,4,2,1,3,1,1,3,1,2,1,1,4,4,2.625,2.125,2.5035688811888406,1.3562026818605375,-0.5,-0.19047619047619047,0.010989010989010986,0.28895053166897827,0.0,0.0,-0.055198703584153,-0.23437910977587853,-0.17918040619172554
resxresourcemanager,2018-10-29T10:41:17.509Z,0,2,1,1,1,3,2,2,2,2,1,0,1,1,0,1,2,1.5,1.0,0.9258200997725514,0.7559289460184544,-0.5,-0.3333333333333333,0.3968253968253968,0.0,0.0,0.0,-0.34788461296679246,-0.4913726113516878,-0.14348799838489534
appium-device-farm,2024-05-05T09:45:22.490Z,5,5,5,7,6,7,3,4,3,5,4,6,6,5,2,7,3,5.25,4.75,1.3887301496588271,1.6690459207925603,-0.5,-0.09523809523809523,0.0634920634920635,0.043956043956043966,0.0,0.0,0.6277350849753391,0.3652723939010098,-0.26246269107432935
p2panda,2025-02-01T22:38:54.571Z,1,0,3,3,3,3,3,3,2,3,2,3,2,4,1,0,0,2.375,1.875,1.1877349391654206,1.4577379737113252,-0.5,-0.21052631578947367,0.5069318866787224,0.4901960784313726,0.0,0.0,-0.1202400167802951,-0.29148877679272506,-0.17124876001242995
appium-device-farm,2024-05-05T09:45:22.490Z,5,5,5,7,6,7,3,4,3,5,4,6,6,5,2,7,3,5.25,4.75,1.3887301496588271,1.6690459207925603,-0.5,-0.09523809523809523,0.0634920634920635,0.043956043956043966,0.0,0.0,0.6277350849753391,0.3652723939010098,-0.26246269107432935
thecodebarbarian,2020-11-02T13:34:48.673Z,1,1,2,2,1,1,2,1,1,1,1,1,1,1,0,1,0,1.375,0.75,0.5175491695067657,0.4629100498862757,-0.625,-0.45454545454545453,0.003174603174603175,0.3968253968253968,0.0,0.0,-0.38040526956486354,-0.5484822783685344,-0.16807700880367082
release-plz,2024-12-04T07:47:26.684Z,10,7,9,6,8,12,9,9,9,9,7,6,8,8,9,7,11,8.75,8.125,1.8322507626258084,1.5526475085202969,-0.625,-0.07142857142857142,0.04964539007092201,0.1865961199294533,0.0,0.0,1.5383134697213283,1.1362528986284375,-0.40206057109289084
inotify-tools,2021-07-22T10:38:20.686Z,2,1,2,2,1,0,2,3,1,0,3,0,1,0,4,0,0,1.625,1.0,0.9161253813129042,1.6035674514745462,-0.625,-0.38461538461538464,0.025329280648429587,0.0052910052910052924,0.0,0.0,-0.3153639563687214,-0.4913726113516878,-0.17600865498296642
terraforge3d,2022-08-05T20:51:23.317Z,2,2,3,4,0,0,0,0,0,0,0,0,1,2,1,1,1,1.375,0.75,1.5979898086569353,0.7071067811865476,-0.625,-0.45454545454545453,0.455877455877456,0.43537414965986393,0.0,0.0,-0.38040526956486354,-0.5484822783685344,-0.16807700880367082
babel,2017-04-01T16:52:19.229Z,12,11,14,13,19,19,21,20,17,18,16,16,17,16,15,13,13,16.125,15.5,4.0155946010522525,1.7728105208558367,-0.625,-0.03875968992248062,0.8505510731424355,0.788961038961039,0.0,0.0,3.4570322090075205,2.8209880756254093,-0.6360441333821112
fody,2017-12-29T08:27:24.113Z,4,4,1,4,3,4,4,1,5,4,2,4,2,0,1,3,4,3.125,2.5,1.3562026818605375,1.5118578920369088,-0.625,-0.2,0.07813222376329172,0.013392857142857146,0.0,0.0,0.0748839228081312,-0.14871460925060875,-0.22359853205873997
trex,2021-07-03T06:47:19.490Z,0,2,2,0,0,1,0,0,0,0,0,0,0,0,0,0,0,0.625,0.0,0.9161253813129042,0.0,-0.625,-1.0,0.17122593718338402,0.0,0.0,0.0,-0.5755292091532899,-0.7198112794190739,-0.144282070265784
podlite,2025-06-24T17:06:20.646Z,0,1,1,1,1,0,1,1,0,0,0,1,0,0,0,0,0,0.75,0.125,0.4629100498862757,0.3535533905932738,-0.625,-0.8333333333333334,0.0634920634920635,0.061224489795918366,0.0,0.0,-0.5430085525552187,-0.6912564459106506,-0.14824789335543187
privacyguides,2019-11-01T01:09:46.232Z,2,5,6,9,7,7,6,5,10,7,4,6,8,7,4,3,3,5.875,5.25,2.03100960115899,1.9820624179302297,-0.625,-0.10638297872340426,0.15027829313543598,0.3463203463203463,0.0,0.0,0.7903383679656943,0.4794917279347028,-0.31084664003099155
known,2019-01-24T13:47:33.191Z,3,2,2,2,5,4,3,4,3,2,2,3,2,4,2,2,3,3.125,2.5,1.1259916264596033,0.7559289460184544,-0.625,-0.2,0.295774647887324,0.05357142857142858,0.0,0.0,0.0748839228081312,-0.14871460925060875,-0.22359853205873997
release-plz,2024-12-04T07:47:26.684Z,10,7,9,6,8,12,9,9,9,9,7,6,8,8,9,7,11,8.75,8.125,1.8322507626258084,1.5526475085202969,-0.625,-0.07142857142857142,0.04964539007092201,0.1865961199294533,0.0,0.0,1.5383134697213283,1.1362528986284375,-0.40206057109289084
pnpm,2018-10-12T10:46:19.735Z,4,4,3,4,2,3,3,4,4,3,4,2,2,3,3,3,2,3.375,2.75,0.7440238091428449,0.7071067811865476,-0.625,-0.18518518518518517,0.0752688172043011,0.10884353741496598,0.0,0.0,0.1399252360042733,-0.09160494223376225,-0.23153017823803557
nrjavaserial,2021-07-22T05:01:25.600Z,1,0,2,0,0,0,1,1,0,0,0,0,0,0,0,0,0,0.625,0.0,0.7440238091428449,0.0,-0.625,-1.0,0.001536098310291859,0.0,0.0,0.0,-0.5755292091532899,-0.7198112794190739,-0.144282070265784
release-plz,2024-12-04T07:47:26.684Z,10,7,9,6,8,12,9,9,9,9,7,6,8,8,9,7,11,8.75,8.125,1.8322507626258084,1.5526475085202969,-0.625,-0.07142857142857142,0.04964539007092201,0.1865961199294533,0.0,0.0,1.5383134697213283,1.1362528986284375,-0.40206057109289084
ffplayout,2023-06-16T14:07:10.762Z,2,2,1,1,2,4,2,1,1,1,1,1,1,2,1,1,2,1.875,1.25,0.9910312089651149,0.4629100498862757,-0.625,-0.3333333333333333,0.007792207792207791,0.253968253968254,0.0,0.0,-0.2503226431725793,-0.4342629443348413,-0.183940301162262
