project_name,first_donation_date,-8月,-7月,-6月,-5月,-4月,-3月,-2月,-1月,0月,1月,2月,3月,4月,5月,6月,7月,8月,pre_avg,post_avg,pre_std,post_std,absolute_change,relative_change,pre_trend_r2,post_trend_r2,pre_trend_slope,post_trend_slope,pre_zscore,post_zscore,zscore_change
defi-llama,2021-09-01,10,11,31,38,34,51,60,67,116,58,161,134,167,164,179,207,193,37.75,157.875,20.947212566012556,45.93298690172767,120.125,3.1821192052980134,0.9495903196049704,0.688484993577629,0.0,0.0,1.8130883906480084,7.7748058571302625,5.961717466482254
snapshot-labs,2020-10-01,0,0,0,0,0,0,0,0,75,95,97,93,78,113,121,130,97,0.0,103.0,0.0,16.962142721787412,103.0,inf,0.0,0.26246039627370316,0.0,0.0,-0.19044289570186956,4.9871511588710735,5.177594054572943
openbuildxyz,2023-11-01,0,0,0,0,2,8,5,1,21,20,31,12,15,28,10,274,107,2.0,62.125,2.9760952365713798,91.23194537629271,60.125,30.0625,0.32296466973886323,0.3425117665081793,0.0,0.0,-0.08429554278267073,2.910697659256598,2.994993202039269
sushi,2021-02-01,0,0,2,19,14,12,13,15,31,28,28,50,60,81,69,93,37,9.375,55.75,7.520210863305059,24.32958222881296,46.375,4.946666666666666,0.5717443276647571,0.31195733995299585,0.0,0.0,0.307122821106875,2.5868471134451663,2.279724292338291
ethereum-lists,2021-06-01,15,20,17,20,27,36,35,35,34,41,35,50,21,82,79,82,75,25.625,58.125,8.749489781042746,24.298368551936036,32.5,1.2682926829268293,0.8646406078176545,0.5554201718796585,0.0,0.0,1.1695700635753654,2.70749731678668,1.5379272532113146
learnweb3dao,2022-03-01,0,0,0,0,0,5,19,22,24,15,38,23,19,35,28,29,25,5.75,26.5,9.300537618869138,7.708992893275452,20.75,3.608695652173913,0.6851480476583697,0.04487179487179488,0.0,0.0,0.11473074394082708,1.1009446091338904,0.9862138651930633
smoldapp,2024-04-01,9,21,15,10,4,11,4,27,41,33,26,19,22,18,24,57,50,12.625,31.125,8.05228450281569,14.681742792617348,18.5,1.4653465346534653,0.006937613932932028,0.3204255772394286,0.0,0.0,0.47961226960057307,1.3358950051147331,0.85628273551416
1hive,2020-07-01,11,12,10,9,11,12,13,8,13,11,18,31,27,12,26,49,59,10.75,29.125,1.6690459207925603,17.116721147963556,18.375,1.7093023255813953,0.019536019536019543,0.6168128005758285,0.0,0.0,0.3800991262388242,1.2342948338797741,0.8541957076409499
dapp-learning-dao,2021-09-01,0,0,0,0,0,0,0,0,0,0,3,24,18,21,27,24,20,0.0,17.125,0.0,10.06319318819117,17.125,inf,0.0,0.5546095002980913,0.0,0.0,-0.19044289570186956,0.6246938064700199,0.8151367021718895
banklessdao,2021-06-01,0,0,0,0,0,0,0,4,10,10,15,15,13,20,23,19,16,0.5,16.375,1.4142135623730951,4.138236339311712,15.875,31.75,0.3333333333333334,0.42946521674363175,0.0,0.0,-0.16390605747206985,0.5865937422569103,0.7504997997289802
opensource-observer,2023-11-01,0,0,0,0,0,0,0,3,16,6,6,6,7,9,28,48,15,0.375,15.625,1.0606601717798212,15.108535903351362,15.25,40.666666666666664,0.3333333333333334,0.4331683076109267,0.0,0.0,-0.1705402670295198,0.5484936780438007,0.7190339450733205
kakarot-kkrt-labs,2023-04-01,0,0,0,0,0,0,0,0,0,5,6,16,28,20,16,18,11,0.0,15.0,0.0,7.578164119928482,15.0,inf,0.0,0.130833925610045,0.0,0.0,-0.19044289570186956,0.5167436245328759,0.7071865202347455
raid-guild,2020-02-01,0,0,0,0,0,0,2,3,2,10,11,19,26,18,13,12,10,0.625,14.875,1.1877349391654206,5.667892024377317,14.25,22.8,0.5792646172393009,0.011673151750972765,0.0,0.0,-0.15727184791461993,0.510393613830691,0.6676654617453109
pluralitybook,2023-11-01,3,1,2,4,13,9,6,20,13,11,17,25,49,18,19,13,16,7.25,21.0,6.497252166438187,12.059376908803017,13.75,1.896551724137931,0.6098622189992748,0.006759285246515111,0.0,0.0,0.1943412586302262,0.8215441382377531,0.6272028796075269
walletconnect,2020-02-01,11,10,15,10,7,12,11,4,6,12,11,11,27,29,24,29,37,10.0,22.5,3.295017884191656,9.94269293788875,12.5,1.25,0.2456140350877194,0.8054293971924033,0.0,0.0,0.3402938688941246,0.8977442666639723,0.5574503977698477
zigzagexchange,2021-11-01,0,0,0,0,0,0,0,0,4,5,8,11,15,13,17,18,11,0.0,12.25,0.0,4.432026302139591,12.25,inf,0.0,0.5049350649350651,0.0,0.0,-0.19044289570186956,0.3770433890848072,0.5674862847866768
dethcrypto,2021-11-01,0,0,0,0,0,0,14,12,20,13,17,9,18,15,21,18,11,3.25,15.25,6.041522986797286,4.026696625558686,12.0,3.6923076923076925,0.5525114155251142,0.030207677784770313,0.0,0.0,-0.017953447208171464,0.5294436459372458,0.5473970931454173
rotki,2020-02-01,0,0,0,0,0,2,6,7,17,13,11,9,8,11,16,20,18,1.875,13.25,2.948970764763288,4.334248987508019,11.375,6.066666666666666,0.706463283465337,0.4895889914901322,0.0,0.0,-0.09092975234012066,0.4278434747022868,0.5187732270424075
metagame-metafam,2020-01-01,0,0,0,0,0,0,0,0,1,9,18,13,8,10,15,13,5,0.0,11.375,0.0,4.172614801981401,11.375,inf,0.0,0.0989010989010989,0.0,0.0,-0.19044289570186956,0.33259331416951265,0.5230362098713822
eth-brownie,2020-07-01,0,0,0,0,0,0,2,8,7,5,7,12,8,19,14,16,19,1.25,12.5,2.8157719063467175,5.42481072744215,11.25,9.0,0.46718146718146736,0.7397133610725842,0.0,0.0,-0.12410080012737029,0.3897434104891771,0.5138442106165474
wtfacademy,2022-06-01,0,0,0,0,0,0,0,0,0,2,5,6,21,13,9,16,18,0.0,11.25,0.0,6.798108980759702,11.25,inf,0.0,0.5193199381761979,0.0,0.0,-0.19044289570186956,0.3262433034673277,0.5166861991691973
lido,2021-01-01,0,0,0,0,0,0,13,25,6,8,10,11,12,17,24,22,19,4.75,15.375,9.361776388210581,5.950690236074659,10.625,2.236842105263158,0.5588543485854001,0.7867108517638017,0.0,0.0,0.06165706748122766,0.5357936566394308,0.4741365891582031
ankr-network,2022-03-01,1,4,1,1,5,3,5,12,16,18,12,13,12,17,14,16,13,4.0,14.375,3.664501525251617,2.326094212561969,10.375,2.59375,0.5359675785207701,0.007700770077007702,0.0,0.0,0.021851810136528097,0.48499357102195123,0.46314176088542314
teku-consensys,2020-07-01,0,0,0,0,0,0,0,0,0,0,0,12,17,16,13,12,13,0.0,10.375,0.0,6.653409437488207,10.375,inf,0.0,0.44966288249870356,0.0,0.0,-0.19044289570186956,0.28179322855203315,0.4722361242539027
apeworx,2022-06-01,7,7,10,9,8,13,14,17,22,23,25,24,19,21,16,20,17,10.625,20.625,3.662064211031025,3.2486260832190936,10.0,0.9411764705882353,0.8096506245640737,0.6382241559906535,0.0,0.0,0.37346491668137427,0.8024941061311982,0.42902918944982393
commonsbuild,2020-10-01,0,0,0,0,0,0,0,0,0,0,0,0,0,0,24,28,21,0.0,9.125,0.0,12.732831578246843,9.125,inf,0.0,0.6759764815718114,0.0,0.0,-0.19044289570186956,0.21829312153018374,0.40873601723205333
giveth,2020-07-01,8,11,9,9,8,8,5,7,7,11,13,14,18,20,18,22,19,8.125,16.875,1.7268882005337973,3.7961446607992015,8.75,1.0769230769230769,0.4793270601653836,0.7803741075116541,0.0,0.0,0.2407807255323757,0.61199378506565,0.3712130595332743
cyberconnecthq,2021-12-01,0,0,0,0,0,0,0,2,4,8,15,9,9,10,9,6,4,0.25,8.75,0.7071067811865476,3.1959796173138706,8.5,34.0,0.3333333333333334,0.43156843156843144,0.0,0.0,-0.17717447658696972,0.19924308942362892,0.3764175660105986
nftstorage,2024-04-01,11,6,15,4,15,8,14,18,45,42,41,27,12,14,6,7,9,11.375,19.75,4.955156044825574,14.92600798223404,8.375,0.7362637362637363,0.21613852813852813,0.8146841936518117,0.0,0.0,0.4132701740260738,0.7580440312159037,0.3447738571898299
filecoin-project,2021-02-01,136,199,215,237,221,175,161,181,163,206,197,196,170,206,280,215,122,190.625,199.0,33.67040879721285,44.23637804858285,8.375,0.043934426229508196,9.075723788972174e-05,0.019163381515549725,0.0,0.0,9.926726679409269,9.863959378149108,-0.06276730126016083
darkforest-eth,2021-03-01,0,3,1,3,1,5,13,2,1,0,8,18,23,21,7,13,4,3.5,11.75,4.140393356054125,8.345229603962801,8.25,2.357142857142857,0.27162698412698416,0.003956043956043957,0.0,0.0,-0.00468502809327161,0.35164334627606747,0.35632837436933906
zkemail,2023-08-01,0,0,0,4,6,3,4,6,5,8,10,15,13,12,13,11,6,2.875,11.0,2.5877458475338284,2.9277002188455996,8.125,2.8260869565217392,0.6766984126984128,0.025396825396825397,0.0,0.0,-0.03785607588052124,0.31354328206295784,0.3513993579434791
vyperlang,2019-10-01,0,0,0,0,0,0,0,0,0,4,8,10,8,5,8,10,11,0.0,8.0,0.0,2.449489742783178,8.0,inf,0.0,0.3543083900226759,0.0,0.0,-0.19044289570186956,0.16114302521051926,0.3515859209123888
aztecprotocol,2021-11-01,4,1,2,2,0,3,2,1,4,5,5,16,12,11,7,7,14,1.875,9.625,1.2464234547582247,4.2067123233504535,7.75,4.133333333333334,0.12315270935960596,0.09730431022055643,0.0,0.0,-0.09092975234012066,0.2436931643389235,0.33462291667904415
beacon-chain,2020-02-01,0,0,0,0,0,5,6,4,3,2,8,9,10,8,20,8,11,1.875,9.5,2.6423744732991303,5.0142653642240695,7.625,4.066666666666666,0.6490074290585802,0.29883658008658004,0.0,0.0,-0.09092975234012066,0.23734315363673855,0.3282729059768592
zokrates,2019-02-01,0,0,0,0,5,7,10,8,8,8,15,8,16,13,12,8,10,3.75,11.25,4.234214381508266,3.24037034920393,7.5,2.0,0.8264086511098467,0.011661807580174927,0.0,0.0,0.008583391021628244,0.3262433034673277,0.31765991244569947
via-protocol,2022-02-01,0,0,0,0,0,0,0,0,3,5,6,8,8,9,10,6,6,0.0,7.25,0.0,1.752549163769328,7.25,inf,0.0,0.05426356589147289,0.0,0.0,-0.19044289570186956,0.12304296099740963,0.3134858566992792
lxdao-official,2022-08-01,0,0,0,0,0,0,1,1,3,3,2,4,7,9,11,11,11,0.25,7.25,0.4629100498862757,3.8078865529319543,7.0,28.0,0.5714285714285715,0.9017124091015716,0.0,0.0,-0.17717447658696972,0.12304296099740963,0.30021743758437935
quantum3-labs,2024-04-01,0,0,2,3,5,1,3,4,8,9,15,20,21,5,1,0,0,2.25,8.875,1.8322507626258084,8.806450557890587,6.625,2.9444444444444446,0.446808510638298,0.4881528019911627,0.0,0.0,-0.07102712366777088,0.20559310012581386,0.27662022379358475
vacp2p,2024-04-01,12,19,7,11,10,10,12,18,14,18,14,15,21,26,26,14,18,12.375,19.0,4.103569874424672,4.928053803045811,6.625,0.5353535353535354,0.011361914861384641,0.05056022408963584,0.0,0.0,0.46634385048567323,0.7199439670027941,0.25360011651712083
enviodev,2024-09-01,5,7,9,7,13,10,14,15,22,28,23,16,11,10,17,15,12,10.0,16.5,3.664501525251617,6.2105900340811875,6.5,0.65,0.8229483282674775,0.49603174603174616,0.0,0.0,0.3402938688941246,0.5929437529590952,0.2526498840649706
ezkl-zkonduit,2023-04-01,0,0,7,3,4,2,7,4,9,8,10,10,7,5,14,12,8,3.375,9.25,2.7222627143085005,2.866057521105554,5.875,1.7407407407407407,0.2755020080321286,0.041407867494824016,0.0,0.0,-0.011319237650721537,0.22464313223236868,0.23596236988309022
curve,2020-04-01,0,0,0,0,0,3,3,1,1,2,4,6,11,8,8,6,7,0.875,6.5,1.3562026818605375,2.7255405754769875,5.625,6.428571428571429,0.4442903374942209,0.2637362637362638,0.0,0.0,-0.14400342879972008,0.08494289678429999,0.22894632558402006
streamethorg,2023-08-01,0,0,0,0,0,0,0,2,3,3,6,8,5,6,8,5,6,0.25,5.875,0.7071067811865476,1.6420805617960925,5.625,22.5,0.3333333333333334,0.09113844213181964,0.0,0.0,-0.17717447658696972,0.05319284327337529,0.230367319860345
wighawag,2020-07-01,0,0,0,0,0,2,0,1,1,1,2,4,7,7,5,11,11,0.375,6.0,0.7440238091428449,3.7416573867739413,5.625,15.0,0.2596006144393241,0.8457240038872695,0.0,0.0,-0.1705402670295198,0.05954285397556023,0.23008312100508002
builders-garden,2024-04-01,0,0,0,0,1,4,3,4,7,7,8,6,7,6,9,7,6,1.5,7.0,1.8516401995451028,1.0690449676496976,5.5,3.6666666666666665,0.777777777777778,0.011904761904761906,0.0,0.0,-0.11083238101247045,0.11034293959303976,0.2211753206055102
relaycc,2022-06-01,0,0,0,0,0,0,0,0,0,0,4,4,7,5,4,12,7,0.0,5.375,0.0,3.461523198989551,5.375,inf,0.0,0.537151373216947,0.0,0.0,-0.19044289570186956,0.027792800464635534,0.2182356961665051
pypa,2021-09-01,197,232,175,241,164,155,188,146,184,102,224,194,251,179,195,212,184,187.25,192.625,34.6812011655553,43.50348918682927,5.375,0.02870493991989319,0.3604133262070195,0.08897428743064366,0.0,0.0,9.74760302135812,9.540108832337676,-0.20749418902044425
blockful-io,2024-01-01,2,2,2,2,3,4,7,9,8,15,9,9,8,12,9,6,5,3.875,9.125,2.6958963523950885,3.181980515339464,5.25,1.3548387096774193,0.7676377676377677,0.5510204081632654,0.0,0.0,0.01521760057907817,0.21829312153018374,0.20307552095110556
lighthouse-sigp,2019-02-01,0,1,1,4,8,5,7,12,13,12,8,10,8,16,10,7,8,4.75,9.875,4.131758532565591,2.948970764763288,5.125,1.0789473684210527,0.8418011556086873,0.061112740784198705,0.0,0.0,0.06165706748122766,0.2563931857432934,0.19473611826206574
sourcify-ethereum,2020-07-01,0,0,0,0,0,0,1,8,8,5,4,5,8,8,6,9,5,1.125,6.25,2.7998724460742337,1.8322507626258084,5.125,4.555555555555555,0.40362295259789577,0.19858156028368804,0.0,0.0,-0.1307350096848202,0.07224287537993011,0.20297788506475034
bootnodedev,2024-10-01,1,1,4,5,2,2,6,9,7,8,8,7,11,12,9,11,5,3.75,8.875,2.8157719063467175,2.3566016694748027,5.125,1.3666666666666667,0.5559845559845559,0.00015311590874291848,0.0,0.0,0.008583391021628244,0.20559310012581386,0.1970097091041856
revm-bluealloy,2022-06-01,1,4,2,5,5,6,7,5,6,5,8,6,12,11,9,11,14,4.375,9.5,1.9955307206712847,3.070597894314954,5.125,1.1714285714285715,0.6459534486440318,0.667027417027417,0.0,0.0,0.04175443880887788,0.23734315363673855,0.19558871482786067
nethermindeth,2019-10-01,4,6,7,9,6,8,7,8,9,8,13,13,8,12,13,17,11,6.875,11.875,1.5526475085202969,2.948970764763288,5.0,0.7272727272727273,0.38412698412698426,0.19800528014080376,0.0,0.0,0.17443862995787643,0.3579933569782524,0.18355472702037598
coin-cashew,2020-12-01,1,1,1,3,4,3,2,6,9,7,8,5,11,10,9,3,8,2.625,7.625,1.7677669529663689,2.615202805574687,5.0,1.9047619047619047,0.6010884353741496,0.006092254134029592,0.0,0.0,-0.0511244949954211,0.14209299310396445,0.19321748809938555
crunchdao,2022-08-01,0,0,0,0,0,0,0,0,1,3,3,6,3,5,8,5,6,0.0,4.875,0.0,1.807721533549109,4.875,inf,0.0,0.39578454332552704,0.0,0.0,-0.19044289570186956,0.0023927576558957736,0.19283565335776534
pool-together,2021-03-01,5,5,4,7,6,5,4,5,10,10,13,12,14,8,9,7,7,5.125,10.0,0.9910312089651149,2.7255405754769875,4.875,0.9512195121951219,0.007792207792207791,0.4986263736263737,0.0,0.0,0.08155969615357744,0.26274319644547833,0.1811835002919009
turbo-eth,2023-04-01,1,1,1,0,1,1,2,3,6,5,7,8,14,8,2,1,2,1.25,5.875,0.8864052604279183,4.323936698360485,4.625,3.7,0.4329004329004328,0.2558329922226771,0.0,0.0,-0.12410080012737029,0.05319284327337529,0.17729364340074558
dimensiondev,2020-04-01,14,12,10,13,12,9,9,13,14,12,17,16,16,16,13,16,23,11.5,16.125,1.927248223318863,3.2705394924123103,4.625,0.40217391304347827,0.1547619047619048,0.31552587646076796,0.0,0.0,0.4199043835835237,0.5738937208525404,0.1539893372690167
guardian-project,2024-10-01,4,8,6,7,7,5,3,10,7,7,3,10,10,17,8,18,13,6.25,10.75,2.2519832529192065,5.063877678504601,4.5,0.72,0.032863849765258225,0.46173232524207475,0.0,0.0,0.1412675821706268,0.30084326065858796,0.15957567848796117
us3r-network,2023-04-01,0,0,0,0,0,0,0,0,4,3,5,6,5,4,4,4,5,0.0,4.5,0.0,0.9258200997725514,4.5,inf,0.0,0.003968253968253969,0.0,0.0,-0.19044289570186956,-0.016657274450659044,0.17378562125121053
algoveraai,2021-11-01,0,0,0,0,0,0,0,0,5,2,5,4,5,4,5,5,6,0.0,4.5,0.0,1.1952286093343936,4.5,inf,0.0,0.5357142857142859,0.0,0.0,-0.19044289570186956,-0.016657274450659044,0.17378562125121053
ethhub-io,2019-02-01,0,0,0,0,0,0,38,44,19,18,14,16,13,17,15,15,8,10.25,14.5,19.046934511509043,3.070597894314954,4.25,0.4146341463414634,0.5813011560205892,0.3694083694083695,0.0,0.0,0.35356228800902445,0.49134358172413617,0.13778129371511172
probe-lab,2024-04-01,0,1,2,1,1,8,11,10,14,16,8,8,7,7,6,9,7,4.25,8.5,4.590362575159894,3.1622776601683795,4.25,1.0,0.7685230024213073,0.3482993197278912,0.0,0.0,0.03512022925142795,0.18654306801925902,0.15142283876783108
ethereum-attestation-service,2023-08-01,2,2,3,2,3,9,12,11,11,8,6,8,15,7,16,8,10,5.5,9.75,4.375255094603872,3.7321001364608946,4.25,0.7727272727272727,0.773987206823028,0.09768009768009767,0.0,0.0,0.10146232482592722,0.25004317504110846,0.14858085021518125
ethstorage,2024-01-01,4,4,4,8,9,7,7,9,12,10,13,14,10,10,11,10,8,6.5,10.75,2.2038926600773587,1.9086270308410553,4.25,0.6538461538461539,0.6302521008403364,0.3370681605975723,0.0,0.0,0.15453600128552664,0.30084326065858796,0.14630725937306133
supermodular-xyz,2023-06-01,0,1,2,2,5,3,6,4,3,19,13,7,4,6,3,2,2,2.875,7.0,2.03100960115899,6.047431568147635,4.125,1.434782608695652,0.7175840032982892,0.7872023809523812,0.0,0.0,-0.03785607588052124,0.11034293959303976,0.148199015473561
lifinance,2021-06-01,0,0,0,0,0,0,0,0,0,2,4,4,3,4,4,6,6,0.0,4.125,0.0,1.3562026818605375,4.125,inf,0.0,0.7031900138696254,0.0,0.0,-0.19044289570186956,-0.035707306557213866,0.15473558914465568
banyancomputer,2022-03-01,0,0,0,0,0,0,0,0,0,0,1,1,2,10,8,7,4,0.0,4.125,0.0,3.758324094593227,4.125,inf,0.0,0.45566191078201185,0.0,0.0,-0.19044289570186956,-0.035707306557213866,0.15473558914465568
ambiretech,2023-11-01,11,11,11,12,7,5,5,4,4,7,10,13,12,13,13,16,14,8.25,12.25,3.3273756282434617,2.712405363721075,4.0,0.48484848484848486,0.799078341013825,0.7397133610725842,0.0,0.0,0.24741493508982565,0.3770433890848072,0.12962845399498157
paulmillr,2021-04-01,9,1,5,8,7,14,7,10,8,8,17,16,10,11,4,13,12,7.625,11.375,3.77728171346236,4.2067123233504535,3.75,0.4918032786885246,0.23654568210262827,0.03502955167940032,0.0,0.0,0.214243887302576,0.33259331416951265,0.11834942686693664
orange-wallet,2021-06-01,0,0,0,0,0,0,0,1,2,1,3,1,4,5,6,9,2,0.125,3.875,0.3535533905932738,2.748376143938713,3.75,30.0,0.3333333333333334,0.316221997073061,0.0,0.0,-0.18380868614441964,-0.04840732796158374,0.13540135818283588
nounspace,2024-08-01,0,0,0,1,3,4,8,11,9,9,7,5,7,8,6,6,9,3.375,7.125,4.138236339311712,1.4577379737113252,3.75,1.1111111111111112,0.8521277123988282,0.00040016006402561027,0.0,0.0,-0.011319237650721537,0.1166929502952247,0.12801218794594624
astrodevs-labs,2023-09-01,0,0,0,0,0,0,2,4,4,3,4,2,4,4,5,7,7,0.75,4.5,1.4880476182856899,1.7728105208558367,3.75,5.0,0.554531490015361,0.7316017316017316,0.0,0.0,-0.15063763835717,-0.016657274450659044,0.13398036390651097
ephemery-testnet,2023-04-01,0,0,0,0,0,0,0,0,2,3,3,3,7,7,2,3,1,0.0,3.625,0.0,2.1998376563477846,3.625,inf,0.0,0.050781936390792495,0.0,0.0,-0.19044289570186956,-0.06110734936595363,0.12933554633591593
pairwise-general-magic,2023-04-01,0,0,0,0,0,0,0,0,0,0,0,0,3,5,8,11,2,0.0,3.625,0.0,4.103569874424672,3.625,inf,0.0,0.45573902943998384,0.0,0.0,-0.19044289570186956,-0.06110734936595363,0.12933554633591593
filswan,2022-03-01,5,6,5,5,6,10,9,9,10,9,8,10,10,11,15,10,11,6.875,10.5,2.100170061141308,2.0701966780270626,3.625,0.5272727272727272,0.6711008289955663,0.31746031746031744,0.0,0.0,0.17443862995787643,0.2881432392542181,0.11370460929634166
clrfund,2020-04-01,0,0,0,0,0,0,0,0,2,2,6,3,4,3,4,3,3,0.0,3.5,0.0,1.1952286093343936,3.5,inf,0.0,0.021428571428571432,0.0,0.0,-0.19044289570186956,-0.06745736006813856,0.122985535633731
lexdao,2020-02-01,0,0,0,0,1,3,2,3,3,1,2,5,10,7,4,4,4,1.125,4.625,1.3562026818605375,2.8252686345094435,3.5,3.111111111111111,0.777161349976884,0.0665814424203686,0.0,0.0,-0.1307350096848202,-0.010307263748474106,0.12042774593634611
0xfacet,2023-08-01,0,0,0,0,0,0,0,0,0,0,1,6,7,6,3,3,2,0.0,3.5,0.0,2.5634797778466227,3.5,inf,0.0,0.025362318840579722,0.0,0.0,-0.19044289570186956,-0.06745736006813856,0.122985535633731
naturalselectionlabs,2021-06-01,0,0,0,0,0,0,0,2,5,5,3,1,1,3,3,4,10,0.25,3.75,0.7071067811865476,2.866057521105554,3.5,14.0,0.3333333333333334,0.2385093167701864,0.0,0.0,-0.17717447658696972,-0.05475733866376869,0.12241713792320102
givepraise,2022-06-01,0,0,0,0,0,0,0,0,0,0,0,0,0,3,9,7,9,0.0,3.5,0.0,4.174754056057845,3.5,inf,0.0,0.7993754879000783,0.0,0.0,-0.19044289570186956,-0.06745736006813856,0.122985535633731
aletheia-data,2021-09-01,0,0,0,0,0,0,0,0,0,0,3,2,3,4,5,5,5,0.0,3.375,0.0,1.7677669529663689,3.375,inf,0.0,0.8231292517006804,0.0,0.0,-0.19044289570186956,-0.07380737077032351,0.11663552493154605
artizen-fund,2022-06-01,0,0,0,0,0,0,0,0,3,3,3,3,5,3,4,3,3,0.0,3.375,0.0,0.7440238091428449,3.375,inf,0.0,0.001536098310291859,0.0,0.0,-0.19044289570186956,-0.07380737077032351,0.11663552493154605
greenpill-dev-guild,2024-04-01,0,0,0,0,0,0,0,1,1,2,3,3,4,3,8,2,3,0.125,3.5,0.3535533905932738,1.927248223318863,3.375,27.0,0.3333333333333334,0.058608058608058615,0.0,0.0,-0.18380868614441964,-0.06745736006813856,0.11635132607628108
desciworlddao,2022-08-01,0,0,0,0,0,0,0,0,0,0,1,8,3,3,5,5,2,0.0,3.375,0.0,2.5599944196367748,3.375,inf,0.0,0.08109510834306477,0.0,0.0,-0.19044289570186956,-0.07380737077032351,0.11663552493154605
peeramid-labs,2024-08-01,0,0,0,0,0,0,0,0,2,2,3,4,4,3,3,3,4,0.0,3.25,0.0,0.7071067811865476,3.25,inf,0.0,0.1700680272108843,0.0,0.0,-0.19044289570186956,-0.08015738147250845,0.11028551422936111
0xfableorg,2023-08-01,0,0,0,0,0,0,0,0,3,0,4,2,5,5,5,3,2,0.0,3.25,0.0,1.8322507626258084,3.25,inf,0.0,0.08206686930091188,0.0,0.0,-0.19044289570186956,-0.08015738147250845,0.11028551422936111
ethersphere,2020-04-01,17,21,18,17,12,13,14,14,10,15,17,21,18,16,18,22,25,15.75,19.0,3.011881234615431,3.3806170189140663,3.25,0.20634920634920634,0.5414323209598798,0.525,0.0,0.0,0.6454675085368212,0.7199439670027941,0.07447645846597284
ethui,2024-04-01,0,0,0,0,0,0,0,4,3,3,4,4,3,3,5,2,5,0.5,3.625,1.4142135623730951,1.0606601717798212,3.125,6.25,0.3333333333333334,0.03703703703703705,0.0,0.0,-0.16390605747206985,-0.06110734936595363,0.10279870810611622
growthepie,2023-08-01,0,0,0,0,0,0,2,4,3,3,4,5,3,3,4,5,4,0.75,3.875,1.4880476182856899,0.8345229603962802,3.125,4.166666666666667,0.554531490015361,0.0989010989010989,0.0,0.0,-0.15063763835717,-0.04840732796158374,0.10223031039558626
hats-protocol,2022-06-01,0,0,0,0,0,0,1,1,3,4,3,2,1,2,4,5,6,0.25,3.375,0.4629100498862757,1.6850180160122068,3.125,12.5,0.5714285714285715,0.287810721772986,0.0,0.0,-0.17717447658696972,-0.07380737077032351,0.10336710581664621
akula-bft,2022-05-01,3,5,4,4,8,4,3,3,5,3,11,20,13,6,6,0,0,4.25,7.375,1.6690459207925603,6.926914382114366,3.125,0.7352941176470589,0.010989010989010992,0.27690644549595056,0.0,0.0,0.03512022925142795,0.12939297169959457,0.09427274244816662
lenspost-labs,2024-04-01,0,0,0,0,0,0,0,0,5,3,4,3,4,2,4,2,2,0.0,3.0,0.0,0.9258200997725514,3.0,inf,0.0,0.253968253968254,0.0,0.0,-0.19044289570186956,-0.09285740287687833,0.09758549282499124
viaprize,2023-04-01,0,0,0,0,0,0,0,0,7,0,0,0,4,5,5,5,5,0.0,3.0,0.0,2.5071326821120348,3.0,inf,0.0,0.7813852813852814,0.0,0.0,-0.19044289570186956,-0.09285740287687833,0.09758549282499124
citizenwallet,2023-08-01,0,0,0,0,0,0,2,4,2,3,2,3,4,4,4,5,5,0.75,3.75,1.4880476182856899,1.0350983390135313,3.0,4.0,0.554531490015361,0.8126984126984128,0.0,0.0,-0.15063763835717,-0.05475733866376869,0.09588029969340131
0xparc,2022-03-01,0,0,0,0,0,0,3,5,9,7,2,4,2,5,4,5,2,1.0,3.875,1.927248223318863,1.807721533549109,2.875,2.875,0.5723443223443225,0.0752016653655998,0.0,0.0,-0.13736921924227016,-0.04840732796158374,0.08896189128068642
l2beat,2021-11-01,0,0,0,3,6,6,18,2,11,7,11,7,6,3,4,8,12,4.375,7.25,6.045954964153424,3.1052950170405937,2.875,0.6571428571428571,0.3634819829250704,0.005643738977072313,0.0,0.0,0.04175443880887788,0.12304296099740963,0.08128852218853175
torquefi,2023-09-01,0,0,0,0,0,0,2,1,4,4,5,3,4,3,3,2,2,0.375,3.25,0.7440238091428449,1.0350983390135313,2.875,7.666666666666667,0.4439324116743472,0.7142857142857144,0.0,0.0,-0.1705402670295198,-0.08015738147250845,0.09038288555701135
0xeigenlabs,2022-08-01,0,0,0,0,0,0,0,0,2,1,3,3,2,2,2,3,7,0.0,2.875,0.0,1.807721533549109,2.875,inf,0.0,0.39578454332552704,0.0,0.0,-0.19044289570186956,-0.09920741357906326,0.0912354821228063
plume-sig,2023-04-01,0,0,0,0,0,0,0,0,1,3,0,3,1,4,4,4,3,0.0,2.75,0.0,1.4880476182856899,2.75,inf,0.0,0.2596006144393241,0.0,0.0,-0.19044289570186956,-0.1055574242812482,0.08488547142062136
commons-stack,2020-02-01,6,1,6,1,6,10,5,7,5,9,6,1,4,8,11,14,11,5.25,8.0,3.011881234615431,4.208834246473209,2.75,0.5238095238095238,0.1814773153355831,0.37173579109062993,0.0,0.0,0.08819390571102736,0.16114302521051926,0.0729491194994919
gnosischain,2023-04-01,18,15,13,18,18,19,12,13,15,15,19,21,18,18,14,23,20,15.75,18.5,2.8157719063467175,2.9760952365713798,2.75,0.1746031746031746,0.10982410982410987,0.1109831029185868,0.0,0.0,0.6454675085368212,0.6945439241940543,0.049076415657233086
simplefi-finance,2021-03-01,0,0,0,0,0,0,0,0,0,0,1,7,3,2,3,2,4,0.0,2.75,0.0,2.1213203435596424,2.75,inf,0.0,0.07558578987150415,0.0,0.0,-0.19044289570186956,-0.1055574242812482,0.08488547142062136
shenanigandapp,2020-07-01,0,0,0,1,2,2,3,1,1,2,7,5,4,3,2,3,5,1.125,3.875,1.1259916264596033,1.7268882005337973,2.75,2.4444444444444446,0.5640509725016768,0.023096663815226688,0.0,0.0,-0.1307350096848202,-0.04840732796158374,0.08232768172323647
moleculeprotocol,2022-08-01,0,0,0,0,0,0,0,0,0,0,0,0,2,4,4,5,6,0.0,2.625,0.0,2.445841952609133,2.625,inf,0.0,0.9326226012793178,0.0,0.0,-0.19044289570186956,-0.11190743498343314,0.07853546071843642
quest-chains,2022-08-01,0,0,0,0,0,0,0,4,4,3,4,5,3,4,3,2,1,0.5,3.125,1.4142135623730951,1.2464234547582247,2.625,5.25,0.3333333333333334,0.46031746031746046,0.0,0.0,-0.16390605747206985,-0.08650739217469339,0.07739866529737646
defi-wonderland,2022-08-01,5,2,0,3,0,2,7,7,12,8,7,7,5,8,5,4,3,3.25,5.875,2.8157719063467175,1.8850918886280925,2.625,0.8076923076923077,0.18918918918918923,0.6721703756879637,0.0,0.0,-0.017953447208171464,0.05319284327337529,0.07114629048154675
metagov,2020-12-01,0,0,0,0,0,0,0,0,0,3,1,2,2,5,5,2,1,0.0,2.625,0.0,1.5979898086569353,2.625,inf,0.0,0.002997002997002997,0.0,0.0,-0.19044289570186956,-0.11190743498343314,0.07853546071843642
passportxyz,2024-10-01,0,0,0,2,5,6,11,7,8,7,7,6,7,6,8,6,4,3.875,6.375,4.051013982414068,1.1877349391654206,2.5,0.6451612903225806,0.8096274418363647,0.2658227848101267,0.0,0.0,0.01521760057907817,0.07859288608211505,0.06337528550303688
geo-web,2020-12-01,0,0,0,2,4,1,4,3,3,3,3,3,5,5,5,4,6,1.75,4.25,1.752549163769328,1.1649647450214349,2.5,1.4285714285714286,0.5858250276854929,0.6416040100250628,0.0,0.0,-0.09756396189757059,-0.029357295855028925,0.06820666604254166
spect-ai,2021-11-01,0,0,0,0,0,0,0,0,0,0,0,4,2,3,5,4,2,0.0,2.5,0.0,1.8516401995451028,2.5,inf,0.0,0.3581349206349206,0.0,0.0,-0.19044289570186956,-0.11825744568561808,0.07218545001625148
amphitheatre-app,2023-11-01,2,1,1,2,2,2,2,2,3,7,7,5,3,2,5,3,2,1.75,4.25,0.4629100498862757,2.052872551885702,2.5,1.4285714285714286,0.253968253968254,0.6327683615819213,0.0,0.0,-0.09756396189757059,-0.029357295855028925,0.06820666604254166
rndao,2022-06-01,0,0,0,0,0,0,0,0,0,1,1,0,0,1,2,6,9,0.0,2.5,0.0,3.251373336211726,2.5,inf,0.0,0.6229086229086231,0.0,0.0,-0.19044289570186956,-0.11825744568561808,0.07218545001625148
dappnode,2019-10-01,8,6,9,7,10,7,5,7,8,7,8,10,9,8,8,12,17,7.375,9.875,1.5979898086569353,3.2705394924123103,2.5,0.3389830508474576,0.07492507492507493,0.5476587964067094,0.0,0.0,0.20097546818767612,0.2563931857432934,0.05541771755561728
blobscan,2023-04-01,0,0,0,0,1,4,2,5,4,4,4,5,4,3,3,5,3,1.5,3.875,2.0,0.8345229603962802,2.375,1.5833333333333333,0.7151360544217688,0.0989010989010989,0.0,0.0,-0.11083238101247045,-0.04840732796158374,0.062425053050886706
flow-state-coop,2024-04-01,0,0,0,0,0,0,0,0,0,3,4,2,3,2,1,1,2,0.0,2.25,0.0,1.0350983390135313,2.25,inf,0.0,0.5365079365079365,0.0,0.0,-0.19044289570186956,-0.13095746708998796,0.05948542861188161
creativeplatform,2022-06-01,0,0,0,0,0,0,0,3,1,2,3,2,1,3,4,3,3,0.375,2.625,1.0606601717798212,0.9161253813129042,2.25,6.0,0.3333333333333334,0.22796352583586635,0.0,0.0,-0.1705402670295198,-0.11190743498343314,0.05863283204608666
vocdoni,2020-02-01,3,3,5,2,3,3,3,4,1,6,6,5,4,7,3,5,8,3.25,5.5,0.8864052604279183,1.6035674514745462,2.25,0.6923076923076923,0.004329004329004329,0.01190476190476191,0.0,0.0,-0.017953447208171464,0.034142811166820476,0.05209625837499194
rolod0x,2024-04-01,0,0,0,0,0,0,0,0,2,2,2,2,2,2,3,3,2,0.0,2.25,0.0,0.4629100498862757,2.25,inf,0.0,0.253968253968254,0.0,0.0,-0.19044289570186956,-0.13095746708998796,0.05948542861188161
efdevcon,2022-08-01,4,4,3,2,2,3,8,6,13,9,17,5,5,5,2,2,5,4.0,6.25,2.0701966780270626,4.862392121462145,2.25,0.5625,0.2293650793650794,0.4511581067472308,0.0,0.0,0.021851810136528097,0.07224287537993011,0.05039106524340202
alphawallet,2020-12-01,13,13,13,10,12,15,16,14,18,10,12,16,14,18,16,17,21,13.25,15.5,1.8322507626258084,3.4641016151377544,2.25,0.16981132075471697,0.22796352583586635,0.7962018140589572,0.0,0.0,0.5127833173878227,0.5421436673416157,0.029360349953792997
fileverse,2022-03-01,0,0,0,0,0,0,0,1,4,3,3,3,3,2,1,2,2,0.125,2.375,0.3535533905932738,0.7440238091428449,2.25,18.0,0.3333333333333334,0.554531490015361,0.0,0.0,-0.18380868614441964,-0.12460745638780302,0.059201229756616625
plebbit,2022-06-01,0,2,0,3,3,3,4,3,3,4,7,5,4,4,4,4,4,2.25,4.5,1.4880476182856899,1.0690449676496976,2.25,1.0,0.6144393241167434,0.24107142857142852,0.0,0.0,-0.07102712366777088,-0.016657274450659044,0.05436984921711183
migalabs,2021-06-01,0,0,0,0,0,0,0,0,4,3,3,2,2,2,3,1,1,0.0,2.125,0.0,0.8345229603962802,2.125,inf,0.0,0.5384615384615385,0.0,0.0,-0.19044289570186956,-0.1373074777921729,0.05313541790969667
drand,2024-10-01,8,6,4,4,4,6,6,6,6,5,5,7,12,7,10,11,4,5.5,7.625,1.4142135623730951,3.020761493398643,2.125,0.38636363636363635,0.027210884353741496,0.0679340229242382,0.0,0.0,0.10146232482592722,0.14209299310396445,0.04063066827803723
popcraft-themetacat,2024-10-01,0,0,0,0,0,0,0,2,2,2,3,3,2,3,3,2,1,0.25,2.375,0.7071067811865476,0.7440238091428449,2.125,8.5,0.3333333333333334,0.18586789554531497,0.0,0.0,-0.17717447658696972,-0.12460745638780302,0.0525670201991667
paraswap,2020-04-01,0,0,1,1,1,1,1,2,2,1,1,3,3,4,4,5,3,0.875,3.0,0.6408699444616557,1.4142135623730951,2.125,2.4285714285714284,0.7474120082815735,0.6139455782312924,0.0,0.0,-0.14400342879972008,-0.09285740287687833,0.05114602592284176
internetmaximalism,2022-08-01,0,0,2,2,1,2,2,1,3,2,2,4,6,2,2,3,6,1.25,3.375,0.8864052604279183,1.7677669529663689,2.125,1.7,0.27705627705627706,0.14394557823129253,0.0,0.0,-0.12410080012737029,-0.07380737077032351,0.05029342935704678
thenamespace,2024-04-01,0,0,0,0,1,0,2,1,2,1,3,3,2,2,4,3,3,0.5,2.625,0.7559289460184544,0.9161253813129042,2.125,4.25,0.4821428571428571,0.29280648429584616,0.0,0.0,-0.16390605747206985,-0.11190743498343314,0.05199862248863671
stereum-dev,2021-03-01,0,0,0,0,7,5,4,4,4,4,6,3,6,5,7,4,2,2.5,4.625,2.8284271247461903,1.6850180160122068,2.125,0.85,0.5208333333333333,0.05061395627433364,0.0,0.0,-0.05775870455287103,-0.010307263748474106,0.04745144080439692
collabberry,2024-08-01,0,0,0,0,0,0,0,1,1,2,3,2,3,3,2,1,2,0.125,2.25,0.3535533905932738,0.7071067811865476,2.125,17.0,0.3333333333333334,0.1700680272108843,0.0,0.0,-0.18380868614441964,-0.13095746708998796,0.052851219054431686
thescinitiative,2022-08-01,0,0,0,0,0,0,0,1,2,6,1,1,1,3,2,3,1,0.125,2.25,0.3535533905932738,1.752549163769328,2.125,17.0,0.3333333333333334,0.11074197120708751,0.0,0.0,-0.18380868614441964,-0.13095746708998796,0.052851219054431686
valist-io,2020-12-01,0,0,0,0,0,0,0,1,1,0,1,0,1,4,4,3,5,0.125,2.25,0.3535533905932738,1.9820624179302297,2.125,17.0,0.3333333333333334,0.7792207792207793,0.0,0.0,-0.18380868614441964,-0.13095746708998796,0.052851219054431686
goerli,2020-04-01,2,1,3,5,4,2,1,1,2,0,0,6,11,9,7,2,0,2.375,4.375,1.5059406173077154,4.438065859293728,2.0,0.8421052631578947,0.04536932883389577,0.00522384837888011,0.0,0.0,-0.06439291411032096,-0.023007285152843986,0.041385628957476966
function03-labs,2023-11-01,0,0,1,0,2,0,1,1,1,1,5,5,2,2,2,3,1,0.625,2.625,0.7440238091428449,1.5979898086569353,2.0,3.2,0.18586789554531497,0.12021312021312018,0.0,0.0,-0.15727184791461993,-0.11190743498343314,0.04536441293118679
longevity-genie,2023-08-01,0,0,0,0,0,0,1,2,3,2,1,2,3,3,3,3,2,0.375,2.375,0.7440238091428449,0.7440238091428449,2.0,5.333333333333333,0.554531490015361,0.2596006144393241,0.0,0.0,-0.1705402670295198,-0.12460745638780302,0.04593281064171678
leastauthority,2020-07-01,0,0,0,2,4,3,1,1,2,1,3,3,2,2,5,5,6,1.375,3.375,1.5059406173077154,1.7677669529663689,2.0,1.4545454545454546,0.198350206224222,0.7077551020408164,0.0,0.0,-0.11746659056992037,-0.07380737077032351,0.04365921979959686
yubiai,2021-11-01,0,0,0,0,0,0,2,2,3,3,4,2,4,0,0,3,3,0.5,2.375,0.9258200997725514,1.5979898086569353,1.875,3.75,0.5714285714285715,0.07492507492507493,0.0,0.0,-0.16390605747206985,-0.12460745638780302,0.03929860108426683
zk-passport,2024-01-01,0,0,0,0,0,1,1,0,0,2,0,2,2,3,1,3,4,0.25,2.125,0.4629100498862757,1.2464234547582247,1.875,7.5,0.253968253968254,0.39901477832512333,0.0,0.0,-0.17717447658696972,-0.1373074777921729,0.039866998794796826
pentaclexyz,2022-08-01,0,0,0,0,0,0,0,0,2,2,2,2,3,3,1,2,0,0.0,1.875,0.0,0.9910312089651149,1.875,inf,0.0,0.2502164502164503,0.0,0.0,-0.19044289570186956,-0.15000749919654277,0.04043539650532679
candide-labs,2023-04-01,0,0,0,4,4,2,3,4,3,7,2,5,6,3,2,4,3,2.125,4.0,1.8850918886280925,1.8516401995451028,1.875,0.8823529411764706,0.5745393634840872,0.2232142857142858,0.0,0.0,-0.07766133322522081,-0.042057317259398805,0.03560401596582201
show-karma,2021-11-01,0,0,0,0,0,0,0,0,0,0,0,0,1,4,3,3,4,0.0,1.875,0.0,1.807721533549109,1.875,inf,0.0,0.7871454592766071,0.0,0.0,-0.19044289570186956,-0.15000749919654277,0.04043539650532679
metisprotocol,2021-09-01,3,5,4,3,4,3,5,4,7,5,8,7,4,4,5,6,7,3.875,5.75,0.8345229603962802,1.4880476182856899,1.875,0.4838709677419355,0.030525030525030524,0.001536098310291859,0.0,0.0,0.01521760057907817,0.04684283257119035,0.03162523199211218
nimi-app,2022-08-01,0,0,0,0,0,0,3,6,5,7,3,2,1,4,3,2,2,1.125,3.0,2.2320714274285347,1.8516401995451028,1.875,1.6666666666666667,0.5545314900153611,0.2867063492063493,0.0,0.0,-0.1307350096848202,-0.09285740287687833,0.03787760680794189
huddle01,2024-03-01,3,5,2,7,2,4,2,5,10,9,2,2,8,9,5,6,4,3.75,5.625,1.8322507626258084,2.8753881725529062,1.875,0.5,0.0,0.002571222873598683,0.0,0.0,0.008583391021628244,0.040492821869005415,0.03190943084737717
aastarcommunity,2024-04-01,4,1,0,4,2,2,1,5,2,2,7,6,5,5,4,2,3,2.375,4.25,1.7677669529663689,1.8322507626258084,1.875,0.7894736842105263,0.03292517006802721,0.14589665653495446,0.0,0.0,-0.06439291411032096,-0.029357295855028925,0.03503561825529203
scamsniffer,2022-06-01,0,0,0,0,0,0,0,1,1,3,2,1,3,2,2,1,2,0.125,2.0,0.3535533905932738,0.7559289460184544,1.875,15.0,0.3333333333333334,0.14880952380952384,0.0,0.0,-0.18380868614441964,-0.14365748849435783,0.04015119765006181
0x-echo,2022-08-01,0,0,0,0,0,0,0,0,0,2,2,2,2,2,2,2,1,0.0,1.875,0.0,0.3535533905932738,1.875,inf,0.0,0.3333333333333334,0.0,0.0,-0.19044289570186956,-0.15000749919654277,0.04043539650532679
tellor-io,2020-04-01,2,3,5,3,3,4,5,5,6,2,3,4,4,5,5,11,11,3.75,5.625,1.1649647450214349,3.461523198989551,1.875,0.5,0.4912280701754388,0.8125044354552553,0.0,0.0,0.008583391021628244,0.040492821869005415,0.03190943084737717
bladedaogames,2023-08-01,0,0,0,0,0,0,0,0,1,2,3,1,3,2,1,1,2,0.0,1.875,0.0,0.8345229603962802,1.875,inf,0.0,0.14774114774114777,0.0,0.0,-0.19044289570186956,-0.15000749919654277,0.04043539650532679
jellycuts,2024-04-01,0,0,0,0,0,0,0,0,1,2,1,3,4,3,2,0,0,0.0,1.875,0.0,1.4577379737113252,1.875,inf,0.0,0.2116846738695478,0.0,0.0,-0.19044289570186956,-0.15000749919654277,0.04043539650532679
gelato,2020-02-01,0,0,0,0,3,2,0,0,1,2,1,2,1,5,3,3,2,0.625,2.375,1.1877349391654206,1.3024701806293193,1.75,2.8,0.048824593128390596,0.1448621553884712,0.0,0.0,-0.15727184791461993,-0.12460745638780302,0.03266439152681691
cybercat-institute,2023-08-01,2,2,2,0,1,0,1,0,2,3,0,1,5,4,3,2,4,1.0,2.75,0.9258200997725514,1.6690459207925603,1.75,1.75,0.5714285714285715,0.14774114774114777,0.0,0.0,-0.13736921924227016,-0.1055574242812482,0.03181179496102196
web3bazaar,2022-06-01,0,0,0,2,2,1,2,0,3,4,6,8,0,0,0,3,0,0.875,2.625,0.9910312089651149,3.1594529363709243,1.75,2.0,0.1463203463203463,0.3824005451912429,0.0,0.0,-0.14400342879972008,-0.11190743498343314,0.032095993816286944
venture-miner,2023-08-01,0,0,0,1,1,2,5,2,0,1,0,3,0,0,4,5,12,1.375,3.125,1.6850180160122068,4.086126352846736,1.75,1.2727272727272727,0.6064690026954179,0.5614973262032088,0.0,0.0,-0.11746659056992037,-0.08650739217469339,0.030959198395226983
opentothepublic,2024-04-01,0,0,0,0,0,0,0,3,2,4,3,0,3,3,1,2,1,0.375,2.125,1.0606601717798212,1.3562026818605375,1.75,4.666666666666667,0.3333333333333334,0.24456773000462326,0.0,0.0,-0.1705402670295198,-0.1373074777921729,0.033232789237346905
astralprotocol,2020-10-01,0,0,0,0,0,0,0,0,0,0,0,2,3,3,2,3,1,0.0,1.75,0.0,1.2817398889233114,1.75,inf,0.0,0.25051759834368537,0.0,0.0,-0.19044289570186956,-0.15635750989872774,0.03408538580314183
upala-digital-identity,2020-07-01,0,0,0,0,0,0,0,0,0,3,2,2,1,1,1,3,0,0.0,1.625,0.0,1.0606601717798212,1.625,inf,0.0,0.27286470143613006,0.0,0.0,-0.19044289570186956,-0.16270752060091268,0.02773537510095689
samepage-network,2022-08-01,0,0,0,0,0,0,0,0,0,0,0,1,2,2,2,4,2,0.0,1.625,0.0,1.3024701806293193,1.625,inf,0.0,0.6862155388471177,0.0,0.0,-0.19044289570186956,-0.16270752060091268,0.02773537510095689
auditdbio,2023-11-01,2,0,0,0,0,3,1,2,3,2,2,4,2,3,3,2,3,1.0,2.625,1.1952286093343936,0.7440238091428449,1.625,1.625,0.11666666666666672,0.03840245775729646,0.0,0.0,-0.13736921924227016,-0.11190743498343314,0.025461784258837022
impact-stream-0xprimordia,2023-08-01,0,0,0,0,0,4,1,1,1,3,5,4,3,0,1,2,1,0.75,2.375,1.3887301496588271,1.6850180160122068,1.625,2.1666666666666665,0.253968253968254,0.503444144953579,0.0,0.0,-0.15063763835717,-0.12460745638780302,0.02603018196936699
chainwayxyz,2023-04-01,0,1,0,0,0,1,0,0,1,0,0,1,3,5,3,2,1,0.25,1.875,0.4629100498862757,1.7268882005337973,1.625,6.5,0.015873015873015876,0.17821499857428005,0.0,0.0,-0.17717447658696972,-0.15000749919654277,0.02716697739042695
corpus-io,2023-04-01,0,0,0,0,0,1,2,2,2,3,2,2,2,3,2,3,1,0.625,2.25,0.9161253813129042,0.7071067811865476,1.625,2.6,0.7386018237082068,0.10884353741496598,0.0,0.0,-0.15727184791461993,-0.13095746708998796,0.026314380824631972
lume-web,2022-03-01,0,0,0,0,0,0,0,2,2,2,2,2,2,2,2,1,2,0.25,1.875,0.7071067811865476,0.3535533905932738,1.625,6.5,0.3333333333333334,0.1700680272108843,0.0,0.0,-0.17717447658696972,-0.15000749919654277,0.02716697739042695
donft,2022-06-01,0,0,0,0,0,2,1,3,1,2,4,3,4,2,1,0,3,0.75,2.375,1.1649647450214349,1.4078859531733587,1.625,2.1666666666666665,0.6416040100250628,0.18918918918918923,0.0,0.0,-0.15063763835717,-0.12460745638780302,0.02603018196936699
phi-labs-inc,2022-06-01,0,0,0,0,0,0,0,0,0,0,1,2,1,2,2,3,2,0.0,1.625,0.0,0.9161253813129042,1.625,inf,0.0,0.6332320162107398,0.0,0.0,-0.19044289570186956,-0.16270752060091268,0.02773537510095689
luncosim,2022-06-01,0,0,0,0,0,0,0,3,2,1,6,1,1,2,1,2,1,0.375,1.875,1.0606601717798212,1.7268882005337973,1.5,4.0,0.3333333333333334,0.10293698317650415,0.0,0.0,-0.1705402670295198,-0.15000749919654277,0.020532767832977028
pattern-tech,2024-08-01,0,0,0,0,0,0,0,2,3,0,0,1,1,1,3,3,5,0.25,1.75,0.7071067811865476,1.752549163769328,1.5,6.0,0.3333333333333334,0.8682170542635662,0.0,0.0,-0.17717447658696972,-0.15635750989872774,0.020816966688241983
blockchain-kami,2024-04-01,0,0,0,0,0,0,0,0,1,2,1,2,2,2,2,1,0,0.0,1.5,0.0,0.7559289460184544,1.5,inf,0.0,0.29166666666666685,0.0,0.0,-0.19044289570186956,-0.1690575313030976,0.02138536439877195
0xbootleggers,2023-04-01,0,0,0,0,0,0,1,1,0,2,2,2,2,1,2,1,2,0.25,1.75,0.4629100498862757,0.4629100498862757,1.5,6.0,0.5714285714285715,0.14285714285714288,0.0,0.0,-0.17717447658696972,-0.15635750989872774,0.020816966688241983
icdevsorg,2023-11-01,0,0,0,0,0,0,0,0,1,1,1,0,2,2,1,2,3,0.0,1.5,0.0,0.9258200997725514,1.5,inf,0.0,0.4801587301587303,0.0,0.0,-0.19044289570186956,-0.1690575313030976,0.02138536439877195
reach-sh,2020-02-01,0,0,0,2,2,1,1,2,1,2,1,1,2,4,4,4,2,1.0,2.5,0.9258200997725514,1.3093073414159542,1.5,1.5,0.4801587301587303,0.33531746031746035,0.0,0.0,-0.13736921924227016,-0.11825744568561808,0.019111773556652084
rentality-xyz,2024-04-01,0,0,0,0,0,0,0,0,0,0,0,0,0,2,0,2,8,0.0,1.5,0.0,2.7774602993176543,1.5,inf,0.0,0.5097001763668432,0.0,0.0,-0.19044289570186956,-0.1690575313030976,0.02138536439877195
crypto-jobs-crawler,2023-04-01,0,0,0,0,0,0,0,0,2,3,2,2,1,1,1,1,1,0.0,1.5,0.0,0.7559289460184544,1.5,inf,0.0,0.7202380952380955,0.0,0.0,-0.19044289570186956,-0.1690575313030976,0.02138536439877195
0xdeadlist,2022-08-01,0,0,0,0,0,0,0,2,2,1,1,2,3,2,1,1,3,0.25,1.75,0.7071067811865476,0.8864052604279183,1.5,6.0,0.3333333333333334,0.1082251082251082,0.0,0.0,-0.17717447658696972,-0.15635750989872774,0.020816966688241983
pizzadao,2021-03-01,0,0,0,0,0,0,0,0,10,2,3,0,1,1,2,1,2,0.0,1.5,0.0,0.9258200997725514,1.5,inf,0.0,0.015873015873015876,0.0,0.0,-0.19044289570186956,-0.1690575313030976,0.02138536439877195
goodhive,2023-04-01,0,0,0,0,2,2,2,2,4,3,3,3,0,3,2,3,2,1.0,2.375,1.0690449676496976,1.0606601717798212,1.375,1.375,0.761904761904762,0.03703703703703705,0.0,0.0,-0.13736921924227016,-0.12460745638780302,0.012761762854467146
opscientia,2021-06-01,0,0,0,0,0,1,2,4,3,1,2,3,3,2,2,3,2,0.875,2.25,1.4577379737113252,0.7071067811865476,1.375,1.5714285714285714,0.6726690676270508,0.10884353741496598,0.0,0.0,-0.14400342879972008,-0.13095746708998796,0.013045961709732129
arbitrumhub,2024-04-01,0,0,0,0,0,0,0,0,2,4,3,2,2,0,0,0,0,0.0,1.375,0.0,1.5979898086569353,1.375,inf,0.0,0.8661338661338662,0.0,0.0,-0.19044289570186956,-0.17540754200528255,0.015035353696587012
eppie-io,2023-04-01,0,0,3,3,4,4,5,4,6,4,5,5,4,5,5,3,3,2.875,4.25,1.8850918886280925,0.8864052604279183,1.375,0.4782608695652174,0.7774587221823402,0.27705627705627706,0.0,0.0,-0.03785607588052124,-0.029357295855028925,0.008498780025492318
kodadot,2020-04-01,0,0,0,0,0,0,0,0,2,2,1,2,2,3,0,0,1,0.0,1.375,0.0,1.0606601717798212,1.375,inf,0.0,0.2184429327286471,0.0,0.0,-0.19044289570186956,-0.17540754200528255,0.015035353696587012
all-weather-protocol,2023-09-01,0,0,0,0,0,0,1,3,2,1,2,2,2,2,2,2,2,0.5,1.875,1.0690449676496976,0.3535533905932738,1.375,2.75,0.5029761904761905,0.3333333333333334,0.0,0.0,-0.16390605747206985,-0.15000749919654277,0.013898558275527079
guild-w,2021-06-01,0,0,0,0,0,0,0,0,0,0,0,3,4,2,2,0,0,0.0,1.375,0.0,1.5979898086569353,1.375,inf,0.0,0.008325008325008322,0.0,0.0,-0.19044289570186956,-0.17540754200528255,0.015035353696587012
regenerativefi,2024-08-01,0,0,0,0,0,0,0,0,0,0,1,1,2,2,2,2,1,0.0,1.375,0.0,0.7440238091428449,1.375,inf,0.0,0.34562211981566837,0.0,0.0,-0.19044289570186956,-0.17540754200528255,0.015035353696587012
labdao,2022-08-01,0,0,3,4,8,4,4,4,2,2,4,2,2,8,8,7,5,3.375,4.75,2.5599944196367748,2.659215781283755,1.375,0.4074074074074074,0.39250032438043353,0.43290043290043295,0.0,0.0,-0.011319237650721537,-0.003957253046289166,0.007361984604432371
dbookmarket,2022-06-01,0,0,0,0,0,0,0,1,3,2,2,1,1,2,1,0,3,0.125,1.5,0.3535533905932738,0.9258200997725514,1.375,11.0,0.3333333333333334,0.003968253968253969,0.0,0.0,-0.18380868614441964,-0.1690575313030976,0.014751154841322028
elefria-labs,2023-04-01,0,0,0,0,0,0,0,0,1,1,1,1,1,1,2,2,2,0.0,1.375,0.0,0.5175491695067657,1.375,inf,0.0,0.7142857142857144,0.0,0.0,-0.19044289570186956,-0.17540754200528255,0.015035353696587012
mississippi-labs,2023-11-01,0,0,0,0,0,0,3,5,5,5,4,2,3,2,2,1,0,1.0,2.375,1.927248223318863,1.5979898086569353,1.375,1.375,0.5723443223443225,0.8661338661338662,0.0,0.0,-0.13736921924227016,-0.12460745638780302,0.012761762854467146
namesys-eth,2023-04-01,0,1,0,1,0,0,0,2,2,3,1,3,1,3,1,1,2,0.5,1.875,0.7559289460184544,0.9910312089651149,1.375,2.75,0.09523809523809527,0.10476190476190475,0.0,0.0,-0.16390605747206985,-0.15000749919654277,0.013898558275527079
talent-dao,2022-03-01,0,0,0,0,0,0,0,0,0,0,0,0,0,0,3,5,3,0.0,1.375,0.0,1.9955307206712847,1.375,inf,0.0,0.6459534486440318,0.0,0.0,-0.19044289570186956,-0.17540754200528255,0.015035353696587012
mach-34,2023-04-01,0,0,2,0,0,0,1,1,1,1,1,2,2,1,3,2,2,0.5,1.75,0.7559289460184544,0.7071067811865476,1.25,2.5,0.05357142857142858,0.3333333333333334,0.0,0.0,-0.16390605747206985,-0.15635750989872774,0.007548547573342113
somos-colledge,2023-04-01,0,0,0,0,0,0,0,1,1,2,1,1,2,2,1,1,1,0.125,1.375,0.3535533905932738,0.5175491695067657,1.25,10.0,0.3333333333333334,0.1555555555555556,0.0,0.0,-0.18380868614441964,-0.17540754200528255,0.00840114413913709
poapin-glory-lab,2022-06-01,0,0,0,0,0,0,0,0,0,0,3,2,1,1,0,1,2,0.0,1.25,0.0,1.0350983390135313,1.25,inf,0.0,0.003174603174603175,0.0,0.0,-0.19044289570186956,-0.1817575527074675,0.008685342994402073
metrics-garden-labs,2024-03-01,0,0,0,0,0,0,0,0,1,1,1,1,1,1,1,3,1,0.0,1.25,0.0,0.7071067811865476,1.25,inf,0.0,0.1700680272108843,0.0,0.0,-0.19044289570186956,-0.1817575527074675,0.008685342994402073
poscidondao,2024-03-01,0,0,0,0,0,1,1,1,1,2,2,2,2,1,1,2,1,0.375,1.625,0.5175491695067657,0.5175491695067657,1.25,3.3333333333333335,0.7142857142857144,0.38412698412698415,0.0,0.0,-0.1705402670295198,-0.16270752060091268,0.007832746428607124
surge-dao,2021-11-01,0,0,0,0,0,0,0,0,0,0,0,0,5,5,0,0,0,0.0,1.25,0.0,2.3145502494313788,1.25,inf,0.0,0.0,0.0,0.0,-0.19044289570186956,-0.1817575527074675,0.008685342994402073
nom-land,2023-08-01,0,0,0,0,0,0,1,1,2,2,1,2,2,1,1,2,1,0.25,1.5,0.4629100498862757,0.5345224838248488,1.25,5.0,0.5714285714285715,0.10714285714285716,0.0,0.0,-0.17717447658696972,-0.1690575313030976,0.008116945283872107
asseth,2020-12-01,0,0,0,0,0,2,0,2,5,3,0,3,1,3,3,0,1,0.5,1.75,0.9258200997725514,1.3887301496588271,1.25,2.5,0.3968253968253968,0.0634920634920635,0.0,0.0,-0.16390605747206985,-0.15635750989872774,0.007548547573342113
l2planet,2022-03-01,0,0,0,0,0,0,0,0,0,0,0,0,0,0,1,3,6,0.0,1.25,0.0,2.187627547301936,1.25,inf,0.0,0.6396588486140727,0.0,0.0,-0.19044289570186956,-0.1817575527074675,0.008685342994402073
choraclub,2024-04-01,0,0,0,0,0,0,1,2,3,1,4,1,0,1,3,0,3,0.375,1.625,0.7440238091428449,1.5059406173077154,1.25,3.3333333333333335,0.554531490015361,0.0003749531308586427,0.0,0.0,-0.1705402670295198,-0.16270752060091268,0.007832746428607124
tx-city,2024-08-01,0,0,0,0,0,0,0,0,2,2,1,1,2,1,1,1,1,0.0,1.25,0.0,0.4629100498862757,1.25,inf,0.0,0.253968253968254,0.0,0.0,-0.19044289570186956,-0.1817575527074675,0.008685342994402073
examp-llc,2022-03-01,0,0,0,0,0,0,0,1,0,1,1,1,3,3,1,1,0,0.125,1.375,0.3535533905932738,1.0606601717798212,1.25,10.0,0.3333333333333334,0.03703703703703705,0.0,0.0,-0.18380868614441964,-0.17540754200528255,0.00840114413913709
militereum,2023-08-01,0,0,0,0,0,0,0,0,1,2,1,2,1,1,1,1,1,0.0,1.25,0.0,0.4629100498862757,1.25,inf,0.0,0.3968253968253968,0.0,0.0,-0.19044289570186956,-0.1817575527074675,0.008685342994402073
edendao,2021-11-01,0,0,1,1,0,0,0,0,0,2,2,1,1,2,1,2,1,0.25,1.5,0.4629100498862757,0.5345224838248488,1.25,5.0,0.0634920634920635,0.10714285714285716,0.0,0.0,-0.17717447658696972,-0.1690575313030976,0.008116945283872107
fractaldotbox,2024-04-01,0,0,0,0,0,0,0,0,0,1,2,1,1,1,1,1,2,0.0,1.25,0.0,0.4629100498862757,1.25,inf,0.0,0.015873015873015876,0.0,0.0,-0.19044289570186956,-0.1817575527074675,0.008685342994402073
porters-xyz,2024-04-01,0,0,0,0,0,2,3,4,3,5,5,2,1,3,2,0,1,1.125,2.375,1.6420805617960925,1.8468119248354136,1.25,1.1111111111111112,0.7571743929359825,0.6484667165295439,0.0,0.0,-0.1307350096848202,-0.12460745638780302,0.006127553297017196
wearekickback,2019-10-01,3,3,4,2,2,4,10,12,8,5,14,7,3,5,9,3,3,5.0,6.125,3.8172540616821107,3.833592123769634,1.125,0.225,0.5604575163398694,0.21529826997627727,0.0,0.0,0.07492548659612751,0.06589286467774517,-0.009032621918382333
m3tering,2023-08-01,0,0,0,0,0,0,0,0,1,1,1,1,1,1,0,1,3,0.0,1.125,0.0,0.8345229603962802,1.125,inf,0.0,0.14774114774114777,0.0,0.0,-0.19044289570186956,-0.18810756340965243,0.002335332292217135
krebitdao,2021-09-01,0,0,0,0,0,0,0,0,0,0,0,0,2,2,2,1,2,0.0,1.125,0.0,0.9910312089651149,1.125,inf,0.0,0.5411255411255411,0.0,0.0,-0.19044289570186956,-0.18810756340965243,0.002335332292217135
fusionx-finance,2023-04-01,0,0,0,0,0,0,0,0,1,0,1,3,2,1,1,1,0,0.0,1.125,0.0,0.9910312089651149,1.125,inf,0.0,0.04242424242424243,0.0,0.0,-0.19044289570186956,-0.18810756340965243,0.002335332292217135
nicenode,2022-06-01,0,0,0,0,0,0,0,0,0,0,0,0,0,0,1,5,3,0.0,1.125,0.0,1.8850918886280925,1.125,inf,0.0,0.5745393634840872,0.0,0.0,-0.19044289570186956,-0.18810756340965243,0.002335332292217135
blockscout,2020-07-01,5,1,3,3,1,2,2,4,2,1,1,4,1,3,3,3,14,2.625,3.75,1.4078859531733587,4.301162633521313,1.125,0.42857142857142855,0.021021021021021026,0.459643316786174,0.0,0.0,-0.0511244949954211,-0.05475733866376869,-0.0036328436683475893
ethereum-burn-stats-mohamedmansour,2020-12-01,0,0,0,0,0,0,0,0,0,0,0,0,0,0,1,3,5,0.0,1.125,0.0,1.8850918886280925,1.125,inf,0.0,0.6721703756879637,0.0,0.0,-0.19044289570186956,-0.18810756340965243,0.002335332292217135
sol-dao,2022-09-01,0,0,0,0,0,0,0,0,8,5,1,1,2,0,0,0,0,0.0,1.125,0.0,1.7268882005337973,1.125,inf,0.0,0.5774165953806674,0.0,0.0,-0.19044289570186956,-0.18810756340965243,0.002335332292217135
circuitscan,2024-04-01,0,0,0,0,0,0,0,0,1,1,1,2,1,1,1,1,1,0.0,1.125,0.0,0.3535533905932738,1.125,inf,0.0,0.061224489795918366,0.0,0.0,-0.19044289570186956,-0.18810756340965243,0.002335332292217135
slice-so,2022-03-01,0,0,0,0,0,0,0,0,0,1,0,1,1,1,1,2,2,0.0,1.125,0.0,0.6408699444616557,1.125,inf,0.0,0.5983436853002073,0.0,0.0,-0.19044289570186956,-0.18810756340965243,0.002335332292217135
punk-domains,2022-03-01,0,0,0,0,0,0,0,1,1,2,1,2,1,1,1,1,1,0.125,1.25,0.3535533905932738,0.4629100498862757,1.125,9.0,0.3333333333333334,0.3968253968253968,0.0,0.0,-0.18380868614441964,-0.1817575527074675,0.0020511334369521517
tonspay,2024-04-01,0,0,0,0,0,1,0,2,2,2,2,2,2,1,2,1,0,0.375,1.5,0.7440238091428449,0.7559289460184544,1.125,3.0,0.4439324116743472,0.5952380952380953,0.0,0.0,-0.1705402670295198,-0.1690575313030976,0.0014827357264221852
distributed-press,2020-10-01,0,0,0,0,0,0,0,0,0,0,1,2,2,2,2,0,0,0.0,1.125,0.0,0.9910312089651149,1.125,inf,0.0,0.021645021645021644,0.0,0.0,-0.19044289570186956,-0.18810756340965243,0.002335332292217135
alto-io,2020-10-01,0,1,0,0,0,2,4,5,3,0,2,2,2,5,3,3,4,1.5,2.625,2.0,1.5059406173077154,1.125,0.75,0.6666666666666669,0.5703037120359955,0.0,0.0,-0.11083238101247045,-0.11190743498343314,-0.0010750539709626916
eth-pkg,2023-11-01,0,0,0,0,0,0,0,0,0,0,0,1,1,1,3,1,2,0.0,1.125,0.0,0.9910312089651149,1.125,inf,0.0,0.5411255411255411,0.0,0.0,-0.19044289570186956,-0.18810756340965243,0.002335332292217135
metamail,2022-06-01,0,0,0,0,0,1,0,0,0,0,0,3,3,2,2,0,0,0.125,1.25,0.3535533905932738,1.3887301496588271,1.125,9.0,0.061224489795918366,0.007054673721340389,0.0,0.0,-0.18380868614441964,-0.1817575527074675,0.0020511334369521517
zkp2p,2023-08-01,0,0,0,0,0,0,2,1,1,0,1,2,3,2,3,1,0,0.375,1.5,0.7440238091428449,1.1952286093343936,1.125,3.0,0.4439324116743472,0.0023809523809523816,0.0,0.0,-0.1705402670295198,-0.1690575313030976,0.0014827357264221852
superaccount-superchaineco,2024-04-01,0,0,0,0,0,0,0,0,1,1,1,1,1,1,1,1,1,0.0,1.0,0.0,0.0,1.0,inf,0.0,0.0,0.0,0.0,-0.19044289570186956,-0.19445757411183737,-0.0040146784099678035
4everland,2022-08-01,3,4,4,6,5,5,4,6,7,6,5,5,6,5,7,6,5,4.625,5.625,1.0606601717798212,0.7440238091428449,1.0,0.21621621621621623,0.3998488284202571,0.013824884792626729,0.0,0.0,0.05502285792377773,0.040492821869005415,-0.014530036054772315
freedom-of-the-press-foundation,2021-09-01,19,20,16,20,22,19,20,21,18,12,20,19,21,24,22,23,24,19.625,20.625,1.7677669529663689,3.9256482631170977,1.0,0.050955414012738856,0.17006802721088438,0.6798543287535177,0.0,0.0,0.8511280048177688,0.8024941061311982,-0.04863389868657064
fruteroclub,2023-12-01,0,0,1,0,0,0,0,0,1,0,1,2,4,1,0,0,1,0.125,1.125,0.3535533905932738,1.3562026818605375,1.0,8.0,0.061224489795918366,0.0226537216828479,0.0,0.0,-0.18380868614441964,-0.18810756340965243,-0.004298877265232787
impact-finance,2022-08-01,0,0,0,0,0,0,0,0,0,0,1,1,1,1,1,1,2,0.0,1.0,0.0,0.5345224838248488,1.0,inf,0.0,0.5833333333333334,0.0,0.0,-0.19044289570186956,-0.19445757411183737,-0.0040146784099678035
songs-tools,2024-04-01,0,0,0,0,0,0,0,0,0,0,0,0,0,1,3,3,1,0.0,1.0,0.0,1.3093073414159542,1.0,inf,0.0,0.5079365079365081,0.0,0.0,-0.19044289570186956,-0.19445757411183737,-0.0040146784099678035
techstationspace,2022-06-01,0,0,0,0,0,1,1,1,1,3,3,4,0,1,0,0,0,0.375,1.375,0.5175491695067657,1.6850180160122068,1.0,2.6666666666666665,0.7142857142857144,0.6615753219526805,0.0,0.0,-0.1705402670295198,-0.17540754200528255,-0.004867274975762753
cronian-tech,2023-11-01,0,0,0,0,0,0,0,0,2,2,1,1,1,1,1,1,0,0.0,1.0,0.0,0.5345224838248488,1.0,inf,0.0,0.5833333333333334,0.0,0.0,-0.19044289570186956,-0.19445757411183737,-0.0040146784099678035
lakat-os,2023-11-01,0,0,0,0,1,0,1,1,2,3,2,2,2,2,0,0,0,0.375,1.375,0.5175491695067657,1.1877349391654206,1.0,2.6666666666666665,0.5365079365079365,0.8251959011452685,0.0,0.0,-0.1705402670295198,-0.17540754200528255,-0.004867274975762753
unruggable-labs,2024-04-01,2,1,0,2,1,1,0,0,0,2,1,1,1,2,3,3,2,0.875,1.875,0.8345229603962802,0.8345229603962802,1.0,1.1428571428571428,0.35286935286935295,0.35286935286935295,0.0,0.0,-0.14400342879972008,-0.15000749919654277,-0.006004070396822686
ekonavi,2023-04-01,0,0,0,0,0,0,0,0,0,2,0,2,1,1,1,1,0,0.0,1.0,0.0,0.7559289460184544,1.0,inf,0.0,0.21428571428571433,0.0,0.0,-0.19044289570186956,-0.19445757411183737,-0.0040146784099678035
grassrootseconomics,2020-04-01,0,1,1,1,2,1,2,5,8,7,6,3,1,2,1,1,0,1.625,2.625,1.5059406173077154,2.5599944196367748,1.0,0.6153846153846154,0.6302962129733782,0.8097833138705074,0.0,0.0,-0.10419817145502051,-0.11190743498343314,-0.007709263528412627
epochprotocol,2023-08-01,0,1,0,0,0,0,2,2,3,0,0,0,3,3,2,3,2,0.625,1.625,0.9161253813129042,1.4078859531733587,1.0,1.6,0.3657548125633232,0.5255255255255257,0.0,0.0,-0.15727184791461993,-0.16270752060091268,-0.005435672686292747
defieye,2022-03-01,0,0,0,0,0,0,0,1,1,2,0,0,3,0,2,2,0,0.125,1.125,0.3535533905932738,1.2464234547582247,1.0,8.0,0.3333333333333334,0.0005473453749315821,0.0,0.0,-0.18380868614441964,-0.18810756340965243,-0.004298877265232787
depayfi,2021-03-01,0,0,0,0,0,1,1,0,1,2,1,1,1,2,1,1,1,0.25,1.25,0.4629100498862757,0.4629100498862757,1.0,4.0,0.253968253968254,0.14285714285714288,0.0,0.0,-0.17717447658696972,-0.1817575527074675,-0.00458307612049777
toaster-finance,2024-04-01,0,0,0,0,0,0,0,0,2,1,2,1,2,0,1,0,1,0.0,1.0,0.0,0.7559289460184544,1.0,inf,0.0,0.21428571428571433,0.0,0.0,-0.19044289570186956,-0.19445757411183737,-0.0040146784099678035
protocol-guild,2022-03-01,0,0,0,0,0,0,0,0,0,0,0,0,1,1,2,4,0,0.0,1.0,0.0,1.4142135623730951,1.0,inf,0.0,0.2874149659863945,0.0,0.0,-0.19044289570186956,-0.19445757411183737,-0.0040146784099678035
cointool,2021-03-01,0,0,0,0,0,0,0,2,2,2,2,1,1,1,1,1,1,0.25,1.25,0.7071067811865476,0.4629100498862757,1.0,4.0,0.3333333333333334,0.5714285714285715,0.0,0.0,-0.17717447658696972,-0.1817575527074675,-0.00458307612049777
layer2es,2023-04-01,0,0,0,0,0,0,0,0,0,0,0,1,1,4,0,1,1,0.0,1.0,0.0,1.3093073414159542,1.0,inf,0.0,0.07142857142857144,0.0,0.0,-0.19044289570186956,-0.19445757411183737,-0.0040146784099678035
accountjs,2023-04-01,0,0,0,0,0,0,1,4,3,1,1,1,1,1,2,5,1,0.625,1.625,1.4078859531733587,1.4078859531733587,1.0,1.6,0.46718146718146736,0.226941226941227,0.0,0.0,-0.15727184791461993,-0.16270752060091268,-0.005435672686292747
ethereum-ecuador,2023-04-01,0,0,0,0,0,0,0,0,4,4,1,1,0,0,2,0,0,0.0,1.0,0.0,1.4142135623730951,1.0,inf,0.0,0.3826530612244898,0.0,0.0,-0.19044289570186956,-0.19445757411183737,-0.0040146784099678035
kiwi-news-attestate,2022-08-01,0,0,0,0,0,0,0,0,0,0,0,1,1,1,1,1,3,0.0,1.0,0.0,0.9258200997725514,1.0,inf,0.0,0.6706349206349207,0.0,0.0,-0.19044289570186956,-0.19445757411183737,-0.0040146784099678035
tryethernal,2022-03-01,4,1,1,0,1,1,2,4,2,2,4,3,3,2,2,5,1,1.75,2.75,1.4880476182856899,1.2817398889233114,1.0,0.5714285714285714,0.013824884792626729,0.01863354037267081,0.0,0.0,-0.09756396189757059,-0.1055574242812482,-0.00799346238367761
endaoment,2022-03-01,1,3,0,0,0,0,1,2,0,1,1,2,2,2,0,3,4,0.875,1.875,1.1259916264596033,1.2464234547582247,1.0,1.1428571428571428,0.006036217303822938,0.3420908593322387,0.0,0.0,-0.14400342879972008,-0.15000749919654277,-0.006004070396822686
omniswap-omnibtc,2023-04-01,1,2,2,1,1,0,2,3,2,2,3,3,2,2,3,4,1,1.5,2.5,0.9258200997725514,0.9258200997725514,1.0,0.6666666666666666,0.0634920634920635,0.003968253968253969,0.0,0.0,-0.11083238101247045,-0.11825744568561808,-0.00742506467314763
0xlighthouse,2024-10-01,1,0,0,0,0,0,0,0,4,0,0,1,2,2,2,0,1,0.125,1.0,0.3535533905932738,0.9258200997725514,0.875,7.0,0.3333333333333334,0.0992063492063492,0.0,0.0,-0.18380868614441964,-0.19445757411183737,-0.010648887967417725
kontext-app,2020-12-01,0,0,0,0,0,0,0,2,3,3,3,1,1,1,0,0,0,0.25,1.125,0.7071067811865476,1.2464234547582247,0.875,3.5,0.3333333333333334,0.8325123152709362,0.0,0.0,-0.17717447658696972,-0.18810756340965243,-0.010933086822682708
truenetworkio,2024-04-01,0,0,0,0,0,0,0,2,1,1,0,0,1,2,1,2,2,0.25,1.125,0.7071067811865476,0.8345229603962802,0.875,3.5,0.3333333333333334,0.5384615384615385,0.0,0.0,-0.17717447658696972,-0.18810756340965243,-0.010933086822682708
couger-inc,2020-07-01,0,0,0,1,1,2,1,2,3,1,3,1,1,2,3,1,2,0.875,1.75,0.8345229603962802,0.8864052604279183,0.875,1.0,0.7631257631257632,0.017316017316017316,0.0,0.0,-0.14400342879972008,-0.15635750989872774,-0.012354081099007652
carmineoptions,2023-08-01,4,4,4,4,4,4,5,3,5,3,4,3,5,6,5,5,8,4.0,4.875,0.5345224838248488,1.6420805617960925,0.875,0.21875,0.011904761904761906,0.696625670135604,0.0,0.0,0.021851810136528097,0.0023927576558957736,-0.019459052480632323
defluencer,2021-11-01,0,0,0,0,0,0,0,0,1,1,0,1,0,1,2,1,1,0.0,0.875,0.0,0.6408699444616557,0.875,inf,0.0,0.16770186335403728,0.0,0.0,-0.19044289570186956,-0.2008075848140223,-0.010364689112152742
beepopula,2022-06-01,0,0,0,0,0,0,0,0,1,1,1,1,1,1,1,1,0,0.0,0.875,0.0,0.3535533905932738,0.875,inf,0.0,0.3333333333333334,0.0,0.0,-0.19044289570186956,-0.2008075848140223,-0.010364689112152742
elimu-ai,2021-05-01,3,3,6,6,5,4,3,3,5,5,4,9,8,0,2,4,8,4.125,5.0,1.3562026818605375,3.1622776601683795,0.875,0.21212121212121213,0.0226537216828479,0.0054421768707483,0.0,0.0,0.028486019693978026,0.008742768358080714,-0.019743251335897313
seedlefinance,2022-03-01,0,0,0,0,0,0,0,0,0,0,0,0,1,2,2,2,0,0.0,0.875,0.0,0.9910312089651149,0.875,inf,0.0,0.2502164502164503,0.0,0.0,-0.19044289570186956,-0.2008075848140223,-0.010364689112152742
aikilabs,2023-04-01,0,0,0,0,0,0,0,0,1,0,0,0,3,2,2,0,0,0.0,0.875,0.0,1.2464234547582247,0.875,inf,0.0,0.013683634373289547,0.0,0.0,-0.19044289570186956,-0.2008075848140223,-0.010364689112152742
here-wallet,2023-08-01,5,3,3,3,3,2,3,3,3,3,3,5,5,5,4,3,4,3.125,4.0,0.8345229603962802,0.9258200997725514,0.875,0.28,0.35286935286935295,0.015873015873015876,0.0,0.0,-0.024587656765621392,-0.042057317259398805,-0.017469660493777413
hildobby,2022-06-01,0,0,0,0,0,0,0,0,1,0,1,1,1,1,1,1,1,0.0,0.875,0.0,0.3535533905932738,0.875,inf,0.0,0.3333333333333334,0.0,0.0,-0.19044289570186956,-0.2008075848140223,-0.010364689112152742
serenita-org,2023-04-01,0,0,0,0,0,0,0,0,0,0,0,1,1,1,1,2,1,0.0,0.875,0.0,0.6408699444616557,0.875,inf,0.0,0.5983436853002073,0.0,0.0,-0.19044289570186956,-0.2008075848140223,-0.010364689112152742
tokenguardio,2024-04-01,1,1,0,2,0,1,0,3,1,2,4,2,1,2,2,2,0,1.0,1.875,1.0690449676496976,1.1259916264596033,0.875,0.875,0.07440476190476189,0.35479543930248164,0.0,0.0,-0.13736921924227016,-0.15000749919654277,-0.012638279954272608
esteroids,2021-06-01,0,0,0,0,0,0,0,0,0,0,0,0,1,2,0,3,1,0.0,0.875,0.0,1.1259916264596033,0.875,inf,0.0,0.35479543930248164,0.0,0.0,-0.19044289570186956,-0.2008075848140223,-0.010364689112152742
perpetualorganizationarchitect,2024-04-01,0,0,0,0,0,0,0,0,0,0,0,1,1,1,2,1,1,0.0,0.875,0.0,0.6408699444616557,0.875,inf,0.0,0.46583850931677034,0.0,0.0,-0.19044289570186956,-0.2008075848140223,-0.010364689112152742
wildcards-protocol,2023-04-01,0,0,0,0,0,0,0,0,0,1,1,0,0,2,1,1,1,0.0,0.875,0.0,0.6408699444616557,0.875,inf,0.0,0.051759834368530024,0.0,0.0,-0.19044289570186956,-0.2008075848140223,-0.010364689112152742
proof-of-humanity,2020-02-01,0,0,0,0,0,0,1,4,2,1,0,1,0,2,2,3,3,0.625,1.5,1.4078859531733587,1.1952286093343936,0.875,1.4,0.46718146718146736,0.6880952380952383,0.0,0.0,-0.15727184791461993,-0.1690575313030976,-0.011785683388477686
dna-seq,2021-11-01,0,0,0,0,0,0,0,0,0,0,0,1,0,1,2,1,2,0.0,0.875,0.0,0.8345229603962802,0.875,inf,0.0,0.6459096459096461,0.0,0.0,-0.19044289570186956,-0.2008075848140223,-0.010364689112152742
sismo-core,2021-11-01,0,0,0,0,0,0,0,0,3,0,0,0,0,0,1,3,3,0.0,0.875,0.0,1.3562026818605375,0.875,inf,0.0,0.7031900138696254,0.0,0.0,-0.19044289570186956,-0.2008075848140223,-0.010364689112152742
dappquery,2020-12-01,0,0,0,0,1,0,1,0,0,0,4,1,0,2,1,1,0,0.25,1.125,0.4629100498862757,1.3562026818605375,0.875,3.5,0.14285714285714288,0.07813222376329172,0.0,0.0,-0.17717447658696972,-0.18810756340965243,-0.010933086822682708
mybucks-online,2024-10-01,0,0,0,0,0,0,0,1,1,1,1,1,1,3,0,0,1,0.125,1.0,0.3535533905932738,0.9258200997725514,0.875,7.0,0.3333333333333334,0.03571428571428572,0.0,0.0,-0.18380868614441964,-0.19445757411183737,-0.010648887967417725
muqa-org,2024-04-01,0,0,0,0,0,0,0,0,0,0,0,0,0,1,3,3,0,0.0,0.875,0.0,1.3562026818605375,0.875,inf,0.0,0.28895053166897827,0.0,0.0,-0.19044289570186956,-0.2008075848140223,-0.010364689112152742
commonshub,2024-08-01,0,0,0,0,0,0,0,0,1,0,0,2,1,0,1,0,3,0.0,0.875,0.0,1.1259916264596033,0.875,inf,0.0,0.19382964453386992,0.0,0.0,-0.19044289570186956,-0.2008075848140223,-0.010364689112152742
likecoin,2020-04-01,5,4,5,9,9,6,7,11,11,11,9,8,10,8,6,6,5,7.0,7.875,2.449489742783178,2.100170061141308,0.875,0.125,0.5102040816326533,0.8145363408521306,0.0,0.0,0.18107283951532635,0.15479301450833433,-0.026279825006992025
chainpray,2023-08-01,0,0,0,0,0,0,0,0,1,1,1,1,1,0,1,1,0,0.0,0.75,0.0,0.4629100498862757,0.75,inf,0.0,0.253968253968254,0.0,0.0,-0.19044289570186956,-0.20715759551620724,-0.01671469981433768
quest-3,2022-06-01,0,0,0,0,0,0,0,0,0,1,1,0,0,0,0,2,2,0.0,0.75,0.0,0.8864052604279183,0.75,inf,0.0,0.15584415584415587,0.0,0.0,-0.19044289570186956,-0.20715759551620724,-0.01671469981433768
rubicon,2020-12-01,0,0,0,0,0,0,1,2,2,1,1,1,1,1,1,1,2,0.375,1.125,0.7440238091428449,0.3535533905932738,0.75,2.0,0.554531490015361,0.3333333333333334,0.0,0.0,-0.1705402670295198,-0.18810756340965243,-0.01756729638013263
gitcoin,2019-02-01,34,37,37,37,47,50,55,44,59,50,44,39,42,44,34,43,51,42.625,43.375,7.539183358579741,5.50162313711664,0.75,0.017595307917888565,0.653486528133088,0.0033993538418317184,0.0,0.0,2.071822563388556,1.9581960539288572,-0.11362650945969865
ethereumphone,2023-11-01,2,0,1,3,2,2,3,2,2,2,3,2,3,3,2,3,3,1.875,2.625,0.9910312089651149,0.5175491695067657,0.75,0.4,0.2502164502164503,0.1555555555555556,0.0,0.0,-0.09092975234012066,-0.11190743498343314,-0.020977682643312484
zenbiteth,2023-04-01,1,2,2,2,0,0,0,0,0,0,0,2,4,3,3,1,0,0.875,1.625,0.9910312089651149,1.5979898086569353,0.75,0.8571428571428571,0.5411255411255411,0.016317016317016316,0.0,0.0,-0.14400342879972008,-0.16270752060091268,-0.01870409180119259
tickerdao,2022-08-01,0,0,0,0,1,0,0,0,0,0,0,0,0,1,2,2,2,0.125,0.875,0.3535533905932738,0.9910312089651149,0.75,6.0,0.006802721088435374,0.832034632034632,0.0,0.0,-0.18380868614441964,-0.2008075848140223,-0.016998898669602663
psydao,2022-08-01,0,0,0,0,0,0,0,0,0,0,1,0,1,2,1,1,0,0.0,0.75,0.0,0.7071067811865476,0.75,inf,0.0,0.027210884353741496,0.0,0.0,-0.19044289570186956,-0.20715759551620724,-0.01671469981433768
openlabelsinitiative,2024-10-01,3,3,3,1,0,1,3,2,4,0,1,4,3,4,5,3,2,2.0,2.75,1.1952286093343936,1.6690459207925603,0.75,0.375,0.11666666666666672,0.23931623931623944,0.0,0.0,-0.08429554278267073,-0.1055574242812482,-0.021261881498577467
sargo-io,2024-08-01,0,0,0,0,0,0,0,0,1,1,0,1,1,0,0,0,3,0.0,0.75,0.0,1.0350983390135313,0.75,inf,0.0,0.07936507936507936,0.0,0.0,-0.19044289570186956,-0.20715759551620724,-0.01671469981433768
evm-explorer-pfed-prog,2024-08-01,0,0,0,0,2,3,4,3,2,2,2,2,4,2,2,2,2,1.5,2.25,1.6903085094570331,0.7071067811865476,0.75,0.5,0.8047619047619049,0.006802721088435374,0.0,0.0,-0.11083238101247045,-0.13095746708998796,-0.020125086077517507
everyname-xyz,2023-04-01,0,0,0,0,0,1,2,2,2,2,3,2,2,2,0,0,0,0.625,1.375,0.9161253813129042,1.1877349391654206,0.75,1.2,0.7386018237082068,0.738396624472574,0.0,0.0,-0.15727184791461993,-0.17540754200528255,-0.018135694090662624
moloch-mystics,2020-10-01,0,0,0,0,1,2,0,2,3,2,1,0,1,1,2,0,4,0.625,1.375,0.9161253813129042,1.3024701806293193,0.75,1.2,0.446808510638298,0.11278195488721804,0.0,0.0,-0.15727184791461993,-0.17540754200528255,-0.018135694090662624
lemonadesocial,2024-01-01,4,5,4,6,4,4,7,7,6,7,9,8,6,7,4,2,4,5.125,5.875,1.3562026818605375,2.3566016694748027,0.75,0.14634146341463414,0.3888118354137772,0.6873373143469608,0.0,0.0,0.08155969615357744,0.05319284327337529,-0.028366852880202152
kotalco,2020-10-01,0,0,0,0,0,0,2,1,1,1,1,1,1,2,1,1,1,0.375,1.125,0.7440238091428449,0.3535533905932738,0.75,2.0,0.4439324116743472,0.006802721088435374,0.0,0.0,-0.1705402670295198,-0.18810756340965243,-0.01756729638013263
urbanika,2022-03-01,0,0,0,0,0,0,0,0,0,0,2,1,2,1,0,0,0,0.0,0.75,0.0,0.8864052604279183,0.75,inf,0.0,0.21212121212121215,0.0,0.0,-0.19044289570186956,-0.20715759551620724,-0.01671469981433768
wireshape,2023-05-01,0,0,0,0,0,0,0,1,0,2,0,2,0,2,1,0,0,0.125,0.875,0.3535533905932738,0.9910312089651149,0.75,6.0,0.3333333333333334,0.19480519480519481,0.0,0.0,-0.18380868614441964,-0.2008075848140223,-0.016998898669602663
zkcodex,2024-10-01,0,0,0,0,1,0,0,1,1,1,1,1,1,1,1,1,1,0.25,1.0,0.4629100498862757,0.0,0.75,3.0,0.253968253968254,0.0,0.0,0.0,-0.17717447658696972,-0.19445757411183737,-0.017283097524867647
filosofiacodigo,2021-04-01,0,0,0,0,0,0,0,0,0,0,0,1,1,1,1,1,1,0.0,0.75,0.0,0.4629100498862757,0.75,inf,0.0,0.5714285714285715,0.0,0.0,-0.19044289570186956,-0.20715759551620724,-0.01671469981433768
othub-io,2023-11-01,0,0,0,0,3,3,3,3,4,3,3,3,2,3,1,1,2,1.5,2.25,1.6035674514745462,0.8864052604279183,0.75,0.5,0.7619047619047622,0.523809523809524,0.0,0.0,-0.11083238101247045,-0.13095746708998796,-0.020125086077517507
jobstash,2023-04-01,0,0,0,0,0,0,0,0,0,0,0,0,0,0,0,3,3,0.0,0.75,0.0,1.3887301496588271,0.75,inf,0.0,0.5714285714285713,0.0,0.0,-0.19044289570186956,-0.20715759551620724,-0.01671469981433768
tcfev,2024-02-01,4,2,1,1,0,1,0,0,2,1,1,0,4,1,2,5,1,1.125,1.875,1.3562026818605375,1.7268882005337973,0.75,0.6666666666666666,0.7031900138696254,0.15084117479327064,0.0,0.0,-0.1307350096848202,-0.15000749919654277,-0.019272489511722557
one-three-three-seven-ethereum,2024-04-01,0,0,0,0,0,0,0,0,1,1,0,2,1,0,0,1,1,0.0,0.75,0.0,0.7071067811865476,0.75,inf,0.0,0.006802721088435374,0.0,0.0,-0.19044289570186956,-0.20715759551620724,-0.01671469981433768
syncswap,2022-09-01,0,0,0,0,0,1,2,1,1,1,1,0,0,1,3,2,2,0.5,1.25,0.7559289460184544,1.0350983390135313,0.75,1.5,0.5952380952380953,0.38412698412698415,0.0,0.0,-0.16390605747206985,-0.1817575527074675,-0.01785149523539764
radardao-xyz,2023-08-01,0,0,0,0,1,2,1,4,4,3,3,1,0,2,1,2,1,1.0,1.625,1.4142135623730951,1.0606601717798212,0.625,0.625,0.6802721088435372,0.2184429327286471,0.0,0.0,-0.13736921924227016,-0.16270752060091268,-0.025338301358642512
opencollective,2024-10-01,23,20,15,14,22,13,19,17,20,19,21,16,15,18,27,18,14,17.875,18.5,3.720119045714225,4.105745103771404,0.625,0.03496503496503497,0.12442396313364054,0.00988700564971752,0.0,0.0,0.75824907101347,0.6945439241940543,-0.06370514681941575
ctrlh,2023-10-01,0,0,0,0,0,0,0,0,0,0,0,0,0,0,2,1,2,0.0,0.625,0.0,0.9161253813129042,0.625,inf,0.0,0.6332320162107398,0.0,0.0,-0.19044289570186956,-0.21350760621839218,-0.02306471051652262
dappreader,2023-04-01,2,0,0,0,1,0,0,0,3,1,2,1,1,1,1,1,0,0.375,1.0,0.7440238091428449,0.5345224838248488,0.625,1.6666666666666667,0.2596006144393241,0.42857142857142866,0.0,0.0,-0.1705402670295198,-0.19445757411183737,-0.023917307082317568
tradao-xyz,2023-08-01,0,0,0,0,0,1,0,0,0,0,2,0,2,0,0,1,1,0.125,0.75,0.3535533905932738,0.8864052604279183,0.625,5.0,0.061224489795918366,0.0,0.0,0.0,-0.18380868614441964,-0.20715759551620724,-0.0233489093717876
cpa-protocol,2023-08-01,0,0,0,0,0,0,0,0,1,2,2,0,1,0,0,0,0,0.0,0.625,0.0,0.9161253813129042,0.625,inf,0.0,0.6332320162107398,0.0,0.0,-0.19044289570186956,-0.21350760621839218,-0.02306471051652262
kepler-homes,2023-09-01,0,0,0,0,0,0,0,0,1,1,0,0,0,1,1,1,1,0.0,0.625,0.0,0.5175491695067657,0.625,inf,0.0,0.2571428571428572,0.0,0.0,-0.19044289570186956,-0.21350760621839218,-0.02306471051652262
starksheet-the-candy-shop,2022-08-01,0,0,0,0,0,0,0,0,2,1,1,1,0,0,0,0,2,0.0,0.625,0.0,0.7440238091428449,0.625,inf,0.0,0.001536098310291859,0.0,0.0,-0.19044289570186956,-0.21350760621839218,-0.02306471051652262
despace-community,2023-08-01,0,0,0,0,0,0,0,0,1,1,2,2,0,0,0,0,0,0.0,0.625,0.0,0.9161253813129042,0.625,inf,0.0,0.5359675785207701,0.0,0.0,-0.19044289570186956,-0.21350760621839218,-0.02306471051652262
nerddao,2024-04-01,0,0,0,1,0,2,4,6,9,5,3,6,2,0,2,0,0,1.625,2.25,2.2638462845343543,2.3145502494313788,0.625,0.38461538461538464,0.7448149991703998,0.6501587301587303,0.0,0.0,-0.10419817145502051,-0.13095746708998796,-0.026759295634967442
yokifinance,2024-04-01,0,0,0,0,0,0,0,2,2,1,1,1,3,1,0,0,0,0.25,0.875,0.7071067811865476,0.9910312089651149,0.625,2.5,0.3333333333333334,0.2502164502164503,0.0,0.0,-0.17717447658696972,-0.2008075848140223,-0.023633108227052585
adcommune,2024-04-01,0,0,0,0,0,0,0,0,1,1,2,1,1,0,0,0,0,0.0,0.625,0.0,0.7440238091428449,0.625,inf,0.0,0.6774193548387099,0.0,0.0,-0.19044289570186956,-0.21350760621839218,-0.02306471051652262
crossbell-box,2021-09-01,0,0,0,0,0,0,0,0,0,0,0,0,0,0,0,3,2,0.0,0.625,0.0,1.1877349391654206,0.625,inf,0.0,0.5069318866787224,0.0,0.0,-0.19044289570186956,-0.21350760621839218,-0.02306471051652262
relinkd,2023-08-01,0,0,0,0,0,0,1,0,2,0,2,1,2,0,1,0,0,0.125,0.75,0.3535533905932738,0.8864052604279183,0.625,5.0,0.1700680272108843,0.15584415584415587,0.0,0.0,-0.18380868614441964,-0.20715759551620724,-0.0233489093717876
rankify-it,2024-04-01,0,0,0,0,0,0,0,0,0,0,3,2,0,0,0,0,0,0.0,0.625,0.0,1.1877349391654206,0.625,inf,0.0,0.2658227848101267,0.0,0.0,-0.19044289570186956,-0.21350760621839218,-0.02306471051652262
cartesi,2021-02-01,2,2,2,3,0,5,2,4,1,3,1,4,3,4,4,4,2,2.5,3.125,1.5118578920369088,1.1259916264596033,0.625,0.25,0.14880952380952384,0.054325955734406434,0.0,0.0,-0.05775870455287103,-0.08650739217469339,-0.02874868762182236
solide-project,2024-04-01,0,0,0,0,1,1,2,1,1,2,2,1,1,1,1,1,1,0.625,1.25,0.7440238091428449,0.4629100498862757,0.625,1.0,0.6774193548387099,0.5714285714285715,0.0,0.0,-0.15727184791461993,-0.1817575527074675,-0.024485704792847562
airgap-it,2019-10-01,3,4,4,5,5,3,3,4,7,2,6,4,4,6,4,4,6,3.875,4.5,0.8345229603962802,1.4142135623730951,0.625,0.16129032258064516,0.0012210012210012214,0.1700680272108843,0.0,0.0,0.01521760057907817,-0.016657274450659044,-0.03187487502973722
llamapay,2022-08-01,0,0,0,4,3,10,4,4,4,5,2,2,5,5,4,3,4,3.125,3.75,3.3567628964311944,1.2817398889233114,0.625,0.2,0.44743792921288966,0.008281573498964806,0.0,0.0,-0.024587656765621392,-0.05475733866376869,-0.030169681898147296
talentlayer-labs,2023-08-01,4,3,5,4,5,3,6,6,5,8,8,7,3,4,4,4,3,4.5,5.125,1.1952286093343936,2.1671244937540095,0.625,0.1388888888888889,0.3428571428571429,0.7186311787072243,0.0,0.0,0.04838864836632781,0.015092779060265654,-0.033295869306062154
dragverse,2023-08-01,0,1,1,0,0,1,1,2,3,1,1,3,1,1,0,2,2,0.75,1.375,0.7071067811865476,0.9161253813129042,0.625,0.8333333333333334,0.3333333333333334,0.009118541033434653,0.0,0.0,-0.15063763835717,-0.17540754200528255,-0.024769903648112546
kleo-network,2023-08-01,0,0,0,0,0,1,2,2,2,1,2,1,1,1,0,2,2,0.625,1.25,0.9161253813129042,0.7071067811865476,0.625,1.0,0.7386018237082068,0.027210884353741496,0.0,0.0,-0.15727184791461993,-0.1817575527074675,-0.024485704792847562
friends-of-pooly,2022-08-01,0,0,0,0,0,0,1,4,3,1,0,2,2,1,3,0,1,0.625,1.25,1.4078859531733587,1.0350983390135313,0.625,1.0,0.46718146718146736,0.003174603174603175,0.0,0.0,-0.15727184791461993,-0.1817575527074675,-0.024485704792847562
zenguardxyz,2023-11-01,0,0,0,0,1,0,0,0,1,0,1,1,1,1,1,1,0,0.125,0.75,0.3535533905932738,0.4629100498862757,0.625,5.0,0.006802721088435374,0.0,0.0,0.0,-0.18380868614441964,-0.20715759551620724,-0.0233489093717876
eco-mint,2022-08-01,0,0,1,1,2,1,0,1,1,2,2,1,2,1,1,1,1,0.75,1.375,0.7071067811865476,0.5175491695067657,0.625,0.8333333333333334,0.10884353741496598,0.5365079365079365,0.0,0.0,-0.15063763835717,-0.17540754200528255,-0.024769903648112546
grappafinance,2022-08-01,0,0,0,0,0,0,0,0,0,0,0,0,0,3,2,0,0,0.0,0.625,0.0,1.1877349391654206,0.625,inf,0.0,0.048824593128390596,0.0,0.0,-0.19044289570186956,-0.21350760621839218,-0.02306471051652262
farcaster-indexer-gskril,2022-03-01,0,0,0,0,0,0,0,0,0,0,0,0,0,1,2,1,1,0.0,0.625,0.0,0.7440238091428449,0.625,inf,0.0,0.554531490015361,0.0,0.0,-0.19044289570186956,-0.21350760621839218,-0.02306471051652262
moss-drive,2023-11-01,0,0,0,0,0,0,0,0,1,1,1,0,0,1,1,1,0,0.0,0.625,0.0,0.5175491695067657,0.625,inf,0.0,0.028571428571428577,0.0,0.0,-0.19044289570186956,-0.21350760621839218,-0.02306471051652262
regen-atlas,2024-04-01,0,0,0,0,0,0,0,0,3,1,0,1,0,1,1,0,1,0.0,0.625,0.0,0.5175491695067657,0.625,inf,0.0,0.003174603174603175,0.0,0.0,-0.19044289570186956,-0.21350760621839218,-0.02306471051652262
shambadynamic,2022-03-01,0,0,0,0,0,1,0,1,0,1,1,1,1,1,0,1,1,0.25,0.875,0.4629100498862757,0.3535533905932738,0.625,2.5,0.3968253968253968,0.061224489795918366,0.0,0.0,-0.17717447658696972,-0.2008075848140223,-0.023633108227052585
help-grow,2023-04-01,0,0,0,0,0,0,0,0,1,3,0,0,2,0,0,0,0,0.0,0.625,0.0,1.1877349391654206,0.625,inf,0.0,0.31886678722121775,0.0,0.0,-0.19044289570186956,-0.21350760621839218,-0.02306471051652262
stateless-art,2023-05-01,0,0,0,0,0,0,1,0,0,0,0,2,1,1,2,0,0,0.125,0.75,0.3535533905932738,0.8864052604279183,0.625,5.0,0.1700680272108843,0.0,0.0,0.0,-0.18380868614441964,-0.20715759551620724,-0.0233489093717876
hemifyorg,2023-08-01,0,0,0,0,0,0,0,0,2,1,2,1,1,0,0,0,0,0.0,0.625,0.0,0.7440238091428449,0.625,inf,0.0,0.6774193548387099,0.0,0.0,-0.19044289570186956,-0.21350760621839218,-0.02306471051652262
replicare-desci,2023-04-01,0,0,0,0,0,0,0,1,1,1,1,2,2,0,0,0,0,0.125,0.75,0.3535533905932738,0.8864052604279183,0.625,5.0,0.3333333333333334,0.4329004329004328,0.0,0.0,-0.18380868614441964,-0.20715759551620724,-0.0233489093717876
anconprotocol,2021-04-01,0,0,0,0,0,0,0,0,0,0,0,0,0,0,0,0,4,0.0,0.5,0.0,1.4142135623730951,0.5,inf,0.0,0.3333333333333334,0.0,0.0,-0.19044289570186956,-0.21985761692057712,-0.029414721218707557
metadatalabs,2023-04-01,0,0,0,0,0,0,0,2,2,1,1,1,1,1,0,1,0,0.25,0.75,0.7071067811865476,0.4629100498862757,0.5,2.0,0.3333333333333334,0.3968253968253968,0.0,0.0,-0.17717447658696972,-0.20715759551620724,-0.029983118929237523
carboncopyrefi,2024-04-01,0,0,0,0,0,0,0,0,0,0,0,0,0,0,2,1,1,0.0,0.5,0.0,0.7559289460184544,0.5,inf,0.0,0.4821428571428571,0.0,0.0,-0.19044289570186956,-0.21985761692057712,-0.029414721218707557
bonding-curves,2023-04-01,0,0,0,0,0,0,0,0,1,1,1,1,0,0,1,0,0,0.0,0.5,0.0,0.5345224838248488,0.5,inf,0.0,0.42857142857142866,0.0,0.0,-0.19044289570186956,-0.21985761692057712,-0.029414721218707557
matrixai,2024-10-01,4,6,6,7,9,7,4,6,4,3,4,6,7,9,11,6,7,6.125,6.625,1.6420805617960925,2.5599944196367748,0.5,0.08163265306122448,0.02554399243140965,0.39250032438043353,0.0,0.0,0.13463337261317684,0.09129290748648493,-0.043340465126691916
spaghetteth,2024-08-01,1,0,2,1,0,0,0,0,0,0,1,0,0,1,2,3,1,0.5,1.0,0.7559289460184544,1.0690449676496976,0.5,1.0,0.29166666666666685,0.42857142857142866,0.0,0.0,-0.16390605747206985,-0.19445757411183737,-0.030551516639767518
proots-foundation,2022-08-01,0,0,0,0,0,0,0,0,0,0,0,1,1,1,1,0,0,0.0,0.5,0.0,0.5345224838248488,0.5,inf,0.0,0.0,0.0,0.0,-0.19044289570186956,-0.21985761692057712,-0.029414721218707557
satellite-im,2020-12-01,0,0,0,0,0,0,0,0,0,0,0,1,2,1,0,0,0,0.0,0.5,0.0,0.7559289460184544,0.5,inf,0.0,0.02380952380952382,0.0,0.0,-0.19044289570186956,-0.21985761692057712,-0.029414721218707557
dark-matter-labs,2024-08-01,2,3,2,2,3,4,4,3,5,4,4,5,4,3,2,3,2,2.875,3.375,0.8345229603962802,1.0606601717798212,0.5,0.17391304347826086,0.4407814407814407,0.63567649281935,0.0,0.0,-0.03785607588052124,-0.07380737077032351,-0.03595129488980227
88-mph,2020-02-01,0,0,0,0,0,0,0,0,0,1,2,0,0,1,0,0,0,0.0,0.5,0.0,0.7559289460184544,0.5,inf,0.0,0.3809523809523811,0.0,0.0,-0.19044289570186956,-0.21985761692057712,-0.029414721218707557
coindlabs,2024-08-01,0,0,0,0,0,0,0,1,0,1,1,1,1,0,0,1,0,0.125,0.625,0.3535533905932738,0.5175491695067657,0.5,4.0,0.3333333333333334,0.38412698412698415,0.0,0.0,-0.18380868614441964,-0.21350760621839218,-0.02969892007397254
plants-and-pillars,2022-08-01,0,0,0,0,0,0,0,0,1,1,0,0,1,1,1,0,0,0.0,0.5,0.0,0.5345224838248488,0.5,inf,0.0,0.04761904761904762,0.0,0.0,-0.19044289570186956,-0.21985761692057712,-0.029414721218707557
therougeproject,2022-08-01,0,0,0,0,0,0,1,0,0,0,0,0,0,1,1,1,2,0.125,0.625,0.3535533905932738,0.7440238091428449,0.5,4.0,0.1700680272108843,0.8125960061443933,0.0,0.0,-0.18380868614441964,-0.21350760621839218,-0.02969892007397254
lexclinic,2024-08-01,0,0,0,0,0,0,1,2,2,3,1,2,0,0,1,0,0,0.375,0.875,0.7440238091428449,1.1259916264596033,0.5,1.3333333333333333,0.554531490015361,0.5640509725016768,0.0,0.0,-0.1705402670295198,-0.2008075848140223,-0.030267317784502507
newzchain,2023-08-01,0,0,0,0,0,0,0,0,0,1,1,0,0,1,0,0,1,0.0,0.5,0.0,0.5345224838248488,0.5,inf,0.0,0.04761904761904762,0.0,0.0,-0.19044289570186956,-0.21985761692057712,-0.029414721218707557
decert-me,2023-08-01,1,2,3,6,8,10,7,6,7,8,5,5,8,6,5,5,5,5.375,5.875,3.113908889391045,1.3562026818605375,0.5,0.09302325581395349,0.6041392615978249,0.24456773000462326,0.0,0.0,0.0948281152684773,0.05319284327337529,-0.04163527199510201
truquest,2023-08-01,0,0,0,0,0,0,0,0,1,1,1,1,1,0,0,0,0,0.0,0.5,0.0,0.5345224838248488,0.5,inf,0.0,0.761904761904762,0.0,0.0,-0.19044289570186956,-0.21985761692057712,-0.029414721218707557
asteriskdao,2024-04-01,0,0,0,0,0,0,0,0,0,0,0,2,0,0,0,2,0,0.0,0.5,0.0,0.9258200997725514,0.5,inf,0.0,0.015873015873015876,0.0,0.0,-0.19044289570186956,-0.21985761692057712,-0.029414721218707557
gyrostable,2024-06-01,3,3,2,0,1,1,4,3,2,1,3,2,3,3,3,3,3,2.125,2.625,1.3562026818605375,0.7440238091428449,0.5,0.23529411764705882,0.004160887656033288,0.4439324116743472,0.0,0.0,-0.07766133322522081,-0.11190743498343314,-0.03424610175821233
fundingthecommons,2023-11-01,0,0,0,0,0,0,0,1,0,0,1,1,1,2,0,0,0,0.125,0.625,0.3535533905932738,0.7440238091428449,0.5,4.0,0.3333333333333334,0.0752688172043011,0.0,0.0,-0.18380868614441964,-0.21350760621839218,-0.02969892007397254
smoothly-protocol,2023-08-01,0,0,0,0,2,2,1,3,2,2,2,1,3,2,1,1,0,1.0,1.5,1.1952286093343936,0.9258200997725514,0.5,0.5,0.6880952380952383,0.3968253968253968,0.0,0.0,-0.13736921924227016,-0.1690575313030976,-0.03168831206082745
project-lion-ai,2022-08-01,0,0,0,0,0,0,0,1,2,0,0,0,0,0,1,2,2,0.125,0.625,0.3535533905932738,0.9161253813129042,0.5,4.0,0.3333333333333334,0.7386018237082068,0.0,0.0,-0.18380868614441964,-0.21350760621839218,-0.02969892007397254
creatordao-project,2022-06-01,0,0,0,0,0,0,0,0,1,2,2,0,0,0,0,0,0,0.0,0.5,0.0,0.9258200997725514,0.5,inf,0.0,0.5714285714285715,0.0,0.0,-0.19044289570186956,-0.21985761692057712,-0.029414721218707557
digitalax,2021-06-01,0,5,2,2,2,2,2,2,3,3,1,2,3,2,4,4,2,2.125,2.625,1.3562026818605375,1.0606601717798212,0.5,0.23529411764705882,0.00046232085067036537,0.12773998488284208,0.0,0.0,-0.07766133322522081,-0.11190743498343314,-0.03424610175821233
getwalletx,2024-04-01,0,0,0,0,0,0,0,0,0,1,1,0,0,0,1,1,0,0.0,0.5,0.0,0.5345224838248488,0.5,inf,0.0,0.04761904761904762,0.0,0.0,-0.19044289570186956,-0.21985761692057712,-0.029414721218707557
pinkpaper,2022-08-01,0,0,0,0,0,0,1,0,0,0,0,1,1,1,1,0,1,0.125,0.625,0.3535533905932738,0.5175491695067657,0.5,4.0,0.1700680272108843,0.1555555555555556,0.0,0.0,-0.18380868614441964,-0.21350760621839218,-0.02969892007397254
trueblocks,2020-02-01,0,0,0,0,0,0,0,0,0,0,0,0,0,0,0,2,2,0.0,0.5,0.0,0.9258200997725514,0.5,inf,0.0,0.5714285714285715,0.0,0.0,-0.19044289570186956,-0.21985761692057712,-0.029414721218707557
refimedellin,2023-04-01,0,0,0,0,0,0,0,0,0,1,0,1,0,0,0,0,2,0.0,0.5,0.0,0.7559289460184544,0.5,inf,0.0,0.02380952380952382,0.0,0.0,-0.19044289570186956,-0.21985761692057712,-0.029414721218707557
refi-starter,2024-08-01,0,0,0,0,0,0,0,0,3,0,2,1,1,0,0,0,0,0.0,0.5,0.0,0.7559289460184544,0.5,inf,0.0,0.29166666666666685,0.0,0.0,-0.19044289570186956,-0.21985761692057712,-0.029414721218707557
openlittermap,2024-08-01,0,1,1,3,0,0,1,2,2,3,3,4,2,0,0,0,0,1.0,1.5,1.0690449676496976,1.6903085094570331,0.5,0.5,0.04761904761904762,0.7440476190476192,0.0,0.0,-0.13736921924227016,-0.1690575313030976,-0.03168831206082745
charged-particles,2020-04-01,0,0,0,0,0,0,0,0,0,0,0,0,0,0,0,1,2,0.0,0.375,0.0,0.7440238091428449,0.375,inf,0.0,0.554531490015361,0.0,0.0,-0.19044289570186956,-0.22620762762276206,-0.035764731920892495
m7eio,2021-12-01,0,0,0,0,0,0,0,1,0,0,1,1,0,0,0,1,1,0.125,0.5,0.3535533905932738,0.5345224838248488,0.375,3.0,0.3333333333333334,0.04761904761904762,0.0,0.0,-0.18380868614441964,-0.21985761692057712,-0.03604893077615748
jacobhomanicsorganization,2024-10-01,0,0,0,0,0,0,0,0,1,1,0,1,1,0,0,0,0,0.0,0.375,0.0,0.5175491695067657,0.375,inf,0.0,0.38412698412698415,0.0,0.0,-0.19044289570186956,-0.22620762762276206,-0.035764731920892495
carbon-flow-vporton,2020-07-01,0,0,0,0,0,0,0,0,0,0,0,2,0,0,1,0,0,0.0,0.375,0.0,0.7440238091428449,0.375,inf,0.0,0.013824884792626729,0.0,0.0,-0.19044289570186956,-0.22620762762276206,-0.035764731920892495
hvax,2024-04-01,0,0,0,0,0,0,0,0,2,0,0,1,1,0,0,0,1,0.0,0.375,0.0,0.5175491695067657,0.375,inf,0.0,0.028571428571428577,0.0,0.0,-0.19044289570186956,-0.22620762762276206,-0.035764731920892495
plancia,2023-11-01,0,0,0,0,0,0,0,0,0,0,0,0,1,0,0,1,1,0.0,0.375,0.0,0.5175491695067657,0.375,inf,0.0,0.38412698412698415,0.0,0.0,-0.19044289570186956,-0.22620762762276206,-0.035764731920892495
spinamp,2022-08-01,0,0,0,2,2,4,3,2,5,5,3,3,3,0,0,1,1,1.625,2.0,1.5059406173077154,1.7728105208558367,0.375,0.23076923076923078,0.6302962129733782,0.6764069264069265,0.0,0.0,-0.10419817145502051,-0.14365748849435783,-0.03945931703933732
paideia-ai,2023-08-01,0,0,0,0,0,0,0,0,0,1,0,0,0,1,0,0,1,0.0,0.375,0.0,0.5175491695067657,0.375,inf,0.0,0.003174603174603175,0.0,0.0,-0.19044289570186956,-0.22620762762276206,-0.035764731920892495
daomasons,2024-04-01,2,0,0,3,3,3,3,3,3,3,4,4,3,0,3,2,1,2.125,2.5,1.3562026818605375,1.4142135623730951,0.375,0.17647058823529413,0.4442903374942209,0.3826530612244898,0.0,0.0,-0.07766133322522081,-0.11825744568561808,-0.040596112460397266
glosseta,2021-12-01,0,0,0,0,0,0,0,0,0,0,0,0,0,1,1,0,1,0.0,0.375,0.0,0.5175491695067657,0.375,inf,0.0,0.38412698412698415,0.0,0.0,-0.19044289570186956,-0.22620762762276206,-0.035764731920892495
closerdao,2022-03-01,0,0,0,0,0,0,0,0,0,0,0,0,0,0,0,0,3,0.0,0.375,0.0,1.0606601717798212,0.375,inf,0.0,0.3333333333333334,0.0,0.0,-0.19044289570186956,-0.22620762762276206,-0.035764731920892495
pheasant-network,2024-01-01,0,0,0,0,0,0,0,0,0,0,1,0,1,1,0,0,0,0.0,0.375,0.0,0.5175491695067657,0.375,inf,0.0,0.07936507936507936,0.0,0.0,-0.19044289570186956,-0.22620762762276206,-0.035764731920892495
crypto-fees-dmihal,2020-02-01,0,0,0,0,0,0,0,0,0,0,0,0,0,0,1,1,1,0.0,0.375,0.0,0.5175491695067657,0.375,inf,0.0,0.7142857142857144,0.0,0.0,-0.19044289570186956,-0.22620762762276206,-0.035764731920892495
drivyx-tech,2024-04-01,0,0,0,0,0,0,0,0,0,1,1,0,0,0,0,1,0,0.0,0.375,0.0,0.5175491695067657,0.375,inf,0.0,0.1555555555555556,0.0,0.0,-0.19044289570186956,-0.22620762762276206,-0.035764731920892495
fracton-ventures,2021-09-01,0,0,0,0,0,0,0,0,0,0,0,0,0,2,1,0,0,0.0,0.375,0.0,0.7440238091428449,0.375,inf,0.0,0.03840245775729646,0.0,0.0,-0.19044289570186956,-0.22620762762276206,-0.035764731920892495
eden-network,2020-07-01,0,0,0,0,0,0,0,0,0,0,1,0,0,0,0,1,1,0.0,0.375,0.0,0.5175491695067657,0.375,inf,0.0,0.1555555555555556,0.0,0.0,-0.19044289570186956,-0.22620762762276206,-0.035764731920892495
polywrap,2020-10-01,0,0,0,0,0,0,0,0,0,0,0,0,0,0,0,0,3,0.0,0.375,0.0,1.0606601717798212,0.375,inf,0.0,0.3333333333333334,0.0,0.0,-0.19044289570186956,-0.22620762762276206,-0.035764731920892495
heno-relief-game-sweetmantech,2023-11-01,0,0,0,0,0,0,0,1,1,0,1,0,0,2,0,1,0,0.125,0.5,0.3535533905932738,0.7559289460184544,0.375,3.0,0.3333333333333334,0.005952380952380955,0.0,0.0,-0.18380868614441964,-0.21985761692057712,-0.03604893077615748
brewitmoney,2024-04-01,0,0,0,0,0,0,0,0,0,0,0,0,0,0,1,1,1,0.0,0.375,0.0,0.5175491695067657,0.375,inf,0.0,0.7142857142857144,0.0,0.0,-0.19044289570186956,-0.22620762762276206,-0.035764731920892495
copernicspace,2023-11-01,0,0,0,0,0,0,0,1,0,0,0,0,0,1,0,2,1,0.125,0.5,0.3535533905932738,0.7559289460184544,0.375,3.0,0.3333333333333334,0.4821428571428571,0.0,0.0,-0.18380868614441964,-0.21985761692057712,-0.03604893077615748
anu-initiative,2024-08-01,0,0,0,0,0,0,0,0,0,0,3,0,0,0,0,0,0,0.0,0.375,0.0,1.0606601717798212,0.375,inf,0.0,0.17006802721088443,0.0,0.0,-0.19044289570186956,-0.22620762762276206,-0.035764731920892495
dappy-studio,2023-08-01,0,0,0,0,0,0,0,0,1,1,0,1,0,0,0,0,1,0.0,0.375,0.0,0.5175491695067657,0.375,inf,0.0,0.028571428571428577,0.0,0.0,-0.19044289570186956,-0.22620762762276206,-0.035764731920892495
orb-club,2022-08-01,0,0,0,0,0,0,0,1,0,2,1,0,1,0,0,0,0,0.125,0.5,0.3535533905932738,0.7559289460184544,0.375,3.0,0.3333333333333334,0.5952380952380953,0.0,0.0,-0.18380868614441964,-0.21985761692057712,-0.03604893077615748
eggcess-tech,2023-11-01,0,0,0,0,0,0,0,0,1,1,1,0,1,0,0,0,0,0.0,0.375,0.0,0.5175491695067657,0.375,inf,0.0,0.5365079365079365,0.0,0.0,-0.19044289570186956,-0.22620762762276206,-0.035764731920892495
mark3labs,2021-03-01,0,0,0,0,0,1,0,0,0,0,0,0,0,0,1,0,3,0.125,0.5,0.3535533905932738,1.0690449676496976,0.375,3.0,0.061224489795918366,0.42857142857142866,0.0,0.0,-0.18380868614441964,-0.21985761692057712,-0.03604893077615748
open-cann,2023-08-01,0,0,0,0,0,0,0,1,1,1,1,0,0,0,1,1,0,0.125,0.5,0.3535533905932738,0.5345224838248488,0.375,3.0,0.3333333333333334,0.04761904761904762,0.0,0.0,-0.18380868614441964,-0.21985761692057712,-0.03604893077615748
izar-bridge,2023-08-01,0,0,0,0,0,1,0,2,0,2,2,0,0,1,0,1,0,0.375,0.75,0.7440238091428449,0.8864052604279183,0.375,1.0,0.4439324116743472,0.3506493506493506,0.0,0.0,-0.1705402670295198,-0.20715759551620724,-0.036617328486687445
coinvise,2021-03-01,0,0,0,0,0,0,0,0,0,0,0,1,0,0,0,1,1,0.0,0.375,0.0,0.5175491695067657,0.375,inf,0.0,0.2571428571428572,0.0,0.0,-0.19044289570186956,-0.22620762762276206,-0.035764731920892495
scinet-inc,2022-03-01,0,0,0,0,0,0,0,0,0,0,0,0,0,0,1,1,1,0.0,0.375,0.0,0.5175491695067657,0.375,inf,0.0,0.7142857142857144,0.0,0.0,-0.19044289570186956,-0.22620762762276206,-0.035764731920892495
gaslockr,2023-08-01,0,0,0,0,4,0,0,1,1,1,1,1,1,1,1,1,1,0.625,1.0,1.4078859531733587,0.0,0.375,0.6,0.05190905190905193,0.0,0.0,0.0,-0.15727184791461993,-0.19445757411183737,-0.03718572619721744
planetarycouncil,2021-03-01,0,0,0,0,0,0,0,0,0,0,0,0,1,0,0,1,0,0.0,0.25,0.0,0.4629100498862757,0.25,inf,0.0,0.0634920634920635,0.0,0.0,-0.19044289570186956,-0.232557638324947,-0.042114742623077434
tide-protocol-fiveelementslabs,2022-09-01,0,0,0,0,0,0,0,0,0,0,0,0,0,1,1,0,0,0.0,0.25,0.0,0.4629100498862757,0.25,inf,0.0,0.0634920634920635,0.0,0.0,-0.19044289570186956,-0.232557638324947,-0.042114742623077434
fundpg,2023-04-01,0,0,0,0,0,0,0,0,2,1,0,0,1,0,0,0,0,0.0,0.25,0.0,0.4629100498862757,0.25,inf,0.0,0.253968253968254,0.0,0.0,-0.19044289570186956,-0.232557638324947,-0.042114742623077434
bonadocs,2024-04-01,0,0,0,2,2,3,3,3,3,2,3,3,2,2,1,1,1,1.625,1.875,1.4078859531733587,0.8345229603962802,0.25,0.15384615384615385,0.8687258687258689,0.6459096459096461,0.0,0.0,-0.10419817145502051,-0.15000749919654277,-0.04580932774152226
vaariance,2024-04-01,0,0,0,3,2,2,2,2,3,1,2,1,0,1,2,3,3,1.375,1.625,1.1877349391654206,1.0606601717798212,0.25,0.18181818181818182,0.5069318866787224,0.3998488284202571,0.0,0.0,-0.11746659056992037,-0.16270752060091268,-0.045240930030992305
decentragora,2021-05-01,0,0,0,0,0,0,0,0,0,0,1,1,0,0,0,0,0,0.0,0.25,0.0,0.4629100498862757,0.25,inf,0.0,0.253968253968254,0.0,0.0,-0.19044289570186956,-0.232557638324947,-0.042114742623077434
inverternetwork,2022-06-01,0,0,0,0,0,0,0,0,0,0,0,0,0,0,0,0,2,0.0,0.25,0.0,0.7071067811865476,0.25,inf,0.0,0.3333333333333334,0.0,0.0,-0.19044289570186956,-0.232557638324947,-0.042114742623077434
kairosresearch,2023-04-01,0,0,0,0,0,0,0,0,1,1,1,0,0,0,0,0,0,0.0,0.25,0.0,0.4629100498862757,0.25,inf,0.0,0.5714285714285715,0.0,0.0,-0.19044289570186956,-0.232557638324947,-0.042114742623077434
decentri-fi,2022-03-01,0,0,0,0,0,0,0,0,0,0,0,0,0,0,0,0,2,0.0,0.25,0.0,0.7071067811865476,0.25,inf,0.0,0.3333333333333334,0.0,0.0,-0.19044289570186956,-0.232557638324947,-0.042114742623077434
peerwork,2023-08-01,0,0,0,0,0,0,0,0,1,2,0,0,0,0,0,0,0,0.0,0.25,0.0,0.7071067811865476,0.25,inf,0.0,0.3333333333333334,0.0,0.0,-0.19044289570186956,-0.232557638324947,-0.042114742623077434
revox-readon,2022-06-01,0,0,0,0,0,0,0,0,1,2,0,0,0,0,0,0,0,0.0,0.25,0.0,0.7071067811865476,0.25,inf,0.0,0.3333333333333334,0.0,0.0,-0.19044289570186956,-0.232557638324947,-0.042114742623077434
endangeredtokens,2021-11-01,0,0,0,0,0,0,0,0,0,1,0,0,1,0,0,0,0,0.0,0.25,0.0,0.4629100498862757,0.25,inf,0.0,0.253968253968254,0.0,0.0,-0.19044289570186956,-0.232557638324947,-0.042114742623077434
co-vo-co,2022-08-01,0,0,0,0,0,0,0,0,0,0,0,0,0,0,0,1,1,0.0,0.25,0.0,0.4629100498862757,0.25,inf,0.0,0.5714285714285715,0.0,0.0,-0.19044289570186956,-0.232557638324947,-0.042114742623077434
dig-dao,2024-04-01,0,1,1,0,1,2,3,1,3,1,2,5,3,0,0,0,0,1.125,1.375,0.9910312089651149,1.8468119248354136,0.25,0.2222222222222222,0.3818181818181819,0.3054101221640489,0.0,0.0,-0.1307350096848202,-0.17540754200528255,-0.04467253232046234
basin-global,2023-04-01,0,0,0,1,0,0,0,0,1,1,0,0,1,1,0,0,0,0.125,0.375,0.3535533905932738,0.5175491695067657,0.25,2.0,0.006802721088435374,0.1555555555555556,0.0,0.0,-0.18380868614441964,-0.22620762762276206,-0.04239894147834242
open-spellbook,2023-08-01,0,0,0,0,0,0,0,0,1,1,1,0,0,0,0,0,0,0.0,0.25,0.0,0.4629100498862757,0.25,inf,0.0,0.5714285714285715,0.0,0.0,-0.19044289570186956,-0.232557638324947,-0.042114742623077434
thebadge,2023-08-01,4,4,4,5,4,7,3,4,4,4,7,6,5,3,4,4,4,4.375,4.625,1.1877349391654206,1.3024701806293193,0.25,0.05714285714285714,0.0054249547920434005,0.26516290726817043,0.0,0.0,0.04175443880887788,-0.010307263748474106,-0.052061702557351985
theforus,2023-08-01,0,0,0,0,0,0,0,2,2,2,1,1,0,0,0,0,0,0.25,0.5,0.7071067811865476,0.7559289460184544,0.25,1.0,0.3333333333333334,0.7202380952380955,0.0,0.0,-0.17717447658696972,-0.21985761692057712,-0.0426831403336074
atticc,2022-09-01,0,0,0,0,0,0,0,0,0,2,0,0,0,0,0,0,0,0.0,0.25,0.0,0.7071067811865476,0.25,inf,0.0,0.3333333333333334,0.0,0.0,-0.19044289570186956,-0.232557638324947,-0.042114742623077434
farcaster-py-vrypan,2023-11-01,0,0,0,0,0,0,0,1,2,1,1,0,0,0,1,0,0,0.125,0.375,0.3535533905932738,0.5175491695067657,0.25,2.0,0.3333333333333334,0.2571428571428572,0.0,0.0,-0.18380868614441964,-0.22620762762276206,-0.04239894147834242
culture-blocks,2023-04-01,0,0,0,0,0,0,0,0,0,0,0,0,1,1,0,0,0,0.0,0.25,0.0,0.4629100498862757,0.25,inf,0.0,0.0,0.0,0.0,-0.19044289570186956,-0.232557638324947,-0.042114742623077434
nebulaid,2024-10-01,0,0,0,0,0,0,0,0,1,1,0,0,0,0,1,0,0,0.0,0.25,0.0,0.4629100498862757,0.25,inf,0.0,0.0634920634920635,0.0,0.0,-0.19044289570186956,-0.232557638324947,-0.042114742623077434
climate-guardians,2022-08-01,0,0,0,1,0,1,0,0,0,0,0,2,0,1,1,0,0,0.25,0.5,0.4629100498862757,0.7559289460184544,0.25,1.0,0.015873015873015876,0.005952380952380955,0.0,0.0,-0.17717447658696972,-0.21985761692057712,-0.0426831403336074
journodao,2022-03-01,0,0,0,0,0,0,0,0,0,0,0,0,0,0,0,1,1,0.0,0.25,0.0,0.4629100498862757,0.25,inf,0.0,0.5714285714285715,0.0,0.0,-0.19044289570186956,-0.232557638324947,-0.042114742623077434
dypfinance,2021-03-01,0,0,0,1,2,3,4,1,8,1,2,1,2,3,2,1,1,1.375,1.625,1.5059406173077154,0.7440238091428449,0.25,0.18181818181818182,0.5133108361454818,0.001536098310291859,0.0,0.0,-0.11746659056992037,-0.16270752060091268,-0.045240930030992305
pyra-marketplace,2024-04-01,0,0,0,0,0,0,2,1,4,1,1,2,0,0,0,0,1,0.375,0.625,0.7440238091428449,0.7440238091428449,0.25,0.6666666666666666,0.4439324116743472,0.18586789554531497,0.0,0.0,-0.1705402670295198,-0.21350760621839218,-0.04296733918887238
optionhq,2024-04-01,0,0,0,1,1,3,2,0,1,1,2,2,2,1,1,0,0,0.875,1.125,1.1259916264596033,0.8345229603962802,0.25,0.2857142857142857,0.24211938296445337,0.5384615384615385,0.0,0.0,-0.14400342879972008,-0.18810756340965243,-0.044104134609932344
ethblockart,2021-03-01,0,0,0,0,0,0,3,4,0,1,0,0,1,2,2,1,2,0.875,1.125,1.6420805617960925,0.8345229603962802,0.25,0.2857142857142857,0.5830968148848944,0.4407814407814407,0.0,0.0,-0.14400342879972008,-0.18810756340965243,-0.044104134609932344
ruby-protocol,2021-09-01,0,0,0,0,0,0,0,2,2,1,0,1,1,0,0,1,0,0.25,0.5,0.7071067811865476,0.5345224838248488,0.25,1.0,0.3333333333333334,0.10714285714285716,0.0,0.0,-0.17717447658696972,-0.21985761692057712,-0.0426831403336074
dfarchon,2021-11-01,0,0,0,0,0,0,0,0,0,0,0,0,0,1,0,1,0,0.0,0.25,0.0,0.4629100498862757,0.25,inf,0.0,0.14285714285714288,0.0,0.0,-0.19044289570186956,-0.232557638324947,-0.042114742623077434
whitehatdao,2022-03-01,0,0,0,0,0,0,0,2,3,2,0,0,0,1,1,0,0,0.25,0.5,0.7071067811865476,0.7559289460184544,0.25,1.0,0.3333333333333334,0.14880952380952384,0.0,0.0,-0.17717447658696972,-0.21985761692057712,-0.0426831403336074
wuw-whateveryouwant,2023-11-01,0,0,0,0,0,0,0,0,0,0,0,1,0,0,0,1,0,0.0,0.25,0.0,0.4629100498862757,0.25,inf,0.0,0.015873015873015876,0.0,0.0,-0.19044289570186956,-0.232557638324947,-0.042114742623077434
dataunion-app,2021-06-01,0,0,0,0,0,0,0,0,1,1,0,0,0,0,1,0,0,0.0,0.25,0.0,0.4629100498862757,0.25,inf,0.0,0.0634920634920635,0.0,0.0,-0.19044289570186956,-0.232557638324947,-0.042114742623077434
dspytdao,2023-04-01,3,4,3,4,4,3,3,3,7,6,2,2,3,3,4,5,4,3.375,3.625,0.5175491695067657,1.4078859531733587,0.25,0.07407407407407407,0.07936507936507936,0.021021021021021026,0.0,0.0,-0.011319237650721537,-0.06110734936595363,-0.04978811171523209
cascadiacarbon,2024-03-01,0,0,0,0,0,0,0,0,0,2,0,0,0,0,0,0,0,0.0,0.25,0.0,0.7071067811865476,0.25,inf,0.0,0.3333333333333334,0.0,0.0,-0.19044289570186956,-0.232557638324947,-0.042114742623077434
wallidprotocol,2022-08-01,0,1,1,0,2,2,2,0,2,0,1,1,1,2,2,1,2,1.0,1.25,0.9258200997725514,0.7071067811865476,0.25,0.25,0.0992063492063492,0.5510204081632651,0.0,0.0,-0.13736921924227016,-0.1817575527074675,-0.04438833346519733
0xnextlabs,2022-08-01,0,0,0,0,0,0,0,0,0,0,2,0,0,0,0,0,0,0.0,0.25,0.0,0.7071067811865476,0.25,inf,0.0,0.1700680272108843,0.0,0.0,-0.19044289570186956,-0.232557638324947,-0.042114742623077434
armitage-labs,2024-04-01,0,0,0,0,0,0,1,3,2,2,1,2,1,0,0,0,0,0.5,0.75,1.0690449676496976,0.8864052604279183,0.25,0.5,0.5029761904761905,0.7316017316017316,0.0,0.0,-0.16390605747206985,-0.20715759551620724,-0.043251538044137394
eth-wizard-stake-house,2021-03-01,0,0,0,0,0,0,0,0,0,0,0,0,0,0,1,0,1,0.0,0.25,0.0,0.4629100498862757,0.25,inf,0.0,0.3968253968253968,0.0,0.0,-0.19044289570186956,-0.232557638324947,-0.042114742623077434
doublerpro,2023-08-01,0,0,0,0,0,0,0,0,1,1,0,1,0,0,0,0,0,0.0,0.25,0.0,0.4629100498862757,0.25,inf,0.0,0.3968253968253968,0.0,0.0,-0.19044289570186956,-0.232557638324947,-0.042114742623077434
mutualsupply,2023-08-01,0,0,0,0,0,3,1,0,1,2,0,0,1,2,1,0,0,0.5,0.75,1.0690449676496976,0.8864052604279183,0.25,0.5,0.14583333333333334,0.1082251082251082,0.0,0.0,-0.16390605747206985,-0.20715759551620724,-0.043251538044137394
wagmifund,2023-08-01,0,0,0,0,0,0,0,0,1,0,1,0,0,0,1,0,0,0.0,0.25,0.0,0.4629100498862757,0.25,inf,0.0,0.015873015873015876,0.0,0.0,-0.19044289570186956,-0.232557638324947,-0.042114742623077434
scryprotocol,2023-08-01,0,2,1,1,1,1,0,1,3,0,2,1,1,2,1,1,1,0.875,1.125,0.6408699444616557,0.6408699444616557,0.25,0.2857142857142857,0.01863354037267081,0.01863354037267081,0.0,0.0,-0.14400342879972008,-0.18810756340965243,-0.044104134609932344
web3arabs,2023-08-01,0,0,0,0,1,0,0,0,1,1,0,0,0,1,1,0,0,0.125,0.375,0.3535533905932738,0.5175491695067657,0.25,2.0,0.006802721088435374,0.028571428571428577,0.0,0.0,-0.18380868614441964,-0.22620762762276206,-0.04239894147834242
prb-math-paulrberg,2020-12-01,0,0,0,0,0,0,0,0,0,0,0,1,1,0,0,0,0,0.0,0.25,0.0,0.4629100498862757,0.25,inf,0.0,0.0634920634920635,0.0,0.0,-0.19044289570186956,-0.232557638324947,-0.042114742623077434
descier,2022-08-01,0,0,0,0,0,0,0,0,0,0,1,0,0,0,0,1,0,0.0,0.25,0.0,0.4629100498862757,0.25,inf,0.0,0.0,0.0,0.0,-0.19044289570186956,-0.232557638324947,-0.042114742623077434
parametry-ai,2023-11-01,0,0,0,0,0,1,0,0,0,1,1,0,0,0,0,0,0,0.125,0.25,0.3535533905932738,0.4629100498862757,0.125,1.0,0.061224489795918366,0.5714285714285715,0.0,0.0,-0.18380868614441964,-0.232557638324947,-0.048748952180527355
sociallayer-im,2022-08-01,0,0,0,0,0,0,0,0,0,0,0,0,1,0,0,0,0,0.0,0.125,0.0,0.3535533905932738,0.125,inf,0.0,0.006802721088435374,0.0,0.0,-0.19044289570186956,-0.23890764902713194,-0.04846475332526237
opml-labs,2023-08-01,0,0,0,0,0,0,0,1,0,0,1,0,0,1,0,0,0,0.125,0.25,0.3535533905932738,0.4629100498862757,0.125,1.0,0.3333333333333334,0.0634920634920635,0.0,0.0,-0.18380868614441964,-0.232557638324947,-0.048748952180527355
cashmere-labs,2022-08-01,0,0,0,0,0,0,0,0,0,0,1,0,0,0,0,0,0,0.0,0.125,0.0,0.3535533905932738,0.125,inf,0.0,0.1700680272108843,0.0,0.0,-0.19044289570186956,-0.23890764902713194,-0.04846475332526237
wizard-scientific,2023-11-01,0,0,0,0,0,0,0,0,0,1,0,0,0,0,0,0,0,0.0,0.125,0.0,0.3535533905932738,0.125,inf,0.0,0.3333333333333334,0.0,0.0,-0.19044289570186956,-0.23890764902713194,-0.04846475332526237
fibrous-finance,2022-08-01,0,0,0,0,0,0,0,0,0,0,0,0,0,0,0,1,0,0.0,0.125,0.0,0.3535533905932738,0.125,inf,0.0,0.1700680272108843,0.0,0.0,-0.19044289570186956,-0.23890764902713194,-0.04846475332526237
weichain,2023-09-01,2,2,1,1,3,3,2,0,0,3,5,0,0,0,0,2,5,1.75,1.875,1.0350983390135313,2.2320714274285347,0.125,0.07142857142857142,0.028571428571428577,0.0001706775900324288,0.0,0.0,-0.09756396189757059,-0.15000749919654277,-0.05244353729897218
1w3,2023-04-01,0,0,0,0,0,0,0,1,0,0,0,0,0,1,0,1,0,0.125,0.25,0.3535533905932738,0.4629100498862757,0.125,1.0,0.3333333333333334,0.14285714285714288,0.0,0.0,-0.18380868614441964,-0.232557638324947,-0.048748952180527355
onchainmonopoly,2023-11-01,0,0,0,0,0,0,0,0,0,1,0,0,0,0,0,0,0,0.0,0.125,0.0,0.3535533905932738,0.125,inf,0.0,0.3333333333333334,0.0,0.0,-0.19044289570186956,-0.23890764902713194,-0.04846475332526237
factland,2022-03-01,0,0,0,0,0,0,0,0,1,0,0,0,0,0,0,0,1,0.0,0.125,0.0,0.3535533905932738,0.125,inf,0.0,0.3333333333333334,0.0,0.0,-0.19044289570186956,-0.23890764902713194,-0.04846475332526237
rere-recursos-regenerativos,2024-03-01,0,0,1,0,0,0,0,0,0,2,0,0,0,0,0,0,0,0.125,0.25,0.3535533905932738,0.7071067811865476,0.125,1.0,0.061224489795918366,0.3333333333333334,0.0,0.0,-0.18380868614441964,-0.232557638324947,-0.048748952180527355
quadratic-systems,2024-08-01,0,0,0,0,0,0,0,0,0,0,1,0,0,0,0,0,0,0.0,0.125,0.0,0.3535533905932738,0.125,inf,0.0,0.1700680272108843,0.0,0.0,-0.19044289570186956,-0.23890764902713194,-0.04846475332526237
thedreamdao-eth,2021-10-01,0,0,0,0,0,0,0,0,0,0,0,0,0,0,1,0,0,0.0,0.125,0.0,0.3535533905932738,0.125,inf,0.0,0.061224489795918366,0.0,0.0,-0.19044289570186956,-0.23890764902713194,-0.04846475332526237
iron-wallet,2023-08-01,0,0,0,0,0,1,1,1,1,0,1,2,0,0,0,1,0,0.375,0.5,0.5175491695067657,0.7559289460184544,0.125,0.3333333333333333,0.7142857142857144,0.05357142857142858,0.0,0.0,-0.1705402670295198,-0.21985761692057712,-0.04931734989105732
tproof,2022-08-01,0,0,0,0,0,0,0,0,0,0,0,0,0,0,0,0,1,0.0,0.125,0.0,0.3535533905932738,0.125,inf,0.0,0.3333333333333334,0.0,0.0,-0.19044289570186956,-0.23890764902713194,-0.04846475332526237
dapplet,2023-05-01,0,0,0,0,0,0,0,0,0,0,0,0,0,1,0,0,0,0.0,0.125,0.0,0.3535533905932738,0.125,inf,0.0,0.006802721088435374,0.0,0.0,-0.19044289570186956,-0.23890764902713194,-0.04846475332526237
thunder-chat-app,2023-04-01,0,0,0,0,0,0,0,0,1,0,0,0,1,0,0,0,0,0.0,0.125,0.0,0.3535533905932738,0.125,inf,0.0,0.006802721088435374,0.0,0.0,-0.19044289570186956,-0.23890764902713194,-0.04846475332526237
afyapp,2023-10-01,0,0,0,0,0,0,0,0,0,0,0,0,0,0,0,1,0,0.0,0.125,0.0,0.3535533905932738,0.125,inf,0.0,0.1700680272108843,0.0,0.0,-0.19044289570186956,-0.23890764902713194,-0.04846475332526237
cryptosmartnow,2023-04-01,0,0,0,0,0,0,4,4,3,2,2,2,0,1,0,2,0,1.0,1.125,1.8516401995451028,0.9910312089651149,0.125,0.125,0.5714285714285715,0.3125541125541125,0.0,0.0,-0.13736921924227016,-0.18810756340965243,-0.050738344167382265
f3-buidlers,2023-04-01,0,0,0,0,0,0,2,2,2,1,0,1,2,1,0,0,0,0.5,0.625,0.9258200997725514,0.7440238091428449,0.125,0.25,0.5714285714285715,0.18586789554531497,0.0,0.0,-0.16390605747206985,-0.21350760621839218,-0.04960154874632233
lenstags,2023-04-01,0,0,0,0,0,0,1,0,1,0,0,0,1,1,0,0,0,0.125,0.25,0.3535533905932738,0.4629100498862757,0.125,1.0,0.1700680272108843,0.0,0.0,0.0,-0.18380868614441964,-0.232557638324947,-0.048748952180527355
tropykus,2023-08-01,0,1,1,0,1,1,1,0,0,2,0,0,0,1,1,1,1,0.625,0.75,0.5175491695067657,0.7071067811865476,0.125,0.2,0.003174603174603175,0.006802721088435374,0.0,0.0,-0.15727184791461993,-0.20715759551620724,-0.049885747601587316
decent,2021-11-01,0,0,0,0,0,0,0,0,0,0,0,1,0,0,0,0,0,0.0,0.125,0.0,0.3535533905932738,0.125,inf,0.0,0.061224489795918366,0.0,0.0,-0.19044289570186956,-0.23890764902713194,-0.04846475332526237
bankless-card,2024-04-01,2,3,3,1,0,0,0,0,3,3,2,2,0,0,1,1,1,1.125,1.25,1.3562026818605375,1.0350983390135313,0.125,0.1111111111111111,0.7031900138696254,0.38412698412698415,0.0,0.0,-0.1307350096848202,-0.1817575527074675,-0.051022543022647276
opti-domains,2024-04-01,1,1,0,1,0,1,1,1,1,2,1,1,1,1,0,0,1,0.75,0.875,0.4629100498862757,0.6408699444616557,0.125,0.16666666666666666,0.015873015873015876,0.46583850931677034,0.0,0.0,-0.15063763835717,-0.2008075848140223,-0.0501699464568523
etheralpha,2023-08-01,2,6,2,3,3,4,4,2,3,5,3,2,4,5,2,3,3,3.25,3.375,1.3887301496588271,1.1877349391654206,0.125,0.038461538461538464,0.007054673721340389,0.10186859553948165,0.0,0.0,-0.017953447208171464,-0.07380737077032351,-0.05585392356215205
portraitgg,2022-06-01,0,0,0,0,0,1,0,0,0,0,0,0,0,0,1,0,1,0.125,0.25,0.3535533905932738,0.4629100498862757,0.125,1.0,0.061224489795918366,0.3968253968253968,0.0,0.0,-0.18380868614441964,-0.232557638324947,-0.048748952180527355
eth-limo,2022-03-01,0,0,0,0,0,0,0,0,0,0,0,0,0,0,1,0,0,0.0,0.125,0.0,0.3535533905932738,0.125,inf,0.0,0.061224489795918366,0.0,0.0,-0.19044289570186956,-0.23890764902713194,-0.04846475332526237
dtrials,2024-01-01,0,0,0,0,0,0,0,0,0,0,0,1,0,0,0,0,0,0.0,0.125,0.0,0.3535533905932738,0.125,inf,0.0,0.061224489795918366,0.0,0.0,-0.19044289570186956,-0.23890764902713194,-0.04846475332526237
ethereum-etl-blockchain-etl,2020-02-01,3,7,4,1,1,3,2,1,4,2,5,6,3,2,3,0,2,2.75,2.875,2.052872551885702,1.8850918886280925,0.125,0.045454545454545456,0.35593220338983056,0.29313232830820773,0.0,0.0,-0.04449028543797117,-0.09920741357906326,-0.05471712814109209
brancheai,2023-08-01,0,0,0,0,0,0,0,0,0,1,0,0,0,0,0,0,0,0.0,0.125,0.0,0.3535533905932738,0.125,inf,0.0,0.3333333333333334,0.0,0.0,-0.19044289570186956,-0.23890764902713194,-0.04846475332526237
mesoreefdao,2023-04-01,0,0,0,0,0,0,0,0,0,0,0,0,0,0,0,0,1,0.0,0.125,0.0,0.3535533905932738,0.125,inf,0.0,0.3333333333333334,0.0,0.0,-0.19044289570186956,-0.23890764902713194,-0.04846475332526237
ggframe,2024-08-01,0,0,0,0,0,0,0,0,1,0,0,1,0,0,0,0,0,0.0,0.125,0.0,0.3535533905932738,0.125,inf,0.0,0.061224489795918366,0.0,0.0,-0.19044289570186956,-0.23890764902713194,-0.04846475332526237
australopitech,2024-04-01,0,0,0,0,0,0,0,1,1,1,0,1,0,0,0,0,0,0.125,0.25,0.3535533905932738,0.4629100498862757,0.125,1.0,0.3333333333333334,0.3968253968253968,0.0,0.0,-0.18380868614441964,-0.232557638324947,-0.048748952180527355
change-code-io,2024-04-01,0,0,0,0,0,1,1,1,1,1,1,1,1,0,0,0,0,0.375,0.5,0.5175491695067657,0.5345224838248488,0.125,0.3333333333333333,0.7142857142857144,0.761904761904762,0.0,0.0,-0.1705402670295198,-0.21985761692057712,-0.04931734989105732
basexhq,2022-06-01,0,0,1,0,0,1,0,1,1,1,1,0,0,1,0,0,1,0.375,0.5,0.5175491695067657,0.5345224838248488,0.125,0.3333333333333333,0.1555555555555556,0.04761904761904762,0.0,0.0,-0.1705402670295198,-0.21985761692057712,-0.04931734989105732
iounet,2022-06-01,0,0,0,2,1,2,1,1,1,1,1,1,0,1,2,2,0,0.875,1.0,0.8345229603962802,0.7559289460184544,0.125,0.14285714285714285,0.35286935286935295,0.005952380952380955,0.0,0.0,-0.14400342879972008,-0.19445757411183737,-0.05045414531211728
ethereansos,2023-09-01,1,2,2,2,1,1,1,1,1,1,1,2,2,1,1,2,2,1.375,1.5,0.5175491695067657,0.5345224838248488,0.125,0.09090909090909091,0.2571428571428572,0.1904761904761905,0.0,0.0,-0.11746659056992037,-0.1690575313030976,-0.05159094073317724
itu-blockchain,2021-03-01,0,0,0,0,0,0,0,0,1,0,0,1,0,0,0,0,0,0.0,0.125,0.0,0.3535533905932738,0.125,inf,0.0,0.061224489795918366,0.0,0.0,-0.19044289570186956,-0.23890764902713194,-0.04846475332526237
zeropoolnetwork,2020-04-01,0,1,1,2,2,6,5,7,3,1,2,3,2,4,4,4,5,3.0,3.125,2.6186146828319083,1.3562026818605375,0.125,0.041666666666666664,0.8750000000000004,0.8548312528895052,0.0,0.0,-0.031221866323071317,-0.08650739217469339,-0.05528552585162207
voicedeck,2023-04-01,0,0,0,0,0,0,0,0,0,0,0,0,0,0,0,1,0,0.0,0.125,0.0,0.3535533905932738,0.125,inf,0.0,0.1700680272108843,0.0,0.0,-0.19044289570186956,-0.23890764902713194,-0.04846475332526237
protspec,2024-04-01,0,0,0,1,1,1,1,1,1,1,1,2,1,1,0,0,0,0.625,0.75,0.5175491695067657,0.7071067811865476,0.125,0.2,0.7142857142857144,0.5510204081632651,0.0,0.0,-0.15727184791461993,-0.20715759551620724,-0.049885747601587316
dao-driven,2024-04-01,0,0,0,0,0,0,0,0,0,0,0,0,0,0,1,0,0,0.0,0.125,0.0,0.3535533905932738,0.125,inf,0.0,0.061224489795918366,0.0,0.0,-0.19044289570186956,-0.23890764902713194,-0.04846475332526237
etherplay,2024-04-01,0,0,1,0,0,0,1,1,0,1,1,0,1,0,0,0,1,0.375,0.5,0.5175491695067657,0.5345224838248488,0.125,0.3333333333333333,0.2571428571428572,0.10714285714285716,0.0,0.0,-0.1705402670295198,-0.21985761692057712,-0.04931734989105732
revert-finance,2021-06-01,0,0,0,0,0,0,0,0,0,0,0,0,0,0,0,0,1,0.0,0.125,0.0,0.3535533905932738,0.125,inf,0.0,0.3333333333333334,0.0,0.0,-0.19044289570186956,-0.23890764902713194,-0.04846475332526237
maven-foundation,2022-06-01,0,0,0,0,0,0,0,0,0,0,0,0,0,0,0,1,0,0.0,0.125,0.0,0.3535533905932738,0.125,inf,0.0,0.1700680272108843,0.0,0.0,-0.19044289570186956,-0.23890764902713194,-0.04846475332526237
troopfinance,2023-04-01,0,0,0,0,0,0,1,0,0,0,0,0,0,0,1,1,0,0.125,0.25,0.3535533905932738,0.4629100498862757,0.125,1.0,0.1700680272108843,0.253968253968254,0.0,0.0,-0.18380868614441964,-0.232557638324947,-0.048748952180527355
zkpassofficial,2022-08-01,0,0,0,0,0,0,0,0,3,1,0,0,0,0,0,0,0,0.0,0.125,0.0,0.3535533905932738,0.125,inf,0.0,0.3333333333333334,0.0,0.0,-0.19044289570186956,-0.23890764902713194,-0.04846475332526237
datalatte-ai,2022-02-01,0,0,0,0,0,0,0,0,0,0,0,0,1,0,0,0,0,0.0,0.125,0.0,0.3535533905932738,0.125,inf,0.0,0.006802721088435374,0.0,0.0,-0.19044289570186956,-0.23890764902713194,-0.04846475332526237
bcdevs,2024-04-01,0,0,0,0,0,0,0,0,0,0,0,1,0,0,0,0,0,0.0,0.125,0.0,0.3535533905932738,0.125,inf,0.0,0.061224489795918366,0.0,0.0,-0.19044289570186956,-0.23890764902713194,-0.04846475332526237
4seascm,2023-08-01,0,0,0,0,0,0,0,0,0,0,0,0,0,1,0,0,0,0.0,0.125,0.0,0.3535533905932738,0.125,inf,0.0,0.006802721088435374,0.0,0.0,-0.19044289570186956,-0.23890764902713194,-0.04846475332526237
replica-io,2023-08-01,0,0,0,1,1,0,1,1,1,1,0,1,0,0,1,1,1,0.5,0.625,0.5345224838248488,0.5175491695067657,0.125,0.25,0.42857142857142866,0.07936507936507936,0.0,0.0,-0.16390605747206985,-0.21350760621839218,-0.04960154874632233
decentralized-co-op,2023-11-01,0,0,0,0,0,0,0,0,1,1,0,0,0,0,0,0,0,0.0,0.125,0.0,0.3535533905932738,0.125,inf,0.0,0.3333333333333334,0.0,0.0,-0.19044289570186956,-0.23890764902713194,-0.04846475332526237
deplatformr,2020-12-01,0,0,0,0,0,0,2,2,1,1,2,2,0,0,0,0,0,0.5,0.625,0.9258200997725514,0.9161253813129042,0.125,0.25,0.5714285714285715,0.5359675785207701,0.0,0.0,-0.16390605747206985,-0.21350760621839218,-0.04960154874632233
ethereum-chile,2023-04-01,0,0,0,0,0,0,0,0,0,0,0,1,0,0,0,0,0,0.0,0.125,0.0,0.3535533905932738,0.125,inf,0.0,0.061224489795918366,0.0,0.0,-0.19044289570186956,-0.23890764902713194,-0.04846475332526237
dasylang,2023-09-01,0,0,1,0,0,1,1,0,0,0,1,1,0,2,0,0,0,0.375,0.5,0.5175491695067657,0.7559289460184544,0.125,0.3333333333333333,0.07936507936507936,0.05357142857142858,0.0,0.0,-0.1705402670295198,-0.21985761692057712,-0.04931734989105732
publicnouns,2023-11-01,0,0,0,0,0,0,0,0,0,0,0,0,0,0,0,1,0,0.0,0.125,0.0,0.3535533905932738,0.125,inf,0.0,0.1700680272108843,0.0,0.0,-0.19044289570186956,-0.23890764902713194,-0.04846475332526237
archlyorg,2023-07-01,0,0,0,0,0,0,0,0,1,1,0,0,0,0,0,0,0,0.0,0.125,0.0,0.3535533905932738,0.125,inf,0.0,0.3333333333333334,0.0,0.0,-0.19044289570186956,-0.23890764902713194,-0.04846475332526237
agroforestdao,2023-08-01,0,0,0,0,0,0,0,0,0,0,0,0,0,0,0,0,1,0.0,0.125,0.0,0.3535533905932738,0.125,inf,0.0,0.3333333333333334,0.0,0.0,-0.19044289570186956,-0.23890764902713194,-0.04846475332526237
democracyearth,2020-02-01,0,3,0,1,0,0,0,4,0,0,0,2,0,3,2,2,0,1.0,1.125,1.6035674514745462,1.2464234547582247,0.125,0.125,0.04761904761904764,0.09250136836343736,0.0,0.0,-0.13736921924227016,-0.18810756340965243,-0.050738344167382265
chaincraftgames,2024-10-01,0,0,0,1,1,1,1,1,2,0,0,0,2,1,1,0,2,0.625,0.75,0.5175491695067657,0.8864052604279183,0.125,0.2,0.7142857142857144,0.27705627705627706,0.0,0.0,-0.15727184791461993,-0.20715759551620724,-0.049885747601587316
womenbiz,2023-04-01,0,0,0,0,0,0,1,0,0,0,0,0,0,0,1,0,0,0.125,0.125,0.3535533905932738,0.3535533905932738,0.0,0.0,0.1700680272108843,0.061224489795918366,0.0,0.0,-0.18380868614441964,-0.23890764902713194,-0.055098962882712293
idriss-crypto,2022-08-01,0,3,2,3,2,3,2,7,5,4,2,3,1,2,2,4,4,2.75,2.75,1.9820624179302297,1.1649647450214349,0.0,0.0,0.45800865800865803,0.04010025062656643,0.0,0.0,-0.04449028543797117,-0.1055574242812482,-0.06106713884327703
zuzapp,2023-08-01,0,0,0,0,0,0,0,0,1,0,0,0,0,0,0,0,0,0.0,0.0,0.0,0.0,0.0,inf,0.0,0.0,0.0,0.0,-0.19044289570186956,-0.24525765972931687,-0.05481476402744731
zrex-finance,2023-08-01,0,0,0,0,0,0,1,0,0,0,0,0,0,1,0,0,0,0.125,0.125,0.3535533905932738,0.3535533905932738,0.0,0.0,0.1700680272108843,0.006802721088435374,0.0,0.0,-0.18380868614441964,-0.23890764902713194,-0.055098962882712293
web3go-xyz,2022-10-01,3,3,6,4,6,2,2,5,3,5,2,4,3,4,5,5,3,3.875,3.875,1.6420805617960925,1.1259916264596033,0.0,0.0,0.0003153579312519711,0.016767270288397047,0.0,0.0,0.01521760057907817,-0.04840732796158374,-0.06362492854066192
burner-wallet-austintgriffith,2021-06-01,0,0,1,1,0,1,0,0,0,0,0,0,0,2,0,0,1,0.375,0.375,0.5175491695067657,0.7440238091428449,0.0,0.0,0.003174603174603175,0.12442396313364054,0.0,0.0,-0.1705402670295198,-0.22620762762276206,-0.05566736059324226
ethcali,2023-04-01,0,0,0,0,0,0,0,0,1,0,0,0,0,0,0,0,0,0.0,0.0,0.0,0.0,0.0,inf,0.0,0.0,0.0,0.0,-0.19044289570186956,-0.24525765972931687,-0.05481476402744731
blockhead-darryl-yeo,2021-06-01,1,1,1,0,0,0,1,1,0,1,1,0,1,1,1,0,0,0.625,0.625,0.5175491695067657,0.5175491695067657,0.0,0.0,0.028571428571428577,0.2571428571428572,0.0,0.0,-0.15727184791461993,-0.21350760621839218,-0.056235758303772254
desci-asia,2023-08-01,0,0,0,0,0,0,0,0,1,0,0,0,0,0,0,0,0,0.0,0.0,0.0,0.0,0.0,inf,0.0,0.0,0.0,0.0,-0.19044289570186956,-0.24525765972931687,-0.05481476402744731
zkpodai,2023-05-01,0,0,0,0,0,0,0,0,1,0,0,0,0,0,0,0,0,0.0,0.0,0.0,0.0,0.0,inf,0.0,0.0,0.0,0.0,-0.19044289570186956,-0.24525765972931687,-0.05481476402744731
gainforest,2022-08-01,0,0,0,0,0,0,0,0,2,0,0,0,0,0,0,0,0,0.0,0.0,0.0,0.0,0.0,inf,0.0,0.0,0.0,0.0,-0.19044289570186956,-0.24525765972931687,-0.05481476402744731
wise-crowds-liberating-structures,2022-09-01,0,0,0,0,0,1,0,0,0,0,0,0,0,0,0,1,0,0.125,0.125,0.3535533905932738,0.3535533905932738,0.0,0.0,0.061224489795918366,0.1700680272108843,0.0,0.0,-0.18380868614441964,-0.23890764902713194,-0.055098962882712293
notichain,2023-11-01,0,0,0,0,0,0,0,0,1,0,0,0,0,0,0,0,0,0.0,0.0,0.0,0.0,0.0,inf,0.0,0.0,0.0,0.0,-0.19044289570186956,-0.24525765972931687,-0.05481476402744731
grateful-protocol,2023-11-01,0,0,0,0,0,0,0,1,0,0,0,0,0,0,1,0,0,0.125,0.125,0.3535533905932738,0.3535533905932738,0.0,0.0,0.3333333333333334,0.061224489795918366,0.0,0.0,-0.18380868614441964,-0.23890764902713194,-0.055098962882712293
bloomnetwork,2020-12-01,0,0,0,0,0,0,0,0,1,0,0,0,0,0,0,0,0,0.0,0.0,0.0,0.0,0.0,inf,0.0,0.0,0.0,0.0,-0.19044289570186956,-0.24525765972931687,-0.05481476402744731
zkbob,2023-04-01,8,7,10,10,9,9,9,10,8,9,10,10,8,7,14,8,6,9.0,9.0,1.0690449676496976,2.449489742783178,0.0,0.0,0.29761904761904756,0.05668934240362813,0.0,0.0,0.2872201924345252,0.2119431108279988,-0.07527708160652638
onchaintrust,2024-04-01,0,0,0,0,0,0,0,2,0,0,0,0,0,0,0,2,0,0.25,0.25,0.7071067811865476,0.7071067811865476,0.0,0.0,0.3333333333333334,0.1700680272108843,0.0,0.0,-0.17717447658696972,-0.232557638324947,-0.05538316173797728
redstone-finance,2022-06-01,1,3,6,4,5,5,5,9,6,3,4,2,3,5,8,6,7,4.75,4.75,2.3145502494313788,2.1213203435596424,0.0,0.0,0.6501587301587303,0.63567649281935,0.0,0.0,0.06165706748122766,-0.003957253046289166,-0.06561432052751683
lifespanio,2023-11-01,0,0,0,0,0,1,0,0,1,0,0,0,1,0,0,0,0,0.125,0.125,0.3535533905932738,0.3535533905932738,0.0,0.0,0.061224489795918366,0.006802721088435374,0.0,0.0,-0.18380868614441964,-0.23890764902713194,-0.055098962882712293
deezstealth,2023-11-01,0,0,0,0,0,0,0,0,1,0,0,0,0,0,0,0,0,0.0,0.0,0.0,0.0,0.0,inf,0.0,0.0,0.0,0.0,-0.19044289570186956,-0.24525765972931687,-0.05481476402744731
sadaiv-ci,2023-04-01,0,0,0,0,1,0,0,1,2,1,0,0,0,0,0,1,0,0.25,0.25,0.4629100498862757,0.4629100498862757,0.0,0.0,0.253968253968254,0.015873015873015876,0.0,0.0,-0.17717447658696972,-0.232557638324947,-0.05538316173797728
solidity-analyzer-parmanuxyz,2023-09-01,0,0,0,0,0,0,1,1,1,1,0,0,0,0,0,0,1,0.25,0.25,0.4629100498862757,0.4629100498862757,0.0,0.0,0.5714285714285715,0.0,0.0,0.0,-0.17717447658696972,-0.232557638324947,-0.05538316173797728
dgl-dynamic-governance-liquidator,2024-10-01,0,0,0,0,0,0,0,0,1,0,0,0,0,0,0,0,0,0.0,0.0,0.0,0.0,0.0,inf,0.0,0.0,0.0,0.0,-0.19044289570186956,-0.24525765972931687,-0.05481476402744731
0xdeschool,2023-04-01,0,0,0,0,0,0,2,4,4,0,1,0,1,1,1,1,1,0.75,0.75,1.4880476182856899,0.4629100498862757,0.0,0.0,0.554531490015361,0.3968253968253968,0.0,0.0,-0.15063763835717,-0.20715759551620724,-0.05651995715903724
lumi-labs,2023-04-01,0,0,0,0,0,0,0,1,0,1,0,0,0,0,0,0,0,0.125,0.125,0.3535533905932738,0.3535533905932738,0.0,0.0,0.3333333333333334,0.3333333333333334,0.0,0.0,-0.18380868614441964,-0.23890764902713194,-0.055098962882712293
changeth,2023-04-01,0,0,0,0,0,0,0,0,1,0,0,0,0,0,0,0,0,0.0,0.0,0.0,0.0,0.0,inf,0.0,0.0,0.0,0.0,-0.19044289570186956,-0.24525765972931687,-0.05481476402744731
fatcat-money,2023-04-01,0,0,0,0,0,0,0,0,1,0,0,0,0,0,0,0,0,0.0,0.0,0.0,0.0,0.0,inf,0.0,0.0,0.0,0.0,-0.19044289570186956,-0.24525765972931687,-0.05481476402744731
agentswbenefits,2024-04-01,0,0,0,0,0,0,0,0,1,0,0,0,0,0,0,0,0,0.0,0.0,0.0,0.0,0.0,inf,0.0,0.0,0.0,0.0,-0.19044289570186956,-0.24525765972931687,-0.05481476402744731
chocomintapp,2022-02-01,2,2,0,2,1,0,2,1,2,1,2,0,0,2,3,1,1,1.25,1.25,0.8864052604279183,1.0350983390135313,0.0,0.0,0.06926406926406926,0.028571428571428577,0.0,0.0,-0.12410080012737029,-0.1817575527074675,-0.0576567525800972
web3bridge,2020-10-01,0,0,0,0,0,0,0,0,1,0,0,0,0,0,0,0,0,0.0,0.0,0.0,0.0,0.0,inf,0.0,0.0,0.0,0.0,-0.19044289570186956,-0.24525765972931687,-0.05481476402744731
duel3,2024-08-01,0,0,0,0,0,0,0,0,1,0,0,0,0,0,0,0,0,0.0,0.0,0.0,0.0,0.0,inf,0.0,0.0,0.0,0.0,-0.19044289570186956,-0.24525765972931687,-0.05481476402744731
detechies,2024-04-01,0,0,0,0,0,0,0,0,1,0,0,0,0,0,0,0,0,0.0,0.0,0.0,0.0,0.0,inf,0.0,0.0,0.0,0.0,-0.19044289570186956,-0.24525765972931687,-0.05481476402744731
ethereumhn,2023-04-01,0,0,0,0,1,1,0,0,0,1,0,0,0,1,0,0,0,0.25,0.25,0.4629100498862757,0.4629100498862757,0.0,0.0,0.0634920634920635,0.14285714285714288,0.0,0.0,-0.17717447658696972,-0.232557638324947,-0.05538316173797728
galaxchat,2022-08-01,0,0,0,0,0,0,0,1,1,0,0,0,0,1,0,0,0,0.125,0.125,0.3535533905932738,0.3535533905932738,0.0,0.0,0.3333333333333334,0.006802721088435374,0.0,0.0,-0.18380868614441964,-0.23890764902713194,-0.055098962882712293
better-feedback,2021-03-01,0,0,0,0,0,0,2,1,1,0,0,0,0,1,0,0,2,0.375,0.375,0.7440238091428449,0.7440238091428449,0.0,0.0,0.4439324116743472,0.34562211981566837,0.0,0.0,-0.1705402670295198,-0.22620762762276206,-0.05566736059324226
ipfspace-zhangpeibin,2021-09-01,0,0,0,0,0,0,0,1,1,1,0,0,0,0,0,0,0,0.125,0.125,0.3535533905932738,0.3535533905932738,0.0,0.0,0.3333333333333334,0.3333333333333334,0.0,0.0,-0.18380868614441964,-0.23890764902713194,-0.055098962882712293
5degreesprotocol,2022-03-01,0,0,0,0,0,0,0,1,2,0,1,0,0,0,0,0,0,0.125,0.125,0.3535533905932738,0.3535533905932738,0.0,0.0,0.3333333333333334,0.1700680272108843,0.0,0.0,-0.18380868614441964,-0.23890764902713194,-0.055098962882712293
yohakuxyz,2024-08-01,0,0,0,0,0,0,0,1,2,0,0,0,0,0,0,1,0,0.125,0.125,0.3535533905932738,0.3535533905932738,0.0,0.0,0.3333333333333334,0.1700680272108843,0.0,0.0,-0.18380868614441964,-0.23890764902713194,-0.055098962882712293
social-dev-token,2023-11-01,0,0,0,0,0,0,0,0,1,0,0,0,0,0,0,0,0,0.0,0.0,0.0,0.0,0.0,inf,0.0,0.0,0.0,0.0,-0.19044289570186956,-0.24525765972931687,-0.05481476402744731
nomis-cc,2023-08-01,0,0,0,0,0,1,0,0,0,0,0,0,0,0,0,0,1,0.125,0.125,0.3535533905932738,0.3535533905932738,0.0,0.0,0.061224489795918366,0.3333333333333334,0.0,0.0,-0.18380868614441964,-0.23890764902713194,-0.055098962882712293
ultrasoundmoney,2024-10-01,4,6,3,4,4,3,4,4,4,4,3,3,4,8,4,3,3,4.0,4.0,0.9258200997725514,1.6903085094570331,0.0,0.0,0.0992063492063492,0.0,0.0,0.0,0.021851810136528097,-0.042057317259398805,-0.0639091273959269
rubyscore,2024-04-01,0,0,0,0,0,0,0,1,0,1,0,0,0,0,0,0,0,0.125,0.125,0.3535533905932738,0.3535533905932738,0.0,0.0,0.3333333333333334,0.3333333333333334,0.0,0.0,-0.18380868614441964,-0.23890764902713194,-0.055098962882712293
0xrivendell,2024-01-01,0,0,0,0,0,0,0,0,2,0,0,0,0,0,0,0,0,0.0,0.0,0.0,0.0,0.0,inf,0.0,0.0,0.0,0.0,-0.19044289570186956,-0.24525765972931687,-0.05481476402744731
w3projecthub,2023-08-01,0,0,0,0,0,0,0,0,1,0,0,0,0,0,0,0,0,0.0,0.0,0.0,0.0,0.0,inf,0.0,0.0,0.0,0.0,-0.19044289570186956,-0.24525765972931687,-0.05481476402744731
0xfundstarter,2023-04-01,0,0,0,0,0,0,0,0,1,0,0,0,0,0,0,0,0,0.0,0.0,0.0,0.0,0.0,inf,0.0,0.0,0.0,0.0,-0.19044289570186956,-0.24525765972931687,-0.05481476402744731
upto3xyz,2023-08-01,0,0,0,0,0,0,0,0,1,0,0,0,0,0,0,0,0,0.0,0.0,0.0,0.0,0.0,inf,0.0,0.0,0.0,0.0,-0.19044289570186956,-0.24525765972931687,-0.05481476402744731
evergreencoin,2022-08-01,0,0,0,1,0,0,0,0,0,0,0,0,0,0,0,0,0,0.125,0.0,0.3535533905932738,0.0,-0.125,-1.0,0.006802721088435374,0.0,0.0,0.0,-0.18380868614441964,-0.24525765972931687,-0.06144897358489723
merkle-root-inc,2024-08-01,0,0,0,0,0,0,0,1,1,0,0,0,0,0,0,0,0,0.125,0.0,0.3535533905932738,0.0,-0.125,-1.0,0.3333333333333334,0.0,0.0,0.0,-0.18380868614441964,-0.24525765972931687,-0.06144897358489723
communities-id,2023-11-01,0,0,0,0,0,0,1,2,3,2,0,0,0,0,0,0,0,0.375,0.25,0.7440238091428449,0.7071067811865476,-0.125,-0.3333333333333333,0.554531490015361,0.3333333333333334,0.0,0.0,-0.1705402670295198,-0.232557638324947,-0.0620173712954272
primedao,2024-08-01,0,1,0,0,0,0,0,0,0,0,0,0,0,0,0,0,0,0.125,0.0,0.3535533905932738,0.0,-0.125,-1.0,0.1700680272108843,0.0,0.0,0.0,-0.18380868614441964,-0.24525765972931687,-0.06144897358489723
web3hacker-world,2023-08-01,0,0,0,0,0,1,1,0,1,0,0,0,1,0,0,0,0,0.25,0.125,0.4629100498862757,0.3535533905932738,-0.125,-0.5,0.253968253968254,0.006802721088435374,0.0,0.0,-0.17717447658696972,-0.23890764902713194,-0.061733172440162215
notarizedscreenshot,2023-04-01,2,0,0,0,0,3,3,4,2,4,3,2,2,0,0,0,0,1.5,1.375,1.6903085094570331,1.5979898086569353,-0.125,-0.08333333333333333,0.4297619047619046,0.8661338661338662,0.0,0.0,-0.11083238101247045,-0.17540754200528255,-0.0645751609928121
theredguild,2023-05-01,0,0,0,0,0,0,2,0,0,0,0,0,0,0,0,1,0,0.25,0.125,0.7071067811865476,0.3535533905932738,-0.125,-0.5,0.1700680272108843,0.1700680272108843,0.0,0.0,-0.17717447658696972,-0.23890764902713194,-0.061733172440162215
153x153x153,2023-08-01,0,0,0,0,1,0,0,0,0,0,0,0,0,0,0,0,0,0.125,0.0,0.3535533905932738,0.0,-0.125,-1.0,0.006802721088435374,0.0,0.0,0.0,-0.18380868614441964,-0.24525765972931687,-0.06144897358489723
pulsarswap,2023-04-01,0,0,0,1,2,1,1,0,1,1,1,1,1,0,0,0,0,0.625,0.5,0.7440238091428449,0.5345224838248488,-0.125,-0.2,0.12442396313364054,0.761904761904762,0.0,0.0,-0.15727184791461993,-0.21985761692057712,-0.06258576900595719
revolte-pgrandne,2023-04-01,0,0,0,0,0,1,2,2,2,2,0,0,1,0,0,0,1,0.625,0.5,0.9161253813129042,0.7559289460184544,-0.125,-0.2,0.7386018237082068,0.09523809523809527,0.0,0.0,-0.15727184791461993,-0.21985761692057712,-0.06258576900595719
wizard-bridge-evm,2023-11-01,0,0,0,0,0,0,1,1,0,0,0,0,0,0,0,0,1,0.25,0.125,0.4629100498862757,0.3535533905932738,-0.125,-0.5,0.5714285714285715,0.3333333333333334,0.0,0.0,-0.17717447658696972,-0.23890764902713194,-0.061733172440162215
cryptorank,2024-04-01,0,0,0,0,0,2,0,0,2,1,0,0,0,0,0,0,0,0.25,0.125,0.7071067811865476,0.3535533905932738,-0.125,-0.5,0.061224489795918366,0.3333333333333334,0.0,0.0,-0.17717447658696972,-0.23890764902713194,-0.061733172440162215
libree,2023-08-01,0,0,0,0,0,1,3,3,3,4,0,0,0,0,0,0,2,0.875,0.75,1.3562026818605375,1.4880476182856899,-0.125,-0.14285714285714285,0.7031900138696254,0.0752688172043011,0.0,0.0,-0.14400342879972008,-0.20715759551620724,-0.06315416671648716
robots-txt-legato-labs,2023-04-01,0,0,0,0,0,0,1,0,0,0,0,0,0,0,0,0,0,0.125,0.0,0.3535533905932738,0.0,-0.125,-1.0,0.1700680272108843,0.0,0.0,0.0,-0.18380868614441964,-0.24525765972931687,-0.06144897358489723
rantomdotapp,2023-09-01,0,0,0,0,1,1,1,1,1,1,1,1,0,0,0,0,0,0.5,0.375,0.5345224838248488,0.5175491695067657,-0.125,-0.25,0.761904761904762,0.7142857142857144,0.0,0.0,-0.16390605747206985,-0.22620762762276206,-0.06230157015069221
defrag-finance,2022-03-01,0,0,0,0,1,0,0,0,0,0,0,0,0,0,0,0,0,0.125,0.0,0.3535533905932738,0.0,-0.125,-1.0,0.006802721088435374,0.0,0.0,0.0,-0.18380868614441964,-0.24525765972931687,-0.06144897358489723
yapbay-panmoni,2024-04-01,0,0,0,0,0,0,2,1,1,1,1,0,0,0,0,0,0,0.375,0.25,0.7440238091428449,0.4629100498862757,-0.125,-0.3333333333333333,0.4439324116743472,0.5714285714285715,0.0,0.0,-0.1705402670295198,-0.232557638324947,-0.0620173712954272
consortium-wide,2024-08-01,0,0,1,0,2,0,0,1,0,2,1,0,0,0,0,0,0,0.5,0.375,0.7559289460184544,0.7440238091428449,-0.125,-0.25,0.05357142857142858,0.554531490015361,0.0,0.0,-0.16390605747206985,-0.22620762762276206,-0.06230157015069221
x23-ai,2024-08-01,0,0,0,0,0,1,0,0,0,0,0,0,0,0,0,0,0,0.125,0.0,0.3535533905932738,0.0,-0.125,-1.0,0.061224489795918366,0.0,0.0,0.0,-0.18380868614441964,-0.24525765972931687,-0.06144897358489723
trailofbits,2024-10-01,48,52,46,46,41,49,49,40,31,37,55,41,48,41,64,50,34,46.375,46.25,4.103569874424672,9.996427933445597,-0.125,-0.0026954177897574125,0.22668282583446953,0.0021784267674189056,0.0,0.0,2.2708488501120536,2.1042463000791107,-0.1666025500329429
laboriginweb3,2023-04-01,0,0,0,0,0,0,0,1,1,0,0,0,0,0,0,0,0,0.125,0.0,0.3535533905932738,0.0,-0.125,-1.0,0.3333333333333334,0.0,0.0,0.0,-0.18380868614441964,-0.24525765972931687,-0.06144897358489723
ikigai-labs-xyz,2023-08-01,0,0,0,0,0,3,3,3,3,3,1,4,0,0,0,0,0,1.125,1.0,1.5526475085202969,1.6035674514745462,-0.125,-0.1111111111111111,0.7142857142857143,0.4775132275132275,0.0,0.0,-0.1307350096848202,-0.19445757411183737,-0.06372256442701715
solidity-guild,2023-08-01,1,0,0,0,0,0,0,0,0,0,0,0,0,0,0,0,0,0.125,0.0,0.3535533905932738,0.0,-0.125,-1.0,0.3333333333333334,0.0,0.0,0.0,-0.18380868614441964,-0.24525765972931687,-0.06144897358489723
web3j,2024-04-01,0,1,0,0,0,2,0,0,1,0,0,0,0,1,1,0,0,0.375,0.25,0.7440238091428449,0.4629100498862757,-0.125,-0.3333333333333333,0.001536098310291859,0.0634920634920635,0.0,0.0,-0.1705402670295198,-0.232557638324947,-0.0620173712954272
lf-lifefram,2022-06-01,0,0,0,0,1,1,0,1,0,0,0,0,0,1,1,0,0,0.375,0.25,0.5175491695067657,0.4629100498862757,-0.125,-0.3333333333333333,0.38412698412698415,0.0634920634920635,0.0,0.0,-0.1705402670295198,-0.232557638324947,-0.0620173712954272
satisfiedvagabonds,2023-11-01,0,0,0,0,1,0,0,0,0,0,0,0,0,0,0,0,0,0.125,0.0,0.3535533905932738,0.0,-0.125,-1.0,0.006802721088435374,0.0,0.0,0.0,-0.18380868614441964,-0.24525765972931687,-0.06144897358489723
quark-id,2023-04-01,0,1,0,0,0,0,0,0,0,0,0,0,0,0,0,0,0,0.125,0.0,0.3535533905932738,0.0,-0.125,-1.0,0.1700680272108843,0.0,0.0,0.0,-0.18380868614441964,-0.24525765972931687,-0.06144897358489723
inferer,2022-08-01,0,0,0,0,0,0,0,3,0,1,1,0,0,0,0,0,0,0.375,0.25,1.0606601717798212,0.4629100498862757,-0.125,-0.3333333333333333,0.3333333333333334,0.5714285714285715,0.0,0.0,-0.1705402670295198,-0.232557638324947,-0.0620173712954272
stateborn,2023-09-01,0,0,0,0,0,0,1,1,1,1,0,0,0,0,0,0,0,0.25,0.125,0.4629100498862757,0.3535533905932738,-0.125,-0.5,0.5714285714285715,0.3333333333333334,0.0,0.0,-0.17717447658696972,-0.23890764902713194,-0.061733172440162215
opendive,2021-03-01,0,0,0,0,0,0,4,1,0,0,0,1,0,1,2,0,0,0.625,0.5,1.4078859531733587,0.7559289460184544,-0.125,-0.2,0.31274131274131284,0.02380952380952382,0.0,0.0,-0.15727184791461993,-0.21985761692057712,-0.06258576900595719
dmeter4dmrv,2023-11-01,0,0,0,0,0,0,0,1,0,0,0,0,0,0,0,0,0,0.125,0.0,0.3535533905932738,0.0,-0.125,-1.0,0.3333333333333334,0.0,0.0,0.0,-0.18380868614441964,-0.24525765972931687,-0.06144897358489723
chatafisha,2023-11-01,0,1,1,3,0,0,3,0,1,1,2,2,2,0,0,0,0,1.0,0.875,1.3093073414159542,0.9910312089651149,-0.125,-0.125,0.00793650793650794,0.5411255411255411,0.0,0.0,-0.13736921924227016,-0.2008075848140223,-0.06343836557175214
motus-dao,2023-11-01,0,0,0,0,0,0,0,1,0,0,0,0,0,0,0,0,0,0.125,0.0,0.3535533905932738,0.0,-0.125,-1.0,0.3333333333333334,0.0,0.0,0.0,-0.18380868614441964,-0.24525765972931687,-0.06144897358489723
zkvrf,2023-11-01,0,0,0,0,0,0,0,3,0,0,0,0,0,0,0,0,1,0.375,0.125,1.0606601717798212,0.3535533905932738,-0.25,-0.6666666666666666,0.3333333333333334,0.3333333333333334,0.0,0.0,-0.1705402670295198,-0.23890764902713194,-0.06836738199761214
eldoradoio,2020-12-01,0,0,0,0,0,1,1,0,0,0,0,0,0,0,0,0,0,0.25,0.0,0.4629100498862757,0.0,-0.25,-1.0,0.253968253968254,0.0,0.0,0.0,-0.17717447658696972,-0.24525765972931687,-0.06808318314234715
benzin-web3-oss,2023-08-01,0,0,0,0,1,1,0,1,0,0,1,0,0,0,0,0,0,0.375,0.125,0.5175491695067657,0.3535533905932738,-0.25,-0.6666666666666666,0.38412698412698415,0.1700680272108843,0.0,0.0,-0.1705402670295198,-0.23890764902713194,-0.06836738199761214
monas-project,2024-04-01,0,2,4,2,2,3,1,4,3,1,1,5,0,4,3,1,1,2.25,2.0,1.3887301496588271,1.7728105208558367,-0.25,-0.1111111111111111,0.17636684303350972,0.0010822510822510823,0.0,0.0,-0.07102712366777088,-0.14365748849435783,-0.07263036482658695
green-digital-guardians,2023-04-01,0,0,0,0,0,0,0,2,0,0,0,0,0,0,0,0,0,0.25,0.0,0.7071067811865476,0.0,-0.25,-1.0,0.3333333333333334,0.0,0.0,0.0,-0.17717447658696972,-0.24525765972931687,-0.06808318314234715
cryptocuriouspr,2023-04-01,1,1,0,0,0,0,0,0,0,0,0,0,0,0,0,0,0,0.25,0.0,0.4629100498862757,0.0,-0.25,-1.0,0.5714285714285715,0.0,0.0,0.0,-0.17717447658696972,-0.24525765972931687,-0.06808318314234715
coinpassport,2023-08-01,0,0,0,1,1,1,0,0,0,0,0,0,1,0,0,0,0,0.375,0.125,0.5175491695067657,0.3535533905932738,-0.25,-0.6666666666666666,0.028571428571428577,0.006802721088435374,0.0,0.0,-0.1705402670295198,-0.23890764902713194,-0.06836738199761214
statwig,2023-08-01,2,0,0,0,0,0,0,0,1,0,0,0,0,0,0,0,0,0.25,0.0,0.7071067811865476,0.0,-0.25,-1.0,0.3333333333333334,0.0,0.0,0.0,-0.17717447658696972,-0.24525765972931687,-0.06808318314234715
azosfinance,2024-04-01,0,0,0,3,0,0,0,2,0,0,0,0,0,1,2,0,0,0.625,0.375,1.1877349391654206,0.7440238091428449,-0.25,-0.4,0.07293550331525019,0.0752688172043011,0.0,0.0,-0.15727184791461993,-0.22620762762276206,-0.06893577970814213
positiveblockchain,2023-08-01,1,1,0,0,0,0,0,1,0,0,0,1,0,0,0,0,0,0.375,0.125,0.5175491695067657,0.3535533905932738,-0.25,-0.6666666666666666,0.07936507936507936,0.061224489795918366,0.0,0.0,-0.1705402670295198,-0.23890764902713194,-0.06836738199761214
dinngo,2020-04-01,0,0,1,1,0,0,0,0,0,0,0,0,0,0,0,0,0,0.25,0.0,0.4629100498862757,0.0,-0.25,-1.0,0.0634920634920635,0.0,0.0,0.0,-0.17717447658696972,-0.24525765972931687,-0.06808318314234715
defilab-xyz,2023-04-01,2,0,0,0,0,1,0,0,0,0,0,1,0,0,0,0,0,0.375,0.125,0.7440238091428449,0.3535533905932738,-0.25,-0.6666666666666666,0.18586789554531497,0.061224489795918366,0.0,0.0,-0.1705402670295198,-0.23890764902713194,-0.06836738199761214
zktlabs,2024-04-01,0,0,0,0,0,1,1,2,3,0,0,2,0,0,0,0,0,0.5,0.25,0.7559289460184544,0.7071067811865476,-0.25,-0.5,0.7202380952380955,0.061224489795918366,0.0,0.0,-0.16390605747206985,-0.232557638324947,-0.06865158085287715
privx-exchange,2023-08-01,0,0,0,0,0,0,2,1,1,1,0,0,0,0,0,0,0,0.375,0.125,0.7440238091428449,0.3535533905932738,-0.25,-0.6666666666666666,0.4439324116743472,0.3333333333333334,0.0,0.0,-0.1705402670295198,-0.23890764902713194,-0.06836738199761214
kzg-marble-machine-xofee,2023-11-01,1,1,0,0,0,0,0,0,0,0,0,0,0,0,0,0,0,0.25,0.0,0.4629100498862757,0.0,-0.25,-1.0,0.5714285714285715,0.0,0.0,0.0,-0.17717447658696972,-0.24525765972931687,-0.06808318314234715
projectmerlindao,2024-09-01,0,0,0,1,2,0,0,0,0,1,0,0,0,0,0,0,0,0.375,0.125,0.7440238091428449,0.3535533905932738,-0.25,-0.6666666666666666,0.001536098310291859,0.3333333333333334,0.0,0.0,-0.1705402670295198,-0.23890764902713194,-0.06836738199761214
decartography,2023-04-01,0,0,0,0,4,0,1,0,0,1,0,1,0,0,0,0,1,0.625,0.375,1.4078859531733587,0.5175491695067657,-0.25,-0.4,0.03474903474903474,0.028571428571428577,0.0,0.0,-0.15727184791461993,-0.22620762762276206,-0.06893577970814213
lensplay,2023-11-01,0,0,0,1,1,0,0,0,0,0,0,0,0,0,0,0,0,0.25,0.0,0.4629100498862757,0.0,-0.25,-1.0,0.0,0.0,0.0,0.0,-0.17717447658696972,-0.24525765972931687,-0.06808318314234715
grayareaorg,2023-08-01,1,1,0,0,0,2,1,1,1,0,1,0,0,0,1,0,2,0.75,0.5,0.7071067811865476,0.7559289460184544,-0.25,-0.3333333333333333,0.061224489795918366,0.21428571428571433,0.0,0.0,-0.15063763835717,-0.21985761692057712,-0.06921997856340711
ethereumeg,2023-11-01,0,0,2,2,0,0,0,1,2,0,2,0,0,1,0,0,0,0.625,0.375,0.9161253813129042,0.7440238091428449,-0.25,-0.4,0.0010131712259371837,0.12442396313364054,0.0,0.0,-0.15727184791461993,-0.22620762762276206,-0.06893577970814213
optimystics,2025-04-01,0,0,1,2,1,0,0,0,2,2,0,0,0,0,0,0,0,0.5,0.25,0.7559289460184544,0.7071067811865476,-0.25,-0.5,0.02380952380952382,0.3333333333333334,0.0,0.0,-0.16390605747206985,-0.232557638324947,-0.06865158085287715
ringsnetwork,2022-08-01,0,0,0,0,0,2,2,3,2,0,0,0,0,0,2,3,0,0.875,0.625,1.2464234547582247,1.1877349391654206,-0.25,-0.2857142857142857,0.7493158182813358,0.2658227848101267,0.0,0.0,-0.14400342879972008,-0.21350760621839218,-0.0695041774186721
trustalabs,2023-11-01,0,0,0,0,1,0,3,0,0,1,1,0,0,0,0,0,0,0.5,0.25,1.0690449676496976,0.4629100498862757,-0.25,-0.5,0.1904761904761905,0.5714285714285715,0.0,0.0,-0.16390605747206985,-0.232557638324947,-0.06865158085287715
router-protocol,2024-10-01,6,4,7,14,11,14,15,16,17,17,19,12,13,12,3,3,6,10.875,10.625,4.611708700997618,6.06953752062591,-0.25,-0.022988505747126436,0.8176002558874095,0.7899960759873509,0.0,0.0,0.3867333357962741,0.294493249956403,-0.09224008583987109
splash-org,2023-04-01,0,0,0,2,0,0,0,0,0,0,0,0,0,0,0,0,0,0.25,0.0,0.7071067811865476,0.0,-0.25,-1.0,0.006802721088435374,0.0,0.0,0.0,-0.17717447658696972,-0.24525765972931687,-0.06808318314234715
gamepayy,2023-08-01,0,0,0,0,0,0,0,2,3,0,0,0,0,0,0,0,0,0.25,0.0,0.7071067811865476,0.0,-0.25,-1.0,0.3333333333333334,0.0,0.0,0.0,-0.17717447658696972,-0.24525765972931687,-0.06808318314234715
appcalipse,2022-08-01,0,0,2,1,0,0,0,1,0,0,2,0,0,0,0,0,0,0.5,0.25,0.7559289460184544,0.7071067811865476,-0.25,-0.5,0.0,0.1700680272108843,0.0,0.0,-0.16390605747206985,-0.232557638324947,-0.06865158085287715
qortal,2023-11-01,6,8,10,7,6,4,7,8,7,9,11,6,6,5,6,6,5,7.0,6.75,1.7728105208558367,2.1213203435596424,-0.25,-0.03571428571428571,0.02705627705627705,0.5510204081632654,0.0,0.0,0.18107283951532635,0.09764291818866987,-0.08342992132665648
hashkeyhub,2023-04-01,1,0,0,0,1,0,0,0,0,0,0,0,0,0,0,0,0,0.25,0.0,0.4629100498862757,0.0,-0.25,-1.0,0.14285714285714288,0.0,0.0,0.0,-0.17717447658696972,-0.24525765972931687,-0.06808318314234715
dagora-playground,2023-04-01,0,0,0,0,1,1,2,3,3,3,0,1,1,0,0,0,0,0.875,0.625,1.1259916264596033,1.0606601717798212,-0.25,-0.2857142857142857,0.8215962441314555,0.47241118669690113,0.0,0.0,-0.14400342879972008,-0.21350760621839218,-0.0695041774186721
