project_name,first_donation_date,-8月,-7月,-6月,-5月,-4月,-3月,-2月,-1月,0月,1月,2月,3月,4月,5月,6月,7月,8月,pre_avg,post_avg,pre_std,post_std,absolute_change,relative_change,pre_trend_r2,post_trend_r2,pre_trend_slope,post_trend_slope,pre_zscore,post_zscore,zscore_change
freya,2023-11-27T14:39:22Z,0,0,0,0,0,0,0,0,0,0,0,0,0,0,0,3,1,0.0,0.5,0.0,1.0690449676496976,0.5,inf,0.0,0.3601190476190476,0.0,0.0,-0.35413624229342233,-0.3251943387827795,0.028941903510642852
million,2021-08-18T04:17:37Z,0,0,0,0,0,2,13,4,4,5,6,2,1,2,4,2,1,2.375,2.875,4.533604683755678,1.8850918886280925,0.5,0.21052631578947367,0.4054859128707957,0.4022493419478344,0.0,0.0,0.4625510767167836,0.10502835226187734,-0.35752272445490624
photoprism,2020-12-12T22:50:45Z,6,10,8,15,8,6,15,5,15,28,8,6,11,4,5,6,9,9.125,9.625,3.9438016467073274,7.763237542601485,0.5,0.0547945205479452,0.001366792411568531,0.33028571428571435,0.0,0.0,2.7836624044300007,1.3277665268098493,-1.4558958776201514
Infinity-For-Reddit,2023-04-06T23:39:36Z,0,0,0,0,0,0,0,0,0,0,0,0,0,1,1,1,1,0.0,0.5,0.0,0.5345224838248488,0.5,inf,0.0,0.761904761904762,0.0,0.0,-0.35413624229342233,-0.3251943387827795,0.028941903510642852
ebiten,2019-12-29T03:35:16Z,0,0,0,0,0,0,0,0,0,0,1,0,0,0,0,0,3,0.0,0.5,0.0,1.0690449676496976,0.5,inf,0.0,0.1904761904761905,0.0,0.0,-0.35413624229342233,-0.3251943387827795,0.028941903510642852
fiber,2024-07-06T15:25:00Z,10,0,11,13,22,6,4,9,13,5,9,12,8,17,7,8,13,9.375,9.875,6.588680769753099,3.8706773124535783,0.5,0.05333333333333334,0.0009598244892362542,0.11493274306146775,0.0,0.0,2.8696294906416013,1.3730531258671816,-1.4965763647744197
diceware,2024-06-14T21:45:31Z,0,0,0,0,0,1,0,0,0,0,1,0,0,0,0,2,2,0.125,0.625,0.3535533905932738,0.9161253813129042,0.5,4.0,0.061224489795918366,0.3657548125633232,0.0,0.0,-0.311152699187622,-0.30255103925411336,0.008601659933508643
react-native-svg,2023-06-30T11:24:08Z,6,4,2,6,1,11,0,4,0,7,3,5,5,4,2,6,6,4.25,4.75,3.494894235064305,1.6690459207925603,0.5,0.11764705882352941,0.010025062656641607,0.0012210012210012214,0.0,0.0,1.1073042233037882,0.4446778451918696,-0.6626263781119186
dayjs,2023-01-08T22:45:52Z,6,8,4,4,0,3,1,4,1,3,0,2,1,10,5,0,13,3.75,4.25,2.5495097567963922,4.832922806867792,0.5,0.13333333333333333,0.4102564102564104,0.2819280617445756,0.0,0.0,0.935370050880587,0.354104647077205,-0.581265403803382
binsider,2022-12-29T10:49:16Z,0,0,0,0,0,0,0,0,0,0,0,0,0,1,1,1,1,0.0,0.5,0.0,0.5345224838248488,0.5,inf,0.0,0.761904761904762,0.0,0.0,-0.35413624229342233,-0.3251943387827795,0.028941903510642852
YoutubeDownloader,2022-07-03T05:39:08Z,0,1,0,0,2,1,1,1,1,1,1,1,1,1,3,1,1,0.75,1.25,0.7071067811865476,0.7071067811865476,0.5,0.6666666666666666,0.24489795918367346,0.061224489795918366,0.0,0.0,-0.09623498365862047,-0.1893345416107826,-0.09309955795216211
AeroSpace,2024-03-28T09:35:53Z,0,1,3,2,3,4,5,2,2,1,3,4,3,4,5,2,2,2.5,3.0,1.6035674514745462,1.3093073414159542,0.5,0.2,0.4775132275132275,0.01785714285714286,0.0,0.0,0.5055346198225839,0.1276716517905435,-0.37786296803204034
RSSHub-Radar,2022-02-21T06:34:22Z,2,0,0,4,0,0,0,0,2,2,0,3,0,2,1,0,2,0.75,1.25,1.4880476182856899,1.1649647450214349,0.5,0.6666666666666666,0.12442396313364054,0.010025062656641607,0.0,0.0,-0.09623498365862047,-0.1893345416107826,-0.09309955795216211
kingpin,2021-03-01T06:28:15Z,0,0,0,0,0,0,0,0,1,0,0,2,0,1,0,1,0,0.0,0.5,0.0,0.7559289460184544,0.5,inf,0.0,0.0,0.0,0.0,-0.35413624229342233,-0.3251943387827795,0.028941903510642852
khoj,2023-10-26T14:57:42Z,0,0,0,0,0,0,0,0,0,0,0,0,0,0,1,0,3,0.0,0.5,0.0,1.0690449676496976,0.5,inf,0.0,0.42857142857142866,0.0,0.0,-0.35413624229342233,-0.3251943387827795,0.028941903510642852
ncspot,2023-12-23T21:39:55Z,2,6,2,5,2,3,4,4,3,3,5,6,5,5,2,4,2,3.5,4.0,1.5118578920369088,1.5118578920369088,0.5,0.14285714285714285,0.005952380952380955,0.21428571428571433,0.0,0.0,0.8494029646689863,0.30881804801987267,-0.5405849166491137
thiserror,2019-11-15T20:49:51Z,0,0,0,0,0,0,0,4,3,1,1,1,1,1,1,1,1,0.5,1.0,1.4142135623730951,0.0,0.5,1.0,0.3333333333333334,0.0,0.0,0.0,-0.18220206987022108,-0.2346211406681149,-0.05241907079789382
Oxpecker,2024-08-23T20:41:15Z,1,4,3,1,2,1,1,1,2,2,2,3,2,2,2,2,3,1.75,2.25,1.1649647450214349,0.4629100498862757,0.5,0.2857142857142857,0.25062656641604014,0.0634920634920635,0.0,0.0,0.247633361187782,-0.008188145381453403,-0.2558215065692354
two.js,2025-03-16T19:21:48Z,0,0,0,0,0,0,0,0,0,0,0,0,0,2,1,1,0,0.0,0.5,0.0,0.7559289460184544,0.5,inf,0.0,0.14880952380952384,0.0,0.0,-0.35413624229342233,-0.3251943387827795,0.028941903510642852
city-roads,2019-10-28T04:12:13Z,0,0,0,0,0,0,0,0,0,0,0,1,1,1,1,0,0,0.0,0.5,0.0,0.5345224838248488,0.5,inf,0.0,0.0,0.0,0.0,-0.35413624229342233,-0.3251943387827795,0.028941903510642852
Steamworks.NET,2021-04-15T09:00:25Z,1,0,1,1,1,0,1,1,1,1,1,1,2,1,2,1,1,0.75,1.25,0.4629100498862757,0.4629100498862757,0.5,0.6666666666666666,0.015873015873015876,0.015873015873015876,0.0,0.0,-0.09623498365862047,-0.1893345416107826,-0.09309955795216211
minijinja,2022-01-30T00:17:46Z,0,0,0,0,5,2,2,1,1,2,1,0,0,1,1,5,4,1.25,1.75,1.752549163769328,1.8322507626258084,0.5,0.4,0.21705426356589155,0.3657548125633232,0.0,0.0,0.07569918876458077,-0.098761343496118,-0.17446053226069877
UnityIngameDebugConsole,2023-06-07T21:34:01Z,0,0,0,0,1,0,1,1,0,2,0,1,0,1,1,0,2,0.375,0.875,0.5175491695067657,0.8345229603962802,0.5,1.3333333333333333,0.5365079365079365,0.0012210012210012214,0.0,0.0,-0.2251856129760214,-0.2572644401967811,-0.032078827220759665
readest,2025-06-23T17:20:18Z,0,0,4,10,5,5,3,2,5,8,9,6,8,1,0,0,0,3.625,4.0,3.2486260832190936,4.105745103771404,0.375,0.10344827586206896,0.05873821609862219,0.8008474576271188,0.0,0.0,0.8923865077747867,0.30881804801987267,-0.583568459754914
AstroNvim,2023-04-14T14:02:19Z,0,0,1,3,4,6,3,12,10,7,6,6,6,2,2,2,1,3.625,4.0,3.9618718519695424,2.449489742783178,0.375,0.10344827586206896,0.7164526789100168,0.8622448979591839,0.0,0.0,0.8923865077747867,0.30881804801987267,-0.583568459754914
pdfsam,2021-03-07T14:53:48Z,1,0,0,2,2,0,1,0,3,2,2,0,1,1,1,1,1,0.75,1.125,0.8864052604279183,0.6408699444616557,0.375,0.5,0.004329004329004329,0.16770186335403728,0.0,0.0,-0.09623498365862047,-0.21197784113944876,-0.11574285748082828
PyOxidizer,2021-07-27T00:40:44Z,0,0,0,0,0,0,1,0,0,0,0,0,0,0,0,0,4,0.125,0.5,0.3535533905932738,1.4142135623730951,0.375,3.0,0.1700680272108843,0.3333333333333334,0.0,0.0,-0.311152699187622,-0.3251943387827795,-0.014041639595157474
stalwart,2022-09-28T08:58:20Z,0,0,0,0,0,0,0,0,0,0,0,0,0,0,1,1,1,0.0,0.375,0.0,0.5175491695067657,0.375,inf,0.0,0.7142857142857144,0.0,0.0,-0.35413624229342233,-0.34783763831144565,0.00629860398197668
lowdb,2020-06-03T18:37:31Z,0,0,0,0,0,0,0,0,0,0,0,0,0,1,1,0,1,0.0,0.375,0.0,0.5175491695067657,0.375,inf,0.0,0.38412698412698415,0.0,0.0,-0.35413624229342233,-0.34783763831144565,0.00629860398197668
capacitor-plugins,2022-08-28T20:35:59Z,0,0,0,0,0,0,0,0,0,0,0,0,0,0,0,1,2,0.0,0.375,0.0,0.7440238091428449,0.375,inf,0.0,0.554531490015361,0.0,0.0,-0.35413624229342233,-0.34783763831144565,0.00629860398197668
obsidian-livesync,2022-07-20T10:55:43Z,1,1,1,1,2,2,1,2,3,2,2,2,2,1,1,3,1,1.375,1.75,0.5175491695067657,0.7071067811865476,0.375,0.2727272727272727,0.38412698412698415,0.061224489795918366,0.0,0.0,0.11868273187038109,-0.098761343496118,-0.21744407536649907
mailpit,2023-06-26T13:58:31Z,1,1,1,2,4,2,4,4,4,2,1,3,7,2,2,4,1,2.375,2.75,1.4078859531733587,1.9820624179302297,0.375,0.15789473684210525,0.7211497211497213,0.0,0.0,0.0,0.4625510767167836,0.0823850527332112,-0.38016602398357235
big-AGI,2023-11-21T16:08:59Z,0,0,0,0,0,0,0,0,0,0,0,0,0,0,0,0,3,0.0,0.375,0.0,1.0606601717798212,0.375,inf,0.0,0.3333333333333334,0.0,0.0,-0.35413624229342233,-0.34783763831144565,0.00629860398197668
cargo-expand,2019-11-15T20:49:51Z,1,1,1,1,0,1,0,0,1,1,0,0,2,1,1,1,2,0.625,1.0,0.5175491695067657,0.7559289460184544,0.375,0.6,0.5365079365079365,0.29166666666666685,0.0,0.0,-0.13921852676442079,-0.2346211406681149,-0.09540261390369412
now,2021-03-13T23:57:10Z,0,0,0,1,0,0,0,0,2,0,1,0,0,0,0,0,3,0.125,0.5,0.3535533905932738,1.0690449676496976,0.375,3.0,0.006802721088435374,0.1904761904761905,0.0,0.0,-0.311152699187622,-0.3251943387827795,-0.014041639595157474
nb,2022-07-30T09:12:11Z,0,0,2,2,1,2,1,2,2,1,3,4,1,1,2,1,0,1.25,1.625,0.8864052604279183,1.3024701806293193,0.375,0.3,0.3506493506493506,0.26516290726817043,0.0,0.0,0.07569918876458077,-0.12140464302478415,-0.19710383178936491
OneMore,2022-05-31T13:38:13Z,2,1,2,1,2,2,1,1,2,1,0,2,4,3,2,2,1,1.5,1.875,0.5345224838248488,1.2464234547582247,0.375,0.25,0.10714285714285716,0.044334975369458136,0.0,0.0,0.16166627497618138,-0.07611804396745185,-0.23778431894363322
labelme,2024-08-19T19:51:27Z,0,0,0,0,0,0,0,0,0,0,0,0,0,1,2,1,1,0.0,0.625,0.0,0.7440238091428449,0.625,inf,0.0,0.554531490015361,0.0,0.0,-0.35413624229342233,-0.30255103925411336,0.05158520303930897
DiscordChatExporter,2022-07-03T05:39:08Z,1,1,3,2,1,2,2,6,1,2,3,3,2,2,5,4,2,2.25,2.875,1.6690459207925603,1.1259916264596033,0.625,0.2777777777777778,0.3956043956043956,0.08115358819584173,0.0,0.0,0.41956753361098326,0.10502835226187734,-0.3145391813491059
procs,2019-11-17T14:51:38Z,3,1,1,2,0,0,1,2,1,2,3,1,4,1,3,0,1,1.25,1.875,1.0350983390135313,1.3562026818605375,0.625,0.5,0.11428571428571431,0.16689782709200182,0.0,0.0,0.07569918876458077,-0.07611804396745185,-0.15181723273203263
Alamofire,2021-05-07T19:21:01Z,3,3,1,1,0,1,1,3,2,2,2,1,3,3,4,1,2,1.625,2.25,1.1877349391654206,1.0350983390135313,0.625,0.38461538461538464,0.07293550331525019,0.0126984126984127,0.0,0.0,0.2046498180819817,-0.008188145381453403,-0.21283796346343511
DOMPurify,2019-11-04T22:41:27Z,1,5,2,1,3,2,4,2,2,2,4,3,4,5,2,3,2,2.5,3.125,1.4142135623730951,1.1259916264596033,0.625,0.25,0.006802721088435374,0.032863849765258225,0.0,0.0,0.5055346198225839,0.15031495131920963,-0.3552196685033742
DPlayer,2022-02-21T06:34:22Z,0,1,0,0,0,0,0,1,0,0,1,1,1,1,1,2,0,0.25,0.875,0.4629100498862757,0.6408699444616557,0.625,2.5,0.015873015873015876,0.051759834368530024,0.0,0.0,-0.26816915608182174,-0.2572644401967811,0.010904715885040661
LIEF,2025-07-09T09:40:51Z,0,0,0,0,0,0,0,1,1,2,1,2,1,0,0,0,0,0.125,0.75,0.3535533905932738,0.8864052604279183,0.625,5.0,0.3333333333333334,0.7316017316017316,0.0,0.0,-0.311152699187622,-0.2799077397254472,0.031244959462174815
rapier,2020-08-20T13:56:11Z,0,0,0,0,0,0,0,0,0,0,0,0,0,0,0,3,2,0.0,0.625,0.0,1.1877349391654206,0.625,inf,0.0,0.5069318866787224,0.0,0.0,-0.35413624229342233,-0.30255103925411336,0.05158520303930897
SharpLab,2021-05-24T06:51:09Z,1,0,1,1,2,2,2,1,1,2,2,2,5,1,1,1,1,1.25,1.875,0.7071067811865476,1.3562026818605375,0.625,0.5,0.3333333333333334,0.16689782709200182,0.0,0.0,0.07569918876458077,-0.07611804396745185,-0.15181723273203263
html-agility-pack,2021-03-05T16:07:30Z,0,0,0,0,0,0,0,1,1,1,0,1,0,2,2,0,0,0.125,0.75,0.3535533905932738,0.8864052604279183,0.625,5.0,0.3333333333333334,0.004329004329004329,0.0,0.0,-0.311152699187622,-0.2799077397254472,0.031244959462174815
rust-jwt-simple,2020-11-17T16:10:22Z,0,0,0,0,0,2,1,2,2,1,2,0,2,3,0,1,1,0.625,1.25,0.9161253813129042,1.0350983390135313,0.625,1.0,0.6332320162107398,0.0126984126984127,0.0,0.0,-0.13921852676442079,-0.1893345416107826,-0.0501160148463618
ReportGenerator,2021-01-22T17:33:13Z,0,0,0,1,2,2,1,1,0,1,1,2,2,1,2,2,1,0.875,1.5,0.8345229603962802,0.5345224838248488,0.625,0.7142857142857143,0.4407814407814407,0.04761904761904762,0.0,0.0,-0.05325144055282016,-0.1440479425534503,-0.09079650200063014
Apktool,2023-08-24T20:53:05Z,0,1,1,3,2,5,5,5,4,3,7,2,4,3,3,2,3,2.75,3.375,2.052872551885702,1.5979898086569353,0.625,0.22727272727272727,0.8789346246973369,0.17615717615717616,0.0,0.0,0.5915017060341845,0.19560155037654195,-0.3959001556576426
create-dmg,2019-05-23T14:30:31Z,0,1,1,0,0,0,0,0,2,2,2,0,0,0,0,3,0,0.25,0.875,0.4629100498862757,1.2464234547582247,0.625,2.5,0.253968253968254,0.044334975369458136,0.0,0.0,-0.26816915608182174,-0.2572644401967811,0.010904715885040661
modern-normalize,2019-05-23T14:30:31Z,0,0,0,0,0,0,0,0,1,2,0,0,0,0,0,3,0,0.0,0.625,0.0,1.1877349391654206,0.625,inf,0.0,0.0006027727546714892,0.0,0.0,-0.35413624229342233,-0.30255103925411336,0.05158520303930897
smartknob,2022-03-15T15:46:48Z,0,0,0,1,1,0,1,1,1,1,2,1,0,0,1,3,1,0.5,1.125,0.5345224838248488,0.9910312089651149,0.625,1.25,0.42857142857142866,0.021645021645021644,0.0,0.0,-0.18220206987022108,-0.21197784113944876,-0.029775771269227674
floating-ui,2024-08-19T19:59:24Z,5,10,5,5,4,5,5,5,6,6,5,8,6,6,9,2,7,5.5,6.125,1.8516401995451028,2.100170061141308,0.625,0.11363636363636363,0.16765873015873017,0.004819741661846926,0.0,0.0,1.5371396543617915,0.6937541400071973,-0.8433855143545942
verdaccio,2024-01-25T10:11:22Z,12,6,5,9,5,6,5,10,8,8,9,7,13,7,8,6,5,7.25,7.875,2.712405363721075,2.416461403433896,0.625,0.08620689655172414,0.046232085067036514,0.2214941022280472,0.0,0.0,2.138909257842996,1.0107603334085233,-1.1281489244344725
ArduinoJson,2021-02-04T13:56:56Z,1,2,1,1,2,1,0,1,1,3,1,3,3,1,1,1,1,1.125,1.75,0.6408699444616557,1.0350983390135313,0.625,0.5555555555555556,0.16770186335403728,0.38412698412698415,0.0,0.0,0.03271564565878046,-0.098761343496118,-0.13147698915489847
keepass2android,2020-05-10T08:40:34Z,0,0,0,0,0,0,0,0,0,0,0,0,0,0,2,1,2,0.0,0.625,0.0,0.9161253813129042,0.625,inf,0.0,0.6332320162107398,0.0,0.0,-0.35413624229342233,-0.30255103925411336,0.05158520303930897
firmware,2022-05-19T07:30:08Z,0,0,0,0,0,0,0,0,0,0,0,0,0,0,0,0,5,0.0,0.625,0.0,1.7677669529663689,0.625,inf,0.0,0.3333333333333333,0.0,0.0,-0.35413624229342233,-0.30255103925411336,0.05158520303930897
git-branchless,2022-09-20T16:25:02Z,2,3,6,6,4,6,3,6,6,5,5,6,3,6,6,4,3,4.5,4.75,1.6903085094570331,1.2817398889233114,0.25,0.05555555555555555,0.20119047619047623,0.1325051759834369,0.0,0.0,1.1932713095153888,0.4446778451918696,-0.7485934643235193
api-platform,2023-10-06T22:02:17Z,2,2,0,4,2,3,2,3,4,1,3,2,3,5,3,1,2,2.25,2.5,1.1649647450214349,1.3093073414159542,0.25,0.1111111111111111,0.1228070175438597,0.001984126984126985,0.0,0.0,0.41956753361098326,0.0370984536758789,-0.3824690799351044
Win11Debloat,2024-07-11T09:49:17Z,2,1,1,1,1,1,2,1,2,1,1,1,1,2,2,3,1,1.25,1.5,0.4629100498862757,0.7559289460184544,0.25,0.2,0.015873015873015876,0.29166666666666685,0.0,0.0,0.07569918876458077,-0.1440479425534503,-0.21974713131803109
frigate,2019-12-11T16:56:35Z,1,3,1,3,1,0,0,0,2,2,1,1,2,1,0,2,2,1.125,1.375,1.2464234547582247,0.7440238091428449,0.25,0.2222222222222222,0.39901477832512333,0.001536098310291859,0.0,0.0,0.03271564565878046,-0.16669124208211644,-0.1994068877408969
Weylus,2021-09-27T09:57:58Z,0,1,2,1,1,4,1,1,1,2,2,2,2,1,1,0,3,1.375,1.625,1.1877349391654206,0.9161253813129042,0.25,0.18181818181818182,0.10186859553948165,0.04964539007092201,0.0,0.0,0.11868273187038109,-0.12140464302478415,-0.24008737489516524
craft.js,2024-02-04T00:16:46Z,2,0,1,2,5,2,2,0,5,0,0,8,3,2,0,0,3,1.75,2.0,1.5811388300841898,2.7774602993176543,0.25,0.14285714285714285,0.001360544217687075,0.0017636684303350973,0.0,0.0,0.247633361187782,-0.0534747444387857,-0.3011081056265677
feroxbuster,2022-05-06T12:17:52Z,0,0,0,0,3,2,3,3,3,0,2,0,1,1,2,4,3,1.375,1.625,1.5059406173077154,1.4078859531733587,0.25,0.18181818181818182,0.7592800899887513,0.5873015873015874,0.0,0.0,0.11868273187038109,-0.12140464302478415,-0.24008737489516524
derive_more,2024-12-04T01:41:07Z,1,2,3,3,2,3,0,2,0,2,3,2,3,2,2,2,2,2.0,2.25,1.0690449676496976,0.4629100498862757,0.25,0.125,0.011904761904761906,0.14285714285714288,0.0,0.0,0.33360044739938266,-0.008188145381453403,-0.34178859278083606
vee-validate,2022-08-01T14:23:29Z,1,3,5,3,2,3,2,4,4,4,6,2,1,2,4,4,2,2.875,3.125,1.2464234547582247,1.6420805617960925,0.25,0.08695652173913043,0.044334975369458136,0.09113844213181964,0.0,0.0,0.6344852491399848,0.15031495131920963,-0.4841702978207752
EventSourcing.NetCore,2020-07-07T07:31:22Z,1,1,2,1,0,1,1,2,1,1,3,2,0,1,2,0,2,1.125,1.375,0.6408699444616557,1.0606601717798212,0.25,0.2222222222222222,0.01863354037267081,0.03703703703703705,0.0,0.0,0.03271564565878046,-0.16669124208211644,-0.1994068877408969
REFramework,2024-03-03T20:08:20Z,2,3,1,2,0,1,1,1,2,3,2,1,1,0,1,1,4,1.375,1.625,0.9161253813129042,1.3024701806293193,0.25,0.18181818181818182,0.3657548125633232,0.0005012531328320803,0.0,0.0,0.11868273187038109,-0.12140464302478415,-0.24008737489516524
hyperapp,2022-02-01T11:33:58Z,0,0,2,1,0,0,2,0,1,3,0,2,0,0,1,1,0,0.625,0.875,0.9161253813129042,1.1259916264596033,0.25,0.4,0.009118541033434653,0.24211938296445337,0.0,0.0,-0.13921852676442079,-0.2572644401967811,-0.11804591343236029
lnav,2020-01-28T00:43:15Z,0,0,0,0,0,0,0,0,0,0,0,0,0,0,0,0,2,0.0,0.25,0.0,0.7071067811865476,0.25,inf,0.0,0.3333333333333334,0.0,0.0,-0.35413624229342233,-0.3704809378401118,-0.01634469554668949
Dexie.js,2023-03-01T07:31:39Z,0,0,1,2,0,1,3,2,2,3,1,2,1,1,1,1,1,1.125,1.375,1.1259916264596033,0.7440238091428449,0.25,0.2222222222222222,0.488933601609658,0.4439324116743472,0.0,0.0,0.03271564565878046,-0.16669124208211644,-0.1994068877408969
AsyncEx,2020-05-29T23:55:18Z,1,0,0,1,0,0,0,0,1,2,0,0,0,1,0,0,1,0.25,0.5,0.4629100498862757,0.7559289460184544,0.25,1.0,0.253968253968254,0.05357142857142858,0.0,0.0,-0.26816915608182174,-0.3251943387827795,-0.057025182700957744
rustpad,2023-12-07T14:21:32Z,0,0,0,0,0,0,0,0,0,0,0,0,0,0,0,2,0,0.0,0.25,0.0,0.7071067811865476,0.25,inf,0.0,0.1700680272108843,0.0,0.0,-0.35413624229342233,-0.3704809378401118,-0.01634469554668949
httpstat,2022-09-29T06:26:32Z,0,0,0,0,0,0,0,0,0,1,0,0,0,1,0,0,0,0.0,0.25,0.0,0.4629100498862757,0.25,inf,0.0,0.14285714285714288,0.0,0.0,-0.35413624229342233,-0.3704809378401118,-0.01634469554668949
anime,2023-10-24T19:21:11Z,0,0,0,0,0,0,0,0,1,1,0,0,0,1,0,0,0,0.0,0.25,0.0,0.4629100498862757,0.25,inf,0.0,0.14285714285714288,0.0,0.0,-0.35413624229342233,-0.3704809378401118,-0.01634469554668949
gdrive,2020-08-16T22:21:33Z,0,0,0,0,0,0,0,1,0,1,0,0,0,0,0,2,0,0.125,0.375,0.3535533905932738,0.7440238091428449,0.25,2.0,0.3333333333333334,0.013824884792626729,0.0,0.0,-0.311152699187622,-0.34783763831144565,-0.036684939123823646
big-list-of-naughty-strings,2021-02-22T23:38:50Z,0,0,0,0,0,0,0,0,0,0,2,0,0,0,0,0,0,0.0,0.25,0.0,0.7071067811865476,0.25,inf,0.0,0.1700680272108843,0.0,0.0,-0.35413624229342233,-0.3704809378401118,-0.01634469554668949
meinheld-gunicorn-flask-docker,2020-05-19T20:05:07Z,0,1,0,0,0,0,0,1,2,1,0,0,0,0,0,3,0,0.25,0.5,0.4629100498862757,1.0690449676496976,0.25,1.0,0.015873015873015876,0.04761904761904762,0.0,0.0,-0.26816915608182174,-0.3251943387827795,-0.057025182700957744
roadrunner,2022-10-06T06:40:18Z,4,2,4,4,2,5,2,2,3,3,1,7,4,5,2,3,2,3.125,3.375,1.2464234547582247,1.922609833384967,0.25,0.08,0.09250136836343736,0.027835288704853932,0.0,0.0,0.7204523353515855,0.19560155037654195,-0.5248507849750436
haskanoid,2022-08-25T12:55:17Z,0,0,0,0,0,0,0,0,0,0,0,0,0,0,0,0,2,0.0,0.25,0.0,0.7071067811865476,0.25,inf,0.0,0.3333333333333334,0.0,0.0,-0.35413624229342233,-0.3704809378401118,-0.01634469554668949
awesome-android-ui,2022-03-14T09:12:40Z,0,0,0,0,0,0,0,0,0,0,0,0,0,2,0,0,0,0.0,0.25,0.0,0.7071067811865476,0.25,inf,0.0,0.006802721088435374,0.0,0.0,-0.35413624229342233,-0.3704809378401118,-0.01634469554668949
wahh_extras,2023-04-26T14:09:58Z,0,0,0,0,0,0,0,0,0,0,2,0,0,0,0,0,0,0.0,0.25,0.0,0.7071067811865476,0.25,inf,0.0,0.1700680272108843,0.0,0.0,-0.35413624229342233,-0.3704809378401118,-0.01634469554668949
faceswap,2025-03-21T20:57:59Z,1,1,0,0,1,0,0,1,0,0,2,0,1,0,2,1,0,0.5,0.75,0.5345224838248488,0.8864052604279183,0.25,0.5,0.04761904761904762,0.0,0.0,0.0,-0.18220206987022108,-0.2799077397254472,-0.09770566985522611
notcurses,2023-11-12T03:00:09Z,2,3,0,0,0,1,0,0,1,1,2,2,1,1,0,1,0,0.75,1.0,1.1649647450214349,0.7559289460184544,0.25,0.3333333333333333,0.42355889724310786,0.4821428571428571,0.0,0.0,-0.09623498365862047,-0.2346211406681149,-0.13838615700949441
design-patterns-for-humans,2022-09-25T22:25:04Z,0,0,0,0,0,0,0,1,0,0,0,0,0,0,0,2,1,0.125,0.375,0.3535533905932738,0.7440238091428449,0.25,2.0,0.3333333333333334,0.4439324116743472,0.0,0.0,-0.311152699187622,-0.34783763831144565,-0.036684939123823646
web-check,2021-11-18T03:24:35Z,0,0,0,0,0,0,0,0,0,0,0,0,0,0,0,1,1,0.0,0.25,0.0,0.4629100498862757,0.25,inf,0.0,0.5714285714285715,0.0,0.0,-0.35413624229342233,-0.3704809378401118,-0.01634469554668949
Graphite,2024-03-27T18:55:43Z,12,14,9,4,8,7,3,9,16,9,6,9,8,6,14,9,11,8.25,9.0,3.693623849670827,2.6186146828319083,0.75,0.09090909090909091,0.3792071802543007,0.2187500000000001,0.0,0.0,2.4827776026893984,1.2145500291665186,-1.2682275735228798
async-trait,2019-11-15T20:49:51Z,0,0,0,0,3,3,2,3,2,3,2,2,2,1,3,3,1,1.375,2.125,1.5059406173077154,0.8345229603962802,0.75,0.5454545454545454,0.6932883389576302,0.05982905982905986,0.0,0.0,0.11868273187038109,-0.030831444910119552,-0.14951417678050063
coolify,2022-08-07T10:00:05Z,0,0,0,0,0,0,0,0,0,0,0,0,0,0,0,2,4,0.0,0.75,0.0,1.4880476182856899,0.75,inf,0.0,0.554531490015361,0.0,0.0,-0.35413624229342233,-0.2799077397254472,0.07422850256797514
anyhow,2019-11-15T20:49:51Z,0,0,0,0,0,0,0,6,3,2,1,2,2,1,2,1,1,0.75,1.5,2.1213203435596424,0.5345224838248488,0.75,1.0,0.3333333333333334,0.1904761904761905,0.0,0.0,-0.09623498365862047,-0.1440479425534503,-0.047812958894829824
hfs,2023-08-30T07:28:44Z,1,2,4,5,5,3,2,3,5,5,2,3,6,4,3,6,2,3.125,3.875,1.4577379737113252,1.6420805617960925,0.75,0.24,0.04841936774709884,0.0028382213812677393,0.0,0.0,0.7204523353515855,0.28617474849120655,-0.43427758686037893
fast-xml-parser,2024-08-19T19:59:24Z,1,3,1,3,1,2,2,2,0,2,1,2,3,0,6,3,4,1.875,2.625,0.8345229603962802,1.8468119248354136,0.75,0.4,0.010989010989010992,0.2715033657442035,0.0,0.0,0.29061690429358233,0.05974175320454504,-0.23087515108903728
react-pdf,2024-03-27T01:09:54Z,0,0,0,4,0,0,15,8,4,5,1,5,0,0,13,0,9,3.375,4.125,5.527528509973641,4.85320218294802,0.75,0.2222222222222222,0.4488881467256688,0.07975017148633524,0.0,0.0,0.806419421563186,0.33146134754853884,-0.4749580740146472
Cocona,2021-05-16T18:02:05Z,0,0,0,0,0,0,0,1,0,0,0,2,0,0,1,1,3,0.125,0.875,0.3535533905932738,1.1259916264596033,0.75,6.0,0.3333333333333334,0.35479543930248164,0.0,0.0,-0.311152699187622,-0.2572644401967811,0.05388825899084093
opencv-rust,2022-11-09T12:30:49Z,0,0,0,0,0,0,0,0,0,0,1,0,1,1,1,1,1,0.0,0.75,0.0,0.4629100498862757,0.75,inf,0.0,0.3968253968253968,0.0,0.0,-0.35413624229342233,-0.2799077397254472,0.07422850256797514
dioxus,2022-05-17T18:03:54Z,0,0,0,0,0,0,0,0,0,0,0,0,0,0,0,0,6,0.0,0.75,0.0,2.1213203435596424,0.75,inf,0.0,0.3333333333333334,0.0,0.0,-0.35413624229342233,-0.2799077397254472,0.07422850256797514
ComputeSharp,2020-12-08T23:12:05Z,1,1,2,0,1,1,0,3,4,4,3,4,1,2,0,1,0,1.125,1.875,0.9910312089651149,1.6420805617960925,0.75,0.6666666666666666,0.04242424242424243,0.7571743929359825,0.0,0.0,0.03271564565878046,-0.07611804396745185,-0.10883368962623231
Ben.Demystifier,2020-12-08T19:45:54Z,0,0,0,0,1,0,0,0,3,2,2,1,2,0,0,0,0,0.125,0.875,0.3535533905932738,0.9910312089651149,0.75,6.0,0.006802721088435374,0.7281385281385281,0.0,0.0,-0.311152699187622,-0.2572644401967811,0.05388825899084093
OpenRefine,2021-12-22T03:27:56Z,0,0,0,0,0,0,0,0,0,0,0,0,0,0,0,0,6,0.0,0.75,0.0,2.1213203435596424,0.75,inf,0.0,0.3333333333333334,0.0,0.0,-0.35413624229342233,-0.2799077397254472,0.07422850256797514
slides,2022-10-29T16:52:10Z,2,2,2,1,2,2,0,4,2,3,1,0,0,4,2,3,3,1.875,2.0,1.1259916264596033,1.5118578920369088,0.125,0.06666666666666667,0.016767270288397047,0.14880952380952384,0.0,0.0,0.29061690429358233,-0.0534747444387857,-0.344091648732368
pretty-quick,2024-01-26T06:20:03Z,0,0,0,0,0,0,0,0,3,0,1,0,0,0,0,0,0,0.0,0.125,0.0,0.3535533905932738,0.125,inf,0.0,0.1700680272108843,0.0,0.0,-0.35413624229342233,-0.39312423736877794,-0.03898799507535561
jiff,2023-09-28T04:58:06Z,0,0,0,0,0,0,0,0,0,0,0,0,0,1,0,0,0,0.0,0.125,0.0,0.3535533905932738,0.125,inf,0.0,0.006802721088435374,0.0,0.0,-0.35413624229342233,-0.39312423736877794,-0.03898799507535561
node-glob,2021-03-24T17:56:30Z,0,0,0,0,1,0,0,0,0,0,1,0,0,0,1,0,0,0.125,0.25,0.3535533905932738,0.4629100498862757,0.125,1.0,0.006802721088435374,0.015873015873015876,0.0,0.0,-0.311152699187622,-0.3704809378401118,-0.05932823865248982
ethers.js,2023-03-05T19:57:51Z,0,0,1,2,1,2,1,2,1,2,1,1,2,1,1,1,1,1.125,1.25,0.8345229603962802,0.4629100498862757,0.125,0.1111111111111111,0.5384615384615385,0.253968253968254,0.0,0.0,0.03271564565878046,-0.1893345416107826,-0.22205018726956305
molten,2020-12-20T07:37:46Z,0,0,0,0,0,0,0,0,1,0,0,0,0,0,1,0,0,0.0,0.125,0.0,0.3535533905932738,0.125,inf,0.0,0.061224489795918366,0.0,0.0,-0.35413624229342233,-0.39312423736877794,-0.03898799507535561
agoo,2024-01-14T22:41:28Z,0,0,1,0,1,1,0,0,1,1,0,1,0,1,1,0,0,0.375,0.5,0.5175491695067657,0.5345224838248488,0.125,0.3333333333333333,0.003174603174603175,0.10714285714285716,0.0,0.0,-0.2251856129760214,-0.3251943387827795,-0.10000872580675807
WindowsSpyBlocker,2020-07-29T19:28:09Z,2,2,3,2,2,1,3,3,3,4,2,3,2,2,2,1,3,2.25,2.375,0.7071067811865476,0.9161253813129042,0.125,0.05555555555555555,0.061224489795918366,0.22796352583586635,0.0,0.0,0.41956753361098326,0.014455154147212747,-0.4051123794637705
TheAnnoyingSite.com,2021-03-24T17:55:12Z,0,0,0,1,1,0,0,0,0,0,0,2,1,0,0,0,0,0.25,0.375,0.4629100498862757,0.7440238091428449,0.125,0.5,0.0,0.0752688172043011,0.0,0.0,-0.26816915608182174,-0.34783763831144565,-0.07966848222962392
Respawn,2022-01-21T23:25:01Z,0,0,0,0,1,2,0,0,1,0,0,1,0,0,1,0,2,0.375,0.5,0.7440238091428449,0.7559289460184544,0.125,0.3333333333333333,0.0752688172043011,0.29166666666666685,0.0,0.0,-0.2251856129760214,-0.3251943387827795,-0.10000872580675807
pg_graphql,2020-12-04T17:50:46Z,0,0,0,0,0,0,0,0,0,0,0,0,0,0,0,0,1,0.0,0.125,0.0,0.3535533905932738,0.125,inf,0.0,0.3333333333333334,0.0,0.0,-0.35413624229342233,-0.39312423736877794,-0.03898799507535561
icons,2022-10-29T17:21:28Z,6,2,3,5,2,2,5,2,4,3,3,1,1,11,3,3,3,3.375,3.5,1.6850180160122068,3.1622776601683795,0.125,0.037037037037037035,0.10811620245582511,0.0217687074829932,0.0,0.0,0.806419421563186,0.2182448499052081,-0.5881745716579779
ts-toolbelt,2024-11-08T23:42:18Z,0,0,0,0,0,0,0,0,0,0,0,0,0,0,0,1,0,0.0,0.125,0.0,0.3535533905932738,0.125,inf,0.0,0.1700680272108843,0.0,0.0,-0.35413624229342233,-0.39312423736877794,-0.03898799507535561
perfectmotherfuckingwebsite,2022-03-18T06:41:03Z,0,0,0,0,0,0,1,0,0,0,0,0,1,0,0,0,1,0.125,0.25,0.3535533905932738,0.4629100498862757,0.125,1.0,0.1700680272108843,0.14285714285714288,0.0,0.0,-0.311152699187622,-0.3704809378401118,-0.05932823865248982
Blazorise,2024-06-19T09:52:53Z,4,5,6,4,4,7,3,4,7,6,4,3,4,11,3,2,5,4.625,4.75,1.3024701806293193,2.8157719063467175,0.125,0.02702702702702703,0.024561403508771933,0.010725010725010725,0.0,0.0,1.2362548526211892,0.4446778451918696,-0.7915770074293196
PairDrop,2024-04-19T06:32:25Z,0,0,0,0,0,3,2,1,2,0,0,3,2,1,0,1,0,0.75,0.875,1.1649647450214349,1.1259916264596033,0.125,0.16666666666666666,0.42355889724310786,0.016767270288397047,0.0,0.0,-0.09623498365862047,-0.2572644401967811,-0.1610294565381606
50projects50days,2023-09-03T03:29:32Z,0,0,0,0,0,0,1,0,0,0,0,0,0,2,0,0,0,0.125,0.25,0.3535533905932738,0.7071067811865476,0.125,1.0,0.1700680272108843,0.006802721088435374,0.0,0.0,-0.311152699187622,-0.3704809378401118,-0.05932823865248982
komorebi,2022-08-16T03:02:46Z,2,3,3,2,3,2,3,3,4,3,4,4,2,2,2,1,4,2.625,2.75,0.5175491695067657,1.1649647450214349,0.125,0.047619047619047616,0.07936507936507936,0.1228070175438597,0.0,0.0,0.5485181629283842,0.0823850527332112,-0.466133110195173
uwsgi-nginx-flask-docker,2020-05-19T20:05:07Z,0,1,0,0,0,0,0,3,1,1,0,2,0,0,0,2,0,0.5,0.625,1.0690449676496976,0.9161253813129042,0.125,0.25,0.1904761904761905,0.009118541033434653,0.0,0.0,-0.18220206987022108,-0.30255103925411336,-0.12034896938389228
uvicorn-gunicorn-fastapi-docker,2020-05-19T20:05:07Z,0,1,0,0,0,0,0,1,0,1,0,0,0,0,0,2,0,0.25,0.375,0.4629100498862757,0.7440238091428449,0.125,0.5,0.015873015873015876,0.013824884792626729,0.0,0.0,-0.26816915608182174,-0.34783763831144565,-0.07966848222962392
APlayer,2022-02-21T06:34:22Z,0,0,0,0,0,0,0,0,0,0,0,0,0,1,0,0,0,0.0,0.125,0.0,0.3535533905932738,0.125,inf,0.0,0.006802721088435374,0.0,0.0,-0.35413624229342233,-0.39312423736877794,-0.03898799507535561
webtorrent-desktop,2021-07-28T15:43:47Z,4,2,1,1,1,3,5,6,2,3,8,3,1,1,2,1,5,2.875,3.0,1.9594095320493146,2.449489742783178,0.125,0.043478260869565216,0.2713178294573644,0.08163265306122451,0.0,0.0,0.6344852491399848,0.1276716517905435,-0.5068135973494413
finicky,2022-10-04T13:25:36Z,0,0,0,0,1,0,0,0,1,1,0,0,0,0,0,0,1,0.125,0.25,0.3535533905932738,0.4629100498862757,0.125,1.0,0.006802721088435374,0.0,0.0,0.0,-0.311152699187622,-0.3704809378401118,-0.05932823865248982
activitywatch,2021-10-11T01:27:46Z,1,2,2,1,2,1,3,2,1,1,0,5,2,1,2,1,3,1.75,1.875,0.7071067811865476,1.5526475085202969,0.125,0.07142857142857142,0.1700680272108843,0.028571428571428577,0.0,0.0,0.247633361187782,-0.07611804396745185,-0.3237514051552339
driver.js,2022-09-25T22:25:04Z,0,0,0,0,0,0,0,0,0,0,0,0,0,0,0,0,1,0.0,0.125,0.0,0.3535533905932738,0.125,inf,0.0,0.3333333333333334,0.0,0.0,-0.35413624229342233,-0.39312423736877794,-0.03898799507535561
passport,2021-10-07T22:06:33Z,0,0,0,2,1,0,0,1,1,1,1,1,0,0,1,1,0,0.5,0.625,0.7559289460184544,0.5175491695067657,0.125,0.25,0.05357142857142858,0.1555555555555556,0.0,0.0,-0.18220206987022108,-0.30255103925411336,-0.12034896938389228
flowy,2022-06-29T00:34:53Z,0,0,0,0,0,0,0,0,0,1,0,0,0,0,0,0,0,0.0,0.125,0.0,0.3535533905932738,0.125,inf,0.0,0.3333333333333334,0.0,0.0,-0.35413624229342233,-0.39312423736877794,-0.03898799507535561
stylus,2023-08-17T22:47:19Z,0,0,1,3,3,1,1,0,3,1,1,3,0,1,1,1,2,1.125,1.25,1.2464234547582247,0.8864052604279183,0.125,0.1111111111111111,0.013683634373289547,0.004329004329004329,0.0,0.0,0.03271564565878046,-0.1893345416107826,-0.22205018726956305
fantoccini,2024-01-05T18:49:17Z,1,0,0,8,3,0,3,2,3,1,2,3,1,1,4,5,1,2.125,2.25,2.6958963523950885,1.5811388300841898,0.125,0.058823529411764705,0.03381303381303382,0.11020408163265304,0.0,0.0,0.37658399050518293,-0.008188145381453403,-0.38477213588663634
jszip,2024-08-19T19:51:03Z,0,0,0,0,0,0,0,0,0,0,0,0,0,0,0,1,0,0.0,0.125,0.0,0.3535533905932738,0.125,inf,0.0,0.1700680272108843,0.0,0.0,-0.35413624229342233,-0.39312423736877794,-0.03898799507535561
gatus,2022-06-17T04:23:24Z,0,0,1,5,1,5,2,5,6,2,2,2,2,6,3,4,5,2.375,3.25,2.2638462845343543,1.5811388300841898,0.875,0.3684210526315789,0.46606935457109677,0.4911564625850339,0.0,0.0,0.4625510767167836,0.1729582508478758,-0.2895928258689078
cxx,2019-11-15T20:49:51Z,0,0,0,0,0,0,0,0,0,0,0,0,0,0,4,1,2,0.0,0.875,0.0,1.4577379737113252,0.875,inf,0.0,0.38455382152861134,0.0,0.0,-0.35413624229342233,-0.2572644401967811,0.09687180209664126
nextjs-notion-starter-kit,2021-02-18T03:39:45Z,0,0,0,0,0,0,0,3,1,2,1,0,1,1,0,1,4,0.375,1.25,1.0606601717798212,1.2817398889233114,0.875,2.3333333333333335,0.3333333333333334,0.10144927536231889,0.0,0.0,-0.2251856129760214,-0.1893345416107826,0.035851071365238824
page-assist,2023-09-20T14:48:04Z,0,0,0,0,0,0,0,0,0,0,0,0,0,0,0,3,4,0.0,0.875,0.0,1.6420805617960925,0.875,inf,0.0,0.5830968148848944,0.0,0.0,-0.35413624229342233,-0.2572644401967811,0.09687180209664126
vision-camera-image-labeler,2021-03-23T06:59:08Z,0,0,0,0,0,0,0,0,0,0,1,1,1,2,2,0,0,0.0,0.875,0.0,0.8345229603962802,0.875,inf,0.0,0.0012210012210012214,0.0,0.0,-0.35413624229342233,-0.2572644401967811,0.09687180209664126
insta,2022-01-30T00:17:46Z,0,0,0,2,1,1,0,2,1,0,1,2,2,2,3,2,1,0.75,1.625,0.8864052604279183,0.9161253813129042,0.875,1.1666666666666667,0.27705627705627706,0.22796352583586635,0.0,0.0,-0.09623498365862047,-0.12140464302478415,-0.02516965936616368
mercure,2019-10-18T17:05:50Z,0,0,0,0,0,0,0,0,0,0,0,0,0,0,3,3,1,0.0,0.875,0.0,1.3562026818605375,0.875,inf,0.0,0.4442903374942209,0.0,0.0,-0.35413624229342233,-0.2572644401967811,0.09687180209664126
vivid,2019-10-31T13:09:27Z,0,0,0,0,0,0,0,0,1,1,2,0,2,0,1,0,1,0.0,0.875,0.0,0.8345229603962802,0.875,inf,0.0,0.0989010989010989,0.0,0.0,-0.35413624229342233,-0.2572644401967811,0.09687180209664126
horcrux,2019-11-15T15:23:54Z,0,0,0,0,0,0,0,0,0,0,1,0,0,1,2,1,2,0.0,0.875,0.0,0.8345229603962802,0.875,inf,0.0,0.5384615384615385,0.0,0.0,-0.35413624229342233,-0.2572644401967811,0.09687180209664126
platform,2022-12-22T23:19:26Z,5,15,8,6,10,6,9,11,9,9,11,7,13,11,5,10,11,8.75,9.625,3.284161123592185,2.5599944196367748,0.875,0.1,0.007883948281299274,0.00012975217334890366,0.0,0.0,2.6547117751125997,1.3277665268098493,-1.3269452483027504
react-native-reanimated-carousel,2023-12-20T14:25:55Z,1,3,3,3,0,0,0,1,5,5,0,4,1,3,1,2,2,1.375,2.25,1.4078859531733587,1.6690459207925603,0.875,0.6363636363636364,0.31274131274131284,0.0989010989010989,0.0,0.0,0.11868273187038109,-0.008188145381453403,-0.1268708772518345
super-productivity,2021-04-09T11:57:01Z,0,0,0,0,0,0,0,0,0,0,0,0,0,0,0,3,4,0.0,0.875,0.0,1.6420805617960925,0.875,inf,0.0,0.5830968148848944,0.0,0.0,-0.35413624229342233,-0.2572644401967811,0.09687180209664126
erg,2024-10-06T08:48:15Z,0,0,0,0,0,0,0,2,2,2,3,2,1,0,1,0,0,0.25,1.125,0.7071067811865476,1.1259916264596033,0.875,3.5,0.3333333333333334,0.7303822937625756,0.0,0.0,-0.26816915608182174,-0.21197784113944876,0.05619131494237298
nalgebra,2020-08-20T13:56:11Z,0,0,0,0,0,0,0,0,0,0,0,0,0,1,0,2,4,0.0,0.875,0.0,1.4577379737113252,0.875,inf,0.0,0.6086434573829532,0.0,0.0,-0.35413624229342233,-0.2572644401967811,0.09687180209664126
ant-design-pro,2025-03-19T10:04:19Z,0,3,0,2,0,0,1,0,0,0,0,5,4,1,0,3,0,0.75,1.625,1.1649647450214349,2.0658792662827956,0.875,1.1666666666666667,0.09022556390977449,0.0017931858936043044,0.0,0.0,-0.09623498365862047,-0.12140464302478415,-0.02516965936616368
pmd,2024-10-30T13:05:35Z,0,0,0,0,0,0,0,0,0,0,0,0,0,0,0,1,6,0.0,0.875,0.0,2.100170061141308,0.875,inf,0.0,0.4258723732407943,0.0,0.0,-0.35413624229342233,-0.2572644401967811,0.09687180209664126
goaccess,2024-10-10T17:23:42Z,3,2,2,2,2,2,1,0,3,3,1,2,1,4,4,3,3,1.75,2.625,0.8864052604279183,1.1877349391654206,0.875,0.5,0.7316017316017316,0.2176009644364075,0.0,0.0,0.247633361187782,0.05974175320454504,-0.18789160798323695
faer-rs,2024-02-18T08:49:31Z,0,0,0,0,0,0,0,0,0,0,0,0,0,0,3,3,1,0.0,0.875,0.0,1.3562026818605375,0.875,inf,0.0,0.4442903374942209,0.0,0.0,-0.35413624229342233,-0.2572644401967811,0.09687180209664126
inter,2019-10-24T18:18:50Z,0,0,0,0,0,0,0,0,0,0,0,1,1,1,2,1,1,0.0,0.875,0.0,0.6408699444616557,0.875,inf,0.0,0.46583850931677034,0.0,0.0,-0.35413624229342233,-0.2572644401967811,0.09687180209664126
markdown-it,2023-03-27T16:09:07Z,0,2,1,0,0,0,0,0,0,0,0,0,0,0,2,0,8,0.375,1.25,0.7440238091428449,2.8157719063467175,0.875,2.3333333333333335,0.2596006144393241,0.4122694122694123,0.0,0.0,-0.2251856129760214,-0.1893345416107826,0.035851071365238824
xonsh,2023-09-05T23:17:43Z,0,0,0,0,0,0,0,0,0,0,0,0,0,0,0,0,0,0.0,0.0,0.0,0.0,0.0,inf,0.0,0.0,0.0,0.0,-0.35413624229342233,-0.4157675368974441,-0.06163129460402178
open-tv,2025-02-04T20:05:30Z,0,0,0,0,0,0,0,0,0,0,0,0,0,0,0,0,0,0.0,0.0,0.0,0.0,0.0,inf,0.0,0.0,0.0,0.0,-0.35413624229342233,-0.4157675368974441,-0.06163129460402178
posting,2025-03-10T10:45:09Z,0,0,0,0,0,0,0,0,0,0,0,0,0,0,0,0,0,0.0,0.0,0.0,0.0,0.0,inf,0.0,0.0,0.0,0.0,-0.35413624229342233,-0.4157675368974441,-0.06163129460402178
scryer-prolog,2022-06-09T08:09:25Z,0,0,0,0,0,0,0,0,0,0,0,0,0,0,0,0,0,0.0,0.0,0.0,0.0,0.0,inf,0.0,0.0,0.0,0.0,-0.35413624229342233,-0.4157675368974441,-0.06163129460402178
dfdx,2022-07-13T18:38:32Z,0,0,0,0,0,0,0,0,0,0,0,0,0,0,0,0,0,0.0,0.0,0.0,0.0,0.0,inf,0.0,0.0,0.0,0.0,-0.35413624229342233,-0.4157675368974441,-0.06163129460402178
vigil,2022-07-09T05:58:01Z,0,0,0,0,0,0,0,0,0,0,0,0,0,0,0,0,0,0.0,0.0,0.0,0.0,0.0,inf,0.0,0.0,0.0,0.0,-0.35413624229342233,-0.4157675368974441,-0.06163129460402178
sn0int,2020-04-22T09:27:10Z,0,0,0,0,0,0,0,0,0,0,0,0,0,0,0,0,0,0.0,0.0,0.0,0.0,0.0,inf,0.0,0.0,0.0,0.0,-0.35413624229342233,-0.4157675368974441,-0.06163129460402178
LicensePlist,2019-10-24T11:02:27Z,0,0,0,0,0,0,0,0,0,0,0,0,0,0,0,0,0,0.0,0.0,0.0,0.0,0.0,inf,0.0,0.0,0.0,0.0,-0.35413624229342233,-0.4157675368974441,-0.06163129460402178
taskbook,2020-06-13T10:02:01Z,0,0,0,0,0,0,0,0,0,0,0,0,0,0,0,0,0,0.0,0.0,0.0,0.0,0.0,inf,0.0,0.0,0.0,0.0,-0.35413624229342233,-0.4157675368974441,-0.06163129460402178
git-history,2024-10-10T07:22:20Z,0,0,0,0,0,0,0,0,1,0,0,0,0,0,0,0,0,0.0,0.0,0.0,0.0,0.0,inf,0.0,0.0,0.0,0.0,-0.35413624229342233,-0.4157675368974441,-0.06163129460402178
ohmyzsh,2021-12-06T19:43:25Z,0,0,0,0,0,0,0,0,0,0,0,0,0,0,0,0,0,0.0,0.0,0.0,0.0,0.0,inf,0.0,0.0,0.0,0.0,-0.35413624229342233,-0.4157675368974441,-0.06163129460402178
tty,2024-11-06T06:57:33Z,0,0,0,0,0,0,0,0,0,0,0,0,0,0,0,0,0,0.0,0.0,0.0,0.0,0.0,inf,0.0,0.0,0.0,0.0,-0.35413624229342233,-0.4157675368974441,-0.06163129460402178
rust-csv,2023-09-28T04:58:06Z,0,0,0,0,0,0,0,0,0,0,0,0,0,0,0,0,0,0.0,0.0,0.0,0.0,0.0,inf,0.0,0.0,0.0,0.0,-0.35413624229342233,-0.4157675368974441,-0.06163129460402178
npx,2019-05-27T18:49:43Z,0,0,0,0,0,0,1,0,1,0,1,0,0,0,0,0,0,0.125,0.125,0.3535533905932738,0.3535533905932738,0.0,0.0,0.1700680272108843,0.1700680272108843,0.0,0.0,-0.311152699187622,-0.39312423736877794,-0.08197153818115593
hatch,2022-06-30T03:40:15Z,0,0,0,0,0,0,0,0,0,0,0,0,0,0,0,0,0,0.0,0.0,0.0,0.0,0.0,inf,0.0,0.0,0.0,0.0,-0.35413624229342233,-0.4157675368974441,-0.06163129460402178
numbat,2019-10-31T13:09:27Z,0,0,0,0,0,0,0,0,0,0,0,0,0,0,0,0,0,0.0,0.0,0.0,0.0,0.0,inf,0.0,0.0,0.0,0.0,-0.35413624229342233,-0.4157675368974441,-0.06163129460402178
nh,2025-09-22T20:02:32Z,0,0,0,0,0,0,0,0,0,0,0,0,0,0,0,0,0,0.0,0.0,0.0,0.0,0.0,inf,0.0,0.0,0.0,0.0,-0.35413624229342233,-0.4157675368974441,-0.06163129460402178
survey,2025-10-23T08:24:06Z,0,0,0,0,0,0,0,0,0,0,0,0,0,0,0,0,0,0.0,0.0,0.0,0.0,0.0,inf,0.0,0.0,0.0,0.0,-0.35413624229342233,-0.4157675368974441,-0.06163129460402178
editly,2021-04-27T10:11:01Z,0,0,0,0,0,0,0,0,0,0,0,0,0,0,0,0,0,0.0,0.0,0.0,0.0,0.0,inf,0.0,0.0,0.0,0.0,-0.35413624229342233,-0.4157675368974441,-0.06163129460402178
phpinsights,2020-02-21T06:07:09Z,0,0,0,0,0,0,0,0,0,0,0,0,0,0,0,0,0,0.0,0.0,0.0,0.0,0.0,inf,0.0,0.0,0.0,0.0,-0.35413624229342233,-0.4157675368974441,-0.06163129460402178
canvas,2020-07-31T07:03:16Z,0,0,0,0,0,0,0,0,0,0,0,0,0,0,0,0,0,0.0,0.0,0.0,0.0,0.0,inf,0.0,0.0,0.0,0.0,-0.35413624229342233,-0.4157675368974441,-0.06163129460402178
steel,2024-06-01T07:35:53Z,0,0,0,0,0,0,0,0,0,0,0,0,0,0,0,0,0,0.0,0.0,0.0,0.0,0.0,inf,0.0,0.0,0.0,0.0,-0.35413624229342233,-0.4157675368974441,-0.06163129460402178
haul,2022-06-15T19:54:47Z,0,0,0,0,0,0,0,0,0,0,0,0,0,0,0,0,0,0.0,0.0,0.0,0.0,0.0,inf,0.0,0.0,0.0,0.0,-0.35413624229342233,-0.4157675368974441,-0.06163129460402178
rust-cpython,2021-04-13T05:08:20Z,0,0,0,0,0,0,0,0,0,0,0,0,0,0,0,0,0,0.0,0.0,0.0,0.0,0.0,inf,0.0,0.0,0.0,0.0,-0.35413624229342233,-0.4157675368974441,-0.06163129460402178
legit,2025-09-16T08:42:10Z,0,0,0,0,0,0,0,0,0,0,0,0,0,0,0,0,0,0.0,0.0,0.0,0.0,0.0,inf,0.0,0.0,0.0,0.0,-0.35413624229342233,-0.4157675368974441,-0.06163129460402178
enhancd,2020-02-05T19:56:24Z,0,0,0,0,0,0,0,0,0,0,0,0,0,0,0,0,0,0.0,0.0,0.0,0.0,0.0,inf,0.0,0.0,0.0,0.0,-0.35413624229342233,-0.4157675368974441,-0.06163129460402178
youtube-transcript-api,2024-04-12T15:52:33Z,0,0,0,0,0,0,0,0,0,0,0,0,0,0,0,0,0,0.0,0.0,0.0,0.0,0.0,inf,0.0,0.0,0.0,0.0,-0.35413624229342233,-0.4157675368974441,-0.06163129460402178
tao,2023-01-13T10:58:22Z,0,0,0,0,0,0,0,0,0,0,0,0,0,0,0,0,0,0.0,0.0,0.0,0.0,0.0,inf,0.0,0.0,0.0,0.0,-0.35413624229342233,-0.4157675368974441,-0.06163129460402178
semantic-router,2024-07-20T15:44:32Z,0,0,0,0,0,0,0,0,0,0,0,0,0,0,0,0,0,0.0,0.0,0.0,0.0,0.0,inf,0.0,0.0,0.0,0.0,-0.35413624229342233,-0.4157675368974441,-0.06163129460402178
ultimate_rust_crash_course,2022-10-09T02:10:27Z,0,0,0,0,0,0,0,0,0,0,0,0,0,0,0,0,0,0.0,0.0,0.0,0.0,0.0,inf,0.0,0.0,0.0,0.0,-0.35413624229342233,-0.4157675368974441,-0.06163129460402178
walk,2020-10-26T09:12:19Z,0,0,0,0,0,0,0,0,0,0,0,0,0,0,0,0,0,0.0,0.0,0.0,0.0,0.0,inf,0.0,0.0,0.0,0.0,-0.35413624229342233,-0.4157675368974441,-0.06163129460402178
auto-cpufreq,2024-10-12T04:34:26Z,0,0,0,0,0,0,0,0,0,0,0,0,0,0,0,0,0,0.0,0.0,0.0,0.0,0.0,inf,0.0,0.0,0.0,0.0,-0.35413624229342233,-0.4157675368974441,-0.06163129460402178
mun,2022-09-02T19:18:39Z,0,0,0,0,0,0,0,0,0,0,0,0,0,0,0,0,0,0.0,0.0,0.0,0.0,0.0,inf,0.0,0.0,0.0,0.0,-0.35413624229342233,-0.4157675368974441,-0.06163129460402178
bytes,2021-02-01T06:45:20Z,0,0,0,0,0,0,0,0,0,0,0,0,0,0,0,0,0,0.0,0.0,0.0,0.0,0.0,inf,0.0,0.0,0.0,0.0,-0.35413624229342233,-0.4157675368974441,-0.06163129460402178
np,2019-05-23T14:30:31Z,0,0,0,0,0,0,0,0,0,0,0,0,0,0,0,0,0,0.0,0.0,0.0,0.0,0.0,inf,0.0,0.0,0.0,0.0,-0.35413624229342233,-0.4157675368974441,-0.06163129460402178
miniquad,2020-10-13T18:52:12Z,0,0,0,0,0,0,0,0,0,0,0,0,0,0,0,0,0,0.0,0.0,0.0,0.0,0.0,inf,0.0,0.0,0.0,0.0,-0.35413624229342233,-0.4157675368974441,-0.06163129460402178
ariadne,2022-02-24T16:37:27Z,0,0,0,0,0,0,0,0,0,0,0,0,0,0,0,0,0,0.0,0.0,0.0,0.0,0.0,inf,0.0,0.0,0.0,0.0,-0.35413624229342233,-0.4157675368974441,-0.06163129460402178
bayard,2025-07-25T14:39:11Z,0,0,0,0,0,0,0,0,0,0,0,0,0,0,0,0,0,0.0,0.0,0.0,0.0,0.0,inf,0.0,0.0,0.0,0.0,-0.35413624229342233,-0.4157675368974441,-0.06163129460402178
free-programming-books,2020-02-01T19:02:05Z,0,0,0,0,0,0,0,0,0,0,0,0,0,0,0,0,0,0.0,0.0,0.0,0.0,0.0,inf,0.0,0.0,0.0,0.0,-0.35413624229342233,-0.4157675368974441,-0.06163129460402178
relm,2021-05-20T15:24:06Z,0,0,0,0,0,0,0,0,0,0,0,0,0,0,0,0,0,0.0,0.0,0.0,0.0,0.0,inf,0.0,0.0,0.0,0.0,-0.35413624229342233,-0.4157675368974441,-0.06163129460402178
immich-go,2024-07-06T08:57:54Z,0,0,0,0,0,0,0,0,0,0,0,0,0,0,0,0,0,0.0,0.0,0.0,0.0,0.0,inf,0.0,0.0,0.0,0.0,-0.35413624229342233,-0.4157675368974441,-0.06163129460402178
testcontainers-go,2020-06-30T14:16:47Z,0,0,0,0,0,0,0,0,0,0,0,0,0,0,0,0,0,0.0,0.0,0.0,0.0,0.0,inf,0.0,0.0,0.0,0.0,-0.35413624229342233,-0.4157675368974441,-0.06163129460402178
sish,2022-08-14T11:45:36Z,1,1,1,1,0,1,1,0,2,2,3,0,1,0,0,0,0,0.75,0.75,0.4629100498862757,1.1649647450214349,0.0,0.0,0.253968253968254,0.5639097744360905,0.0,0.0,-0.09623498365862047,-0.2799077397254472,-0.1836727560668267
aibrix,2024-07-20T15:44:32Z,0,0,0,0,0,0,0,0,0,0,0,0,0,0,0,0,0,0.0,0.0,0.0,0.0,0.0,inf,0.0,0.0,0.0,0.0,-0.35413624229342233,-0.4157675368974441,-0.06163129460402178
bat,2019-10-31T13:09:27Z,0,0,0,0,0,0,0,0,0,0,0,0,0,0,0,0,0,0.0,0.0,0.0,0.0,0.0,inf,0.0,0.0,0.0,0.0,-0.35413624229342233,-0.4157675368974441,-0.06163129460402178
starship,2020-06-17T22:18:00Z,0,0,0,0,0,0,0,0,0,0,0,0,0,0,0,0,0,0.0,0.0,0.0,0.0,0.0,inf,0.0,0.0,0.0,0.0,-0.35413624229342233,-0.4157675368974441,-0.06163129460402178
typst,2023-04-26T14:27:40Z,0,0,0,0,0,0,0,0,0,0,0,0,0,0,0,0,0,0.0,0.0,0.0,0.0,0.0,inf,0.0,0.0,0.0,0.0,-0.35413624229342233,-0.4157675368974441,-0.06163129460402178
progressbar,2020-10-13T16:35:57Z,0,0,0,0,0,0,0,0,0,0,0,0,0,0,0,0,0,0.0,0.0,0.0,0.0,0.0,inf,0.0,0.0,0.0,0.0,-0.35413624229342233,-0.4157675368974441,-0.06163129460402178
fd,2019-10-31T13:09:27Z,0,0,0,0,0,0,0,0,0,0,0,0,0,0,0,0,0,0.0,0.0,0.0,0.0,0.0,inf,0.0,0.0,0.0,0.0,-0.35413624229342233,-0.4157675368974441,-0.06163129460402178
tokio,2021-02-01T06:45:20Z,0,0,0,0,0,0,0,0,0,0,0,0,0,0,0,0,0,0.0,0.0,0.0,0.0,0.0,inf,0.0,0.0,0.0,0.0,-0.35413624229342233,-0.4157675368974441,-0.06163129460402178
delta,2022-01-10T10:42:59Z,0,0,0,0,0,0,0,0,0,0,0,0,0,0,0,0,0,0.0,0.0,0.0,0.0,0.0,inf,0.0,0.0,0.0,0.0,-0.35413624229342233,-0.4157675368974441,-0.06163129460402178
hyperfine,2019-10-31T13:09:27Z,0,0,0,0,0,0,0,0,0,0,0,0,0,0,0,0,0,0.0,0.0,0.0,0.0,0.0,inf,0.0,0.0,0.0,0.0,-0.35413624229342233,-0.4157675368974441,-0.06163129460402178
coreutils,2023-08-21T07:04:37Z,0,0,0,0,0,0,0,0,0,0,0,0,0,0,0,0,0,0.0,0.0,0.0,0.0,0.0,inf,0.0,0.0,0.0,0.0,-0.35413624229342233,-0.4157675368974441,-0.06163129460402178
sonic,2022-07-09T05:58:01Z,0,0,0,0,0,0,0,0,0,0,0,0,0,0,0,0,0,0.0,0.0,0.0,0.0,0.0,inf,0.0,0.0,0.0,0.0,-0.35413624229342233,-0.4157675368974441,-0.06163129460402178
spotify-tui,2019-12-13T10:18:53Z,0,0,0,0,0,0,0,0,0,0,0,0,0,0,0,0,0,0.0,0.0,0.0,0.0,0.0,inf,0.0,0.0,0.0,0.0,-0.35413624229342233,-0.4157675368974441,-0.06163129460402178
clap,2024-04-18T13:17:58Z,0,0,0,0,0,0,0,0,0,0,0,0,0,0,0,0,0,0.0,0.0,0.0,0.0,0.0,inf,0.0,0.0,0.0,0.0,-0.35413624229342233,-0.4157675368974441,-0.06163129460402178
vaultwarden,2019-12-25T21:44:40Z,0,0,0,0,0,0,0,0,0,0,0,0,0,0,0,0,0,0.0,0.0,0.0,0.0,0.0,inf,0.0,0.0,0.0,0.0,-0.35413624229342233,-0.4157675368974441,-0.06163129460402178
whatsmeow,2020-05-22T18:28:00Z,0,0,0,0,0,0,0,0,0,0,0,0,0,0,0,0,0,0.0,0.0,0.0,0.0,0.0,inf,0.0,0.0,0.0,0.0,-0.35413624229342233,-0.4157675368974441,-0.06163129460402178
gau,2021-02-23T09:13:56Z,0,0,0,0,0,0,0,0,0,0,0,0,0,0,0,0,0,0.0,0.0,0.0,0.0,0.0,inf,0.0,0.0,0.0,0.0,-0.35413624229342233,-0.4157675368974441,-0.06163129460402178
chroma,2021-03-01T06:28:15Z,0,0,0,0,0,0,0,0,0,0,0,0,0,0,0,0,0,0.0,0.0,0.0,0.0,0.0,inf,0.0,0.0,0.0,0.0,-0.35413624229342233,-0.4157675368974441,-0.06163129460402178
popeye,2020-01-09T10:49:41Z,0,0,0,0,0,0,0,0,0,0,0,0,0,0,0,0,0,0.0,0.0,0.0,0.0,0.0,inf,0.0,0.0,0.0,0.0,-0.35413624229342233,-0.4157675368974441,-0.06163129460402178
copier,2021-03-13T23:57:10Z,0,0,0,0,0,0,0,0,0,0,0,0,0,0,0,0,0,0.0,0.0,0.0,0.0,0.0,inf,0.0,0.0,0.0,0.0,-0.35413624229342233,-0.4157675368974441,-0.06163129460402178
ssh-chat,2019-12-05T19:56:59Z,0,0,0,0,0,0,0,0,0,0,0,0,0,0,0,0,0,0.0,0.0,0.0,0.0,0.0,inf,0.0,0.0,0.0,0.0,-0.35413624229342233,-0.4157675368974441,-0.06163129460402178
env,2019-07-19T02:11:01Z,0,0,0,0,0,0,0,0,0,0,0,0,0,0,0,0,0,0.0,0.0,0.0,0.0,0.0,inf,0.0,0.0,0.0,0.0,-0.35413624229342233,-0.4157675368974441,-0.06163129460402178
podinfo,2024-02-04T18:28:59Z,0,0,0,0,0,0,0,0,0,0,0,0,0,0,0,0,0,0.0,0.0,0.0,0.0,0.0,inf,0.0,0.0,0.0,0.0,-0.35413624229342233,-0.4157675368974441,-0.06163129460402178
woodpecker,2025-01-14T17:43:33Z,0,0,0,0,0,0,0,0,0,0,0,0,0,0,0,0,0,0.0,0.0,0.0,0.0,0.0,inf,0.0,0.0,0.0,0.0,-0.35413624229342233,-0.4157675368974441,-0.06163129460402178
go-prompt,2020-04-18T18:29:26Z,0,0,0,0,0,0,0,0,0,0,0,0,0,0,0,0,0,0.0,0.0,0.0,0.0,0.0,inf,0.0,0.0,0.0,0.0,-0.35413624229342233,-0.4157675368974441,-0.06163129460402178
darwinkit,2020-09-30T18:29:53Z,0,0,0,0,0,0,0,0,0,0,0,0,0,0,0,0,0,0.0,0.0,0.0,0.0,0.0,inf,0.0,0.0,0.0,0.0,-0.35413624229342233,-0.4157675368974441,-0.06163129460402178
remark42,2020-05-12T00:16:34Z,0,0,0,0,0,0,0,0,0,0,0,0,0,0,0,0,0,0.0,0.0,0.0,0.0,0.0,inf,0.0,0.0,0.0,0.0,-0.35413624229342233,-0.4157675368974441,-0.06163129460402178
gofakeit,2022-03-23T19:07:03Z,0,0,0,0,0,0,0,0,0,0,0,0,0,0,0,0,0,0.0,0.0,0.0,0.0,0.0,inf,0.0,0.0,0.0,0.0,-0.35413624229342233,-0.4157675368974441,-0.06163129460402178
goatcounter,2020-02-20T02:06:10Z,0,0,0,0,0,0,0,0,0,0,0,0,0,0,0,0,0,0.0,0.0,0.0,0.0,0.0,inf,0.0,0.0,0.0,0.0,-0.35413624229342233,-0.4157675368974441,-0.06163129460402178
go-restful,2022-03-20T23:33:16Z,0,0,0,0,0,0,0,0,0,0,0,0,0,0,0,0,0,0.0,0.0,0.0,0.0,0.0,inf,0.0,0.0,0.0,0.0,-0.35413624229342233,-0.4157675368974441,-0.06163129460402178
jocko,2022-12-06T20:46:43Z,0,0,0,0,0,0,0,0,0,0,0,0,0,0,0,0,0,0.0,0.0,0.0,0.0,0.0,inf,0.0,0.0,0.0,0.0,-0.35413624229342233,-0.4157675368974441,-0.06163129460402178
tcell,2020-05-28T10:24:20Z,0,0,0,0,0,0,0,0,0,0,0,0,0,0,0,0,0,0.0,0.0,0.0,0.0,0.0,inf,0.0,0.0,0.0,0.0,-0.35413624229342233,-0.4157675368974441,-0.06163129460402178
wireguard-ui,2024-12-13T02:43:27Z,0,0,0,0,0,0,0,0,0,0,0,0,0,0,0,0,0,0.0,0.0,0.0,0.0,0.0,inf,0.0,0.0,0.0,0.0,-0.35413624229342233,-0.4157675368974441,-0.06163129460402178
hakrawler,2021-02-23T09:13:06Z,0,0,0,0,0,0,0,0,0,0,0,0,0,0,0,0,0,0.0,0.0,0.0,0.0,0.0,inf,0.0,0.0,0.0,0.0,-0.35413624229342233,-0.4157675368974441,-0.06163129460402178
toml,2023-09-28T04:58:06Z,3,0,0,0,2,1,0,0,1,1,0,1,1,0,0,0,3,0.75,0.75,1.1649647450214349,1.0350983390135313,0.0,0.0,0.1604010025062657,0.07936507936507936,0.0,0.0,-0.09623498365862047,-0.2799077397254472,-0.1836727560668267
static-analysis,2024-06-27T06:00:30Z,0,0,0,0,0,0,0,0,0,0,0,0,0,0,0,0,0,0.0,0.0,0.0,0.0,0.0,inf,0.0,0.0,0.0,0.0,-0.35413624229342233,-0.4157675368974441,-0.06163129460402178
tokei,2020-05-26T05:21:39Z,0,0,0,0,0,0,0,0,0,0,0,0,0,0,0,0,0,0.0,0.0,0.0,0.0,0.0,inf,0.0,0.0,0.0,0.0,-0.35413624229342233,-0.4157675368974441,-0.06163129460402178
genact,2021-06-15T17:04:33Z,2,2,2,3,3,2,4,2,2,3,2,2,4,2,2,2,3,2.5,2.5,0.7559289460184544,0.7559289460184544,0.0,0.0,0.14880952380952384,0.005952380952380955,0.0,0.0,0.5055346198225839,0.0370984536758789,-0.46843616614670497
reqwest,2020-04-15T20:27:43Z,0,0,0,0,0,0,0,0,0,0,0,0,0,0,0,0,0,0.0,0.0,0.0,0.0,0.0,inf,0.0,0.0,0.0,0.0,-0.35413624229342233,-0.4157675368974441,-0.06163129460402178
chumsky,2022-02-24T16:37:27Z,0,0,0,0,0,0,0,0,0,0,0,0,0,0,0,0,0,0.0,0.0,0.0,0.0,0.0,inf,0.0,0.0,0.0,0.0,-0.35413624229342233,-0.4157675368974441,-0.06163129460402178
macroquad,2020-10-13T18:52:12Z,0,0,0,0,0,0,0,0,0,0,0,0,0,0,0,0,0,0.0,0.0,0.0,0.0,0.0,inf,0.0,0.0,0.0,0.0,-0.35413624229342233,-0.4157675368974441,-0.06163129460402178
awesome-alternatives-in-rust,2021-05-21T07:33:49Z,0,0,0,0,0,0,0,0,0,0,0,0,0,0,0,0,0,0.0,0.0,0.0,0.0,0.0,inf,0.0,0.0,0.0,0.0,-0.35413624229342233,-0.4157675368974441,-0.06163129460402178
sudo-rs,2025-03-11T20:56:43Z,0,0,0,0,0,0,0,0,0,0,0,0,0,0,0,0,0,0.0,0.0,0.0,0.0,0.0,inf,0.0,0.0,0.0,0.0,-0.35413624229342233,-0.4157675368974441,-0.06163129460402178
awesome,2019-05-23T14:30:31Z,0,0,0,0,0,0,0,0,0,0,0,0,0,0,0,0,0,0.0,0.0,0.0,0.0,0.0,inf,0.0,0.0,0.0,0.0,-0.35413624229342233,-0.4157675368974441,-0.06163129460402178
logos,2023-05-27T02:26:53Z,0,0,0,0,0,0,0,0,0,0,0,0,0,0,0,0,0,0.0,0.0,0.0,0.0,0.0,inf,0.0,0.0,0.0,0.0,-0.35413624229342233,-0.4157675368974441,-0.06163129460402178
webrender,2024-03-13T09:25:45Z,0,0,0,0,0,0,0,0,0,0,0,0,0,0,0,0,0,0.0,0.0,0.0,0.0,0.0,inf,0.0,0.0,0.0,0.0,-0.35413624229342233,-0.4157675368974441,-0.06163129460402178
ESP32-Cheap-Yellow-Display,2019-10-30T09:43:38Z,0,0,0,0,0,0,0,0,0,0,0,0,0,0,0,0,0,0.0,0.0,0.0,0.0,0.0,inf,0.0,0.0,0.0,0.0,-0.35413624229342233,-0.4157675368974441,-0.06163129460402178
shimmy,2025-09-16T19:34:50Z,0,0,0,0,0,0,0,0,0,0,0,0,0,0,0,0,0,0.0,0.0,0.0,0.0,0.0,inf,0.0,0.0,0.0,0.0,-0.35413624229342233,-0.4157675368974441,-0.06163129460402178
blitz,2022-05-17T18:03:54Z,0,0,0,0,0,0,0,0,0,0,0,0,0,0,0,0,0,0.0,0.0,0.0,0.0,0.0,inf,0.0,0.0,0.0,0.0,-0.35413624229342233,-0.4157675368974441,-0.06163129460402178
cake,2023-11-04T12:45:55Z,0,0,0,0,0,0,0,0,0,0,0,0,0,0,0,0,0,0.0,0.0,0.0,0.0,0.0,inf,0.0,0.0,0.0,0.0,-0.35413624229342233,-0.4157675368974441,-0.06163129460402178
kmon,2022-12-29T10:49:16Z,0,0,0,0,0,0,0,0,0,0,0,0,0,0,0,0,0,0.0,0.0,0.0,0.0,0.0,inf,0.0,0.0,0.0,0.0,-0.35413624229342233,-0.4157675368974441,-0.06163129460402178
taffy,2022-05-17T18:03:54Z,0,0,0,0,0,0,0,0,0,0,0,0,0,0,0,0,0,0.0,0.0,0.0,0.0,0.0,inf,0.0,0.0,0.0,0.0,-0.35413624229342233,-0.4157675368974441,-0.06163129460402178
quickcheck,2023-09-28T04:58:06Z,0,0,0,0,1,0,0,0,0,1,0,0,0,0,0,0,0,0.125,0.125,0.3535533905932738,0.3535533905932738,0.0,0.0,0.006802721088435374,0.3333333333333334,0.0,0.0,-0.311152699187622,-0.39312423736877794,-0.08197153818115593
sysinfo,2020-01-23T21:26:00Z,0,0,0,0,0,0,0,0,0,0,0,0,0,0,0,0,0,0.0,0.0,0.0,0.0,0.0,inf,0.0,0.0,0.0,0.0,-0.35413624229342233,-0.4157675368974441,-0.06163129460402178
shadow-tls,2021-10-10T02:24:54Z,0,0,0,0,0,0,0,0,0,0,0,0,0,0,0,0,0,0.0,0.0,0.0,0.0,0.0,inf,0.0,0.0,0.0,0.0,-0.35413624229342233,-0.4157675368974441,-0.06163129460402178
loom,2021-02-01T06:45:20Z,0,0,0,0,0,0,0,0,0,0,0,0,0,0,0,0,0,0.0,0.0,0.0,0.0,0.0,inf,0.0,0.0,0.0,0.0,-0.35413624229342233,-0.4157675368974441,-0.06163129460402178
console,2021-02-01T06:45:20Z,0,0,0,0,0,0,0,0,0,0,0,0,0,0,0,0,0,0.0,0.0,0.0,0.0,0.0,inf,0.0,0.0,0.0,0.0,-0.35413624229342233,-0.4157675368974441,-0.06163129460402178
miette,2019-05-27T18:49:43Z,0,0,0,0,0,0,0,0,0,0,0,0,0,0,0,0,0,0.0,0.0,0.0,0.0,0.0,inf,0.0,0.0,0.0,0.0,-0.35413624229342233,-0.4157675368974441,-0.06163129460402178
prost,2021-02-01T06:45:20Z,0,0,0,0,0,0,0,0,0,0,0,0,0,0,0,0,0,0.0,0.0,0.0,0.0,0.0,inf,0.0,0.0,0.0,0.0,-0.35413624229342233,-0.4157675368974441,-0.06163129460402178
viddy,2019-10-07T04:13:20Z,0,0,0,0,0,0,0,0,0,0,0,0,0,0,0,0,0,0.0,0.0,0.0,0.0,0.0,inf,0.0,0.0,0.0,0.0,-0.35413624229342233,-0.4157675368974441,-0.06163129460402178
xsv,2023-09-28T04:58:06Z,0,0,0,0,0,0,0,0,0,0,0,0,0,0,0,0,0,0.0,0.0,0.0,0.0,0.0,inf,0.0,0.0,0.0,0.0,-0.35413624229342233,-0.4157675368974441,-0.06163129460402178
bore,2023-12-07T14:21:32Z,2,0,0,1,0,0,0,0,0,0,0,0,0,0,3,0,0,0.375,0.375,0.7440238091428449,1.0606601717798212,0.0,0.0,0.34562211981566837,0.061224489795918366,0.0,0.0,-0.2251856129760214,-0.34783763831144565,-0.12265202533542424
warp,2020-04-15T20:27:43Z,0,0,0,0,0,0,0,0,0,0,0,0,0,0,0,0,0,0.0,0.0,0.0,0.0,0.0,inf,0.0,0.0,0.0,0.0,-0.35413624229342233,-0.4157675368974441,-0.06163129460402178
hexyl,2019-10-31T13:09:27Z,0,0,0,0,0,0,0,0,0,0,0,0,0,0,0,0,0,0.0,0.0,0.0,0.0,0.0,inf,0.0,0.0,0.0,0.0,-0.35413624229342233,-0.4157675368974441,-0.06163129460402178
aliyundrive-webdav,2021-12-14T12:20:23Z,0,0,0,0,0,0,0,0,0,0,0,0,0,0,0,0,0,0.0,0.0,0.0,0.0,0.0,inf,0.0,0.0,0.0,0.0,-0.35413624229342233,-0.4157675368974441,-0.06163129460402178
oha,2025-07-16T02:23:54Z,0,0,0,0,0,0,0,0,0,0,0,0,0,0,0,0,0,0.0,0.0,0.0,0.0,0.0,inf,0.0,0.0,0.0,0.0,-0.35413624229342233,-0.4157675368974441,-0.06163129460402178
rustdesk-server,2022-09-14T05:53:31Z,0,0,0,0,0,0,0,0,0,0,0,0,0,0,0,0,0,0.0,0.0,0.0,0.0,0.0,inf,0.0,0.0,0.0,0.0,-0.35413624229342233,-0.4157675368974441,-0.06163129460402178
loco,2025-03-04T10:25:30Z,0,0,0,0,0,0,0,0,0,0,0,0,0,0,0,0,0,0.0,0.0,0.0,0.0,0.0,inf,0.0,0.0,0.0,0.0,-0.35413624229342233,-0.4157675368974441,-0.06163129460402178
paru,2023-02-15T00:53:31Z,0,0,0,0,0,0,0,0,0,0,0,0,0,0,0,0,0,0.0,0.0,0.0,0.0,0.0,inf,0.0,0.0,0.0,0.0,-0.35413624229342233,-0.4157675368974441,-0.06163129460402178
napi-rs,2022-01-21T12:59:48Z,0,0,0,0,0,0,0,0,0,0,0,0,0,0,0,0,0,0.0,0.0,0.0,0.0,0.0,inf,0.0,0.0,0.0,0.0,-0.35413624229342233,-0.4157675368974441,-0.06163129460402178
presenterm,2025-03-19T11:37:40Z,0,0,0,0,0,0,0,0,0,0,0,0,0,0,0,0,0,0.0,0.0,0.0,0.0,0.0,inf,0.0,0.0,0.0,0.0,-0.35413624229342233,-0.4157675368974441,-0.06163129460402178
mio,2021-02-01T06:45:20Z,0,0,0,0,0,0,0,0,0,0,0,0,0,0,0,0,0,0.0,0.0,0.0,0.0,0.0,inf,0.0,0.0,0.0,0.0,-0.35413624229342233,-0.4157675368974441,-0.06163129460402178
tock,2025-06-23T21:40:54Z,0,0,0,0,0,0,0,0,0,0,0,0,0,0,0,0,0,0.0,0.0,0.0,0.0,0.0,inf,0.0,0.0,0.0,0.0,-0.35413624229342233,-0.4157675368974441,-0.06163129460402178
pastel,2019-10-31T13:09:27Z,0,0,0,0,0,0,0,0,0,0,0,0,0,0,0,0,0,0.0,0.0,0.0,0.0,0.0,inf,0.0,0.0,0.0,0.0,-0.35413624229342233,-0.4157675368974441,-0.06163129460402178
game-developer-roadmap,2022-07-30T08:56:27Z,0,0,0,0,0,0,0,0,0,0,0,0,0,0,0,0,0,0.0,0.0,0.0,0.0,0.0,inf,0.0,0.0,0.0,0.0,-0.35413624229342233,-0.4157675368974441,-0.06163129460402178
dua-cli,2021-03-27T18:48:09Z,0,0,0,0,0,0,0,0,0,0,0,0,0,0,0,0,0,0.0,0.0,0.0,0.0,0.0,inf,0.0,0.0,0.0,0.0,-0.35413624229342233,-0.4157675368974441,-0.06163129460402178
pest,2022-10-06T02:02:01Z,0,0,0,0,0,0,0,0,0,0,0,0,0,0,0,0,0,0.0,0.0,0.0,0.0,0.0,inf,0.0,0.0,0.0,0.0,-0.35413624229342233,-0.4157675368974441,-0.06163129460402178
webrtc,2021-03-20T20:02:23Z,0,0,0,0,0,0,0,0,0,0,0,0,0,0,0,0,0,0.0,0.0,0.0,0.0,0.0,inf,0.0,0.0,0.0,0.0,-0.35413624229342233,-0.4157675368974441,-0.06163129460402178
freeCodeCamp,2020-06-27T04:36:28Z,0,0,0,0,0,0,0,0,0,0,0,0,0,0,0,0,0,0.0,0.0,0.0,0.0,0.0,inf,0.0,0.0,0.0,0.0,-0.35413624229342233,-0.4157675368974441,-0.06163129460402178
HEAD,2024-04-23T07:13:20Z,0,0,0,0,0,0,0,0,0,0,0,0,0,0,0,0,0,0.0,0.0,0.0,0.0,0.0,inf,0.0,0.0,0.0,0.0,-0.35413624229342233,-0.4157675368974441,-0.06163129460402178
tech-interview-handbook,2020-07-21T07:56:06Z,0,0,0,0,0,0,0,0,0,0,0,0,0,0,0,0,0,0.0,0.0,0.0,0.0,0.0,inf,0.0,0.0,0.0,0.0,-0.35413624229342233,-0.4157675368974441,-0.06163129460402178
iscroll,2024-03-31T18:32:55Z,0,0,0,0,0,0,0,0,0,0,0,0,0,0,0,0,0,0.0,0.0,0.0,0.0,0.0,inf,0.0,0.0,0.0,0.0,-0.35413624229342233,-0.4157675368974441,-0.06163129460402178
jsoneditor,2020-09-19T23:06:50Z,0,0,0,0,0,0,0,0,0,0,0,0,0,0,0,0,0,0.0,0.0,0.0,0.0,0.0,inf,0.0,0.0,0.0,0.0,-0.35413624229342233,-0.4157675368974441,-0.06163129460402178
co,2019-08-24T17:31:51Z,0,0,0,0,0,0,0,0,0,0,0,0,0,0,0,0,0,0.0,0.0,0.0,0.0,0.0,inf,0.0,0.0,0.0,0.0,-0.35413624229342233,-0.4157675368974441,-0.06163129460402178
mdx-deck,2020-09-29T22:01:18Z,0,0,0,0,0,0,0,0,0,0,0,0,0,0,0,0,0,0.0,0.0,0.0,0.0,0.0,inf,0.0,0.0,0.0,0.0,-0.35413624229342233,-0.4157675368974441,-0.06163129460402178
tsdx,2021-06-15T17:01:12Z,0,0,0,0,0,0,0,0,0,0,0,0,0,0,0,0,0,0.0,0.0,0.0,0.0,0.0,inf,0.0,0.0,0.0,0.0,-0.35413624229342233,-0.4157675368974441,-0.06163129460402178
razzle,2021-06-15T17:01:12Z,0,0,0,0,0,0,0,0,0,0,0,0,0,0,0,0,0,0.0,0.0,0.0,0.0,0.0,inf,0.0,0.0,0.0,0.0,-0.35413624229342233,-0.4157675368974441,-0.06163129460402178
react-dropzone,2024-08-19T19:50:27Z,0,0,0,0,0,0,0,0,0,0,0,0,0,0,0,0,0,0.0,0.0,0.0,0.0,0.0,inf,0.0,0.0,0.0,0.0,-0.35413624229342233,-0.4157675368974441,-0.06163129460402178
react-sortable-hoc,2021-08-24T09:30:14Z,0,0,0,0,0,0,0,0,0,0,0,0,0,0,0,0,0,0.0,0.0,0.0,0.0,0.0,inf,0.0,0.0,0.0,0.0,-0.35413624229342233,-0.4157675368974441,-0.06163129460402178
node-postgres,2020-01-20T21:57:23Z,0,0,0,0,0,0,0,0,0,0,0,0,0,0,0,0,0,0.0,0.0,0.0,0.0,0.0,inf,0.0,0.0,0.0,0.0,-0.35413624229342233,-0.4157675368974441,-0.06163129460402178
audiobookshelf,2023-12-27T19:15:25Z,0,0,0,0,0,0,0,0,0,0,0,0,0,0,0,0,0,0.0,0.0,0.0,0.0,0.0,inf,0.0,0.0,0.0,0.0,-0.35413624229342233,-0.4157675368974441,-0.06163129460402178
sinon,2023-10-11T13:34:58Z,0,0,0,0,0,0,0,0,0,0,0,0,0,0,0,0,0,0.0,0.0,0.0,0.0,0.0,inf,0.0,0.0,0.0,0.0,-0.35413624229342233,-0.4157675368974441,-0.06163129460402178
ora,2019-05-23T14:30:31Z,0,0,0,0,0,0,0,0,0,0,0,0,0,0,0,0,0,0.0,0.0,0.0,0.0,0.0,inf,0.0,0.0,0.0,0.0,-0.35413624229342233,-0.4157675368974441,-0.06163129460402178
Detect-It-Easy,2020-04-28T23:59:21Z,1,1,2,1,2,3,2,1,2,2,2,1,1,2,2,2,1,1.625,1.625,0.7440238091428449,0.5175491695067657,0.0,0.0,0.12442396313364054,0.028571428571428577,0.0,0.0,0.2046498180819817,-0.12140464302478415,-0.32605446110676584
gremlins.js,2025-04-08T09:35:54Z,0,0,0,0,0,0,0,0,0,0,0,0,0,0,0,0,0,0.0,0.0,0.0,0.0,0.0,inf,0.0,0.0,0.0,0.0,-0.35413624229342233,-0.4157675368974441,-0.06163129460402178
stats.js,2020-12-28T04:52:02Z,1,0,0,0,0,0,0,0,0,1,0,0,0,0,0,0,0,0.125,0.125,0.3535533905932738,0.3535533905932738,0.0,0.0,0.3333333333333334,0.3333333333333334,0.0,0.0,-0.311152699187622,-0.39312423736877794,-0.08197153818115593
qs,2019-07-16T16:04:47Z,0,0,0,0,0,0,0,0,0,0,0,0,0,0,0,0,0,0.0,0.0,0.0,0.0,0.0,inf,0.0,0.0,0.0,0.0,-0.35413624229342233,-0.4157675368974441,-0.06163129460402178
mapscii,2025-07-18T14:46:22Z,0,0,0,0,0,0,0,0,0,0,0,0,0,0,0,0,0,0.0,0.0,0.0,0.0,0.0,inf,0.0,0.0,0.0,0.0,-0.35413624229342233,-0.4157675368974441,-0.06163129460402178
postgres,2023-02-08T19:26:10Z,0,0,0,0,0,0,0,0,0,0,0,0,0,0,0,0,0,0.0,0.0,0.0,0.0,0.0,inf,0.0,0.0,0.0,0.0,-0.35413624229342233,-0.4157675368974441,-0.06163129460402178
hotel,2020-06-03T18:37:31Z,0,0,0,0,0,0,0,0,0,0,0,0,0,0,0,0,0,0.0,0.0,0.0,0.0,0.0,inf,0.0,0.0,0.0,0.0,-0.35413624229342233,-0.4157675368974441,-0.06163129460402178
nock,2024-08-19T19:50:58Z,0,0,0,0,0,0,0,0,0,0,0,0,0,0,0,0,0,0.0,0.0,0.0,0.0,0.0,inf,0.0,0.0,0.0,0.0,-0.35413624229342233,-0.4157675368974441,-0.06163129460402178
PapaParse,2019-10-30T05:20:21Z,0,0,0,0,0,0,0,0,0,0,0,0,0,0,0,0,0,0.0,0.0,0.0,0.0,0.0,inf,0.0,0.0,0.0,0.0,-0.35413624229342233,-0.4157675368974441,-0.06163129460402178
automerge-classic,2022-09-07T21:22:29Z,0,0,0,0,0,0,0,0,0,0,0,0,0,0,0,0,0,0.0,0.0,0.0,0.0,0.0,inf,0.0,0.0,0.0,0.0,-0.35413624229342233,-0.4157675368974441,-0.06163129460402178
LibreCAD,2023-05-23T01:48:29Z,0,0,0,0,0,0,0,0,0,0,0,0,0,0,0,0,0,0.0,0.0,0.0,0.0,0.0,inf,0.0,0.0,0.0,0.0,-0.35413624229342233,-0.4157675368974441,-0.06163129460402178
mergerfs,2020-01-10T16:19:03Z,0,0,0,0,0,0,0,0,0,0,0,0,0,0,0,0,0,0.0,0.0,0.0,0.0,0.0,inf,0.0,0.0,0.0,0.0,-0.35413624229342233,-0.4157675368974441,-0.06163129460402178
sol2,2019-05-24T14:21:33Z,0,0,0,0,0,0,0,0,0,0,0,0,0,0,0,0,0,0.0,0.0,0.0,0.0,0.0,inf,0.0,0.0,0.0,0.0,-0.35413624229342233,-0.4157675368974441,-0.06163129460402178
ghostwriter,2022-01-04T12:51:52Z,0,0,0,0,0,0,0,0,0,0,0,0,0,0,0,0,0,0.0,0.0,0.0,0.0,0.0,inf,0.0,0.0,0.0,0.0,-0.35413624229342233,-0.4157675368974441,-0.06163129460402178
Crow,2024-08-03T22:21:52Z,0,0,0,0,0,0,0,0,0,0,0,0,0,0,0,0,0,0.0,0.0,0.0,0.0,0.0,inf,0.0,0.0,0.0,0.0,-0.35413624229342233,-0.4157675368974441,-0.06163129460402178
kdenlive,2022-01-04T12:51:52Z,0,0,0,0,0,0,0,0,0,0,0,0,0,0,0,0,0,0.0,0.0,0.0,0.0,0.0,inf,0.0,0.0,0.0,0.0,-0.35413624229342233,-0.4157675368974441,-0.06163129460402178
hacker-scripts,2025-08-15T12:19:17Z,0,0,0,0,0,0,0,0,0,0,0,0,0,0,0,0,0,0.0,0.0,0.0,0.0,0.0,inf,0.0,0.0,0.0,0.0,-0.35413624229342233,-0.4157675368974441,-0.06163129460402178
react-virtualized,2023-04-02T03:59:52Z,0,0,0,0,0,0,0,0,1,0,0,0,0,0,0,0,0,0.0,0.0,0.0,0.0,0.0,inf,0.0,0.0,0.0,0.0,-0.35413624229342233,-0.4157675368974441,-0.06163129460402178
nodemon,2019-11-21T20:59:34Z,0,0,0,0,0,0,0,0,0,0,0,0,0,0,0,0,0,0.0,0.0,0.0,0.0,0.0,inf,0.0,0.0,0.0,0.0,-0.35413624229342233,-0.4157675368974441,-0.06163129460402178
eslint,2019-11-14T04:01:08Z,0,0,0,0,0,0,0,0,0,0,0,0,0,0,0,0,0,0.0,0.0,0.0,0.0,0.0,inf,0.0,0.0,0.0,0.0,-0.35413624229342233,-0.4157675368974441,-0.06163129460402178
nprogress,2025-10-08T13:37:32Z,0,0,0,0,0,0,0,0,0,0,0,0,0,0,0,0,0,0.0,0.0,0.0,0.0,0.0,inf,0.0,0.0,0.0,0.0,-0.35413624229342233,-0.4157675368974441,-0.06163129460402178
nanoid,2023-03-28T11:26:14Z,0,0,0,0,0,0,0,0,0,0,0,0,0,0,0,0,0,0.0,0.0,0.0,0.0,0.0,inf,0.0,0.0,0.0,0.0,-0.35413624229342233,-0.4157675368974441,-0.06163129460402178
p5.js,2020-12-08T17:21:23Z,0,0,0,0,0,0,0,0,0,0,0,0,0,0,0,0,0,0.0,0.0,0.0,0.0,0.0,inf,0.0,0.0,0.0,0.0,-0.35413624229342233,-0.4157675368974441,-0.06163129460402178
ember.js,2020-09-28T19:51:59Z,0,0,0,0,0,0,0,0,0,0,0,0,0,0,0,0,0,0.0,0.0,0.0,0.0,0.0,inf,0.0,0.0,0.0,0.0,-0.35413624229342233,-0.4157675368974441,-0.06163129460402178
cli,2025-04-21T23:12:56Z,0,0,0,0,0,0,0,0,0,0,0,0,0,0,0,0,0,0.0,0.0,0.0,0.0,0.0,inf,0.0,0.0,0.0,0.0,-0.35413624229342233,-0.4157675368974441,-0.06163129460402178
parse-server,2020-12-07T21:27:10Z,0,0,0,0,0,0,0,0,0,0,0,0,0,0,0,0,0,0.0,0.0,0.0,0.0,0.0,inf,0.0,0.0,0.0,0.0,-0.35413624229342233,-0.4157675368974441,-0.06163129460402178
dotenv,2023-07-23T02:14:26Z,0,0,0,0,0,0,0,0,0,0,0,0,0,0,0,0,0,0.0,0.0,0.0,0.0,0.0,inf,0.0,0.0,0.0,0.0,-0.35413624229342233,-0.4157675368974441,-0.06163129460402178
Fuse,2021-12-03T18:21:52Z,0,0,0,0,0,0,0,0,0,0,0,0,0,0,0,0,0,0.0,0.0,0.0,0.0,0.0,inf,0.0,0.0,0.0,0.0,-0.35413624229342233,-0.4157675368974441,-0.06163129460402178
gun,2021-05-12T16:33:52Z,0,0,0,0,0,0,0,0,0,0,0,0,0,0,0,0,0,0.0,0.0,0.0,0.0,0.0,inf,0.0,0.0,0.0,0.0,-0.35413624229342233,-0.4157675368974441,-0.06163129460402178
flowchart.js,2021-12-17T02:17:10Z,0,0,0,0,0,0,0,0,0,0,0,0,0,0,0,0,0,0.0,0.0,0.0,0.0,0.0,inf,0.0,0.0,0.0,0.0,-0.35413624229342233,-0.4157675368974441,-0.06163129460402178
F2,2025-10-06T14:51:51Z,0,0,0,0,0,0,0,0,0,0,0,0,0,0,0,0,0,0.0,0.0,0.0,0.0,0.0,inf,0.0,0.0,0.0,0.0,-0.35413624229342233,-0.4157675368974441,-0.06163129460402178
vanilla-lazyload,2020-06-11T15:29:00Z,0,0,0,0,0,0,0,0,0,0,0,0,0,0,0,0,0,0.0,0.0,0.0,0.0,0.0,inf,0.0,0.0,0.0,0.0,-0.35413624229342233,-0.4157675368974441,-0.06163129460402178
chart.xkcd,2022-05-14T08:05:16Z,1,0,0,0,0,0,1,0,1,0,0,0,0,0,0,1,1,0.25,0.25,0.4629100498862757,0.4629100498862757,0.0,0.0,0.015873015873015876,0.5714285714285715,0.0,0.0,-0.26816915608182174,-0.3704809378401118,-0.10231178175829009
BiliOB,2022-06-30T17:17:50Z,0,0,0,0,0,0,0,0,0,0,0,0,0,0,0,0,0,0.0,0.0,0.0,0.0,0.0,inf,0.0,0.0,0.0,0.0,-0.35413624229342233,-0.4157675368974441,-0.06163129460402178
tor-socks-proxy,2019-09-10T16:35:51Z,0,0,0,0,0,0,0,0,0,0,0,0,0,0,0,0,0,0.0,0.0,0.0,0.0,0.0,inf,0.0,0.0,0.0,0.0,-0.35413624229342233,-0.4157675368974441,-0.06163129460402178
react-native-audio-api,2023-06-30T11:24:08Z,0,0,0,0,0,0,0,0,0,0,0,0,0,0,0,0,0,0.0,0.0,0.0,0.0,0.0,inf,0.0,0.0,0.0,0.0,-0.35413624229342233,-0.4157675368974441,-0.06163129460402178
community-legacy,2025-03-20T19:22:59Z,0,0,0,0,0,0,0,0,0,0,0,0,0,0,0,0,0,0.0,0.0,0.0,0.0,0.0,inf,0.0,0.0,0.0,0.0,-0.35413624229342233,-0.4157675368974441,-0.06163129460402178
capacitor-firebase,2022-08-28T20:35:59Z,0,0,0,0,0,0,0,0,0,0,0,0,0,0,0,0,0,0.0,0.0,0.0,0.0,0.0,inf,0.0,0.0,0.0,0.0,-0.35413624229342233,-0.4157675368974441,-0.06163129460402178
pogo,2024-07-14T01:00:56Z,0,0,0,0,0,0,0,0,0,0,0,0,0,0,0,0,0,0.0,0.0,0.0,0.0,0.0,inf,0.0,0.0,0.0,0.0,-0.35413624229342233,-0.4157675368974441,-0.06163129460402178
Oxygen.jl,2024-05-17T18:14:53Z,1,0,0,1,2,4,2,2,1,1,0,0,2,2,2,1,4,1.5,1.5,1.3093073414159542,1.3093073414159542,0.0,0.0,0.44642857142857156,0.5079365079365081,0.0,0.0,0.16166627497618138,-0.1440479425534503,-0.3057142175296317
air,2024-02-10T07:05:56Z,0,0,0,0,0,0,0,0,0,0,0,0,0,0,0,0,0,0.0,0.0,0.0,0.0,0.0,inf,0.0,0.0,0.0,0.0,-0.35413624229342233,-0.4157675368974441,-0.06163129460402178
thruk,2022-06-08T09:21:37Z,0,0,0,0,0,0,0,0,0,0,0,0,0,0,0,0,0,0.0,0.0,0.0,0.0,0.0,inf,0.0,0.0,0.0,0.0,-0.35413624229342233,-0.4157675368974441,-0.06163129460402178
react-native-image-editor,2022-06-15T19:54:47Z,0,0,0,0,0,0,0,0,0,0,0,0,0,0,0,0,0,0.0,0.0,0.0,0.0,0.0,inf,0.0,0.0,0.0,0.0,-0.35413624229342233,-0.4157675368974441,-0.06163129460402178
awesome-newsletters,2023-01-24T19:39:02Z,0,0,0,0,0,0,0,0,0,0,0,0,0,0,0,0,0,0.0,0.0,0.0,0.0,0.0,inf,0.0,0.0,0.0,0.0,-0.35413624229342233,-0.4157675368974441,-0.06163129460402178
tiktok-downloader,2025-06-28T16:50:34Z,0,0,0,0,0,0,0,0,0,0,0,0,0,0,0,0,0,0.0,0.0,0.0,0.0,0.0,inf,0.0,0.0,0.0,0.0,-0.35413624229342233,-0.4157675368974441,-0.06163129460402178
web-udp-public,2024-02-17T10:42:01Z,0,0,0,0,0,0,0,0,0,0,0,0,0,0,0,0,0,0.0,0.0,0.0,0.0,0.0,inf,0.0,0.0,0.0,0.0,-0.35413624229342233,-0.4157675368974441,-0.06163129460402178
purescript-flame,2025-05-14T16:15:09Z,0,0,0,0,1,0,0,0,1,0,0,0,1,0,0,0,0,0.125,0.125,0.3535533905932738,0.3535533905932738,0.0,0.0,0.006802721088435374,0.006802721088435374,0.0,0.0,-0.311152699187622,-0.39312423736877794,-0.08197153818115593
abort-controller,2020-05-09T01:21:30Z,0,0,0,0,0,0,0,0,0,0,0,0,0,0,0,0,0,0.0,0.0,0.0,0.0,0.0,inf,0.0,0.0,0.0,0.0,-0.35413624229342233,-0.4157675368974441,-0.06163129460402178
kami,2024-02-22T19:18:39Z,0,0,0,0,0,0,0,0,0,0,0,0,0,0,0,0,0,0.0,0.0,0.0,0.0,0.0,inf,0.0,0.0,0.0,0.0,-0.35413624229342233,-0.4157675368974441,-0.06163129460402178
shader-web-background,2025-04-21T17:47:59Z,0,0,0,0,0,0,0,0,0,0,0,0,0,0,0,0,0,0.0,0.0,0.0,0.0,0.0,inf,0.0,0.0,0.0,0.0,-0.35413624229342233,-0.4157675368974441,-0.06163129460402178
OnlineSwiftPlayground,2019-10-17T02:34:56Z,0,0,0,0,0,0,0,0,0,0,0,0,0,0,0,0,0,0.0,0.0,0.0,0.0,0.0,inf,0.0,0.0,0.0,0.0,-0.35413624229342233,-0.4157675368974441,-0.06163129460402178
jQuery-File-Upload,2021-07-23T06:27:55Z,0,0,0,0,0,0,0,0,0,0,0,0,0,0,0,0,0,0.0,0.0,0.0,0.0,0.0,inf,0.0,0.0,0.0,0.0,-0.35413624229342233,-0.4157675368974441,-0.06163129460402178
axios-cache-interceptor,2023-11-01T23:29:25Z,3,1,2,5,6,2,3,3,2,7,3,3,2,3,4,2,1,3.125,3.125,1.6420805617960925,1.807721533549109,0.0,0.0,0.0381583096814885,0.48113453031485826,0.0,0.0,0.7204523353515855,0.15031495131920963,-0.5701373840323758
QOwnNotes,2023-03-02T16:01:39Z,0,0,2,3,4,4,5,4,3,3,4,1,1,4,3,4,2,2.75,2.75,1.9086270308410553,1.2817398889233114,0.0,0.0,0.8403361344537816,0.0020703933747412014,0.0,0.0,0.5915017060341845,0.0823850527332112,-0.5091166533009733
kicanvas,2020-04-30T03:57:36Z,0,0,0,0,0,0,0,0,0,0,0,0,0,0,0,0,0,0.0,0.0,0.0,0.0,0.0,inf,0.0,0.0,0.0,0.0,-0.35413624229342233,-0.4157675368974441,-0.06163129460402178
ratzilla,2022-12-29T10:49:16Z,0,0,0,0,0,0,0,0,0,0,0,0,0,0,0,0,0,0.0,0.0,0.0,0.0,0.0,inf,0.0,0.0,0.0,0.0,-0.35413624229342233,-0.4157675368974441,-0.06163129460402178
jquery.transit,2025-10-08T13:37:32Z,0,0,0,0,0,0,0,0,0,0,0,0,0,0,0,0,0,0.0,0.0,0.0,0.0,0.0,inf,0.0,0.0,0.0,0.0,-0.35413624229342233,-0.4157675368974441,-0.06163129460402178
Cider,2022-06-03T13:45:56Z,0,0,0,0,0,0,0,0,0,0,0,0,0,0,0,0,0,0.0,0.0,0.0,0.0,0.0,inf,0.0,0.0,0.0,0.0,-0.35413624229342233,-0.4157675368974441,-0.06163129460402178
undici,2025-01-15T22:24:31Z,0,0,0,0,0,0,0,0,0,0,0,0,0,0,0,0,0,0.0,0.0,0.0,0.0,0.0,inf,0.0,0.0,0.0,0.0,-0.35413624229342233,-0.4157675368974441,-0.06163129460402178
fontello,2024-12-07T04:41:38Z,0,0,0,0,0,0,0,0,0,0,0,0,0,0,0,0,0,0.0,0.0,0.0,0.0,0.0,inf,0.0,0.0,0.0,0.0,-0.35413624229342233,-0.4157675368974441,-0.06163129460402178
cash,2022-01-27T18:42:31Z,1,0,0,0,0,0,0,0,0,1,0,0,0,0,0,0,0,0.125,0.125,0.3535533905932738,0.3535533905932738,0.0,0.0,0.3333333333333334,0.3333333333333334,0.0,0.0,-0.311152699187622,-0.39312423736877794,-0.08197153818115593
django-cms,2024-03-13T08:42:51Z,0,0,0,0,0,0,0,0,0,0,0,0,0,0,0,0,0,0.0,0.0,0.0,0.0,0.0,inf,0.0,0.0,0.0,0.0,-0.35413624229342233,-0.4157675368974441,-0.06163129460402178
oppia,2022-10-21T00:56:43Z,0,0,0,0,0,0,0,0,0,0,0,0,0,0,0,0,0,0.0,0.0,0.0,0.0,0.0,inf,0.0,0.0,0.0,0.0,-0.35413624229342233,-0.4157675368974441,-0.06163129460402178
huma,2024-03-28T15:05:21Z,0,0,0,0,0,0,0,0,0,0,0,0,0,0,0,0,0,0.0,0.0,0.0,0.0,0.0,inf,0.0,0.0,0.0,0.0,-0.35413624229342233,-0.4157675368974441,-0.06163129460402178
cloudtunes,2020-07-01T12:36:14Z,0,0,0,0,0,0,0,0,1,0,0,0,0,0,0,0,0,0.0,0.0,0.0,0.0,0.0,inf,0.0,0.0,0.0,0.0,-0.35413624229342233,-0.4157675368974441,-0.06163129460402178
ferrum,2024-10-03T10:50:16Z,0,0,0,0,0,0,0,0,0,0,0,0,0,0,0,0,0,0.0,0.0,0.0,0.0,0.0,inf,0.0,0.0,0.0,0.0,-0.35413624229342233,-0.4157675368974441,-0.06163129460402178
matcha,2021-05-24T21:35:26Z,0,0,0,0,0,0,0,0,0,0,0,0,0,0,0,0,0,0.0,0.0,0.0,0.0,0.0,inf,0.0,0.0,0.0,0.0,-0.35413624229342233,-0.4157675368974441,-0.06163129460402178
webf,2023-09-27T08:16:57Z,0,0,0,0,0,0,0,0,0,0,0,0,0,0,0,0,0,0.0,0.0,0.0,0.0,0.0,inf,0.0,0.0,0.0,0.0,-0.35413624229342233,-0.4157675368974441,-0.06163129460402178
loki,2019-12-15T17:49:46Z,0,0,0,0,0,0,0,0,0,0,0,0,0,0,0,0,0,0.0,0.0,0.0,0.0,0.0,inf,0.0,0.0,0.0,0.0,-0.35413624229342233,-0.4157675368974441,-0.06163129460402178
piral,2021-08-10T12:25:55Z,0,0,0,0,0,0,0,0,0,0,0,0,0,0,0,0,0,0.0,0.0,0.0,0.0,0.0,inf,0.0,0.0,0.0,0.0,-0.35413624229342233,-0.4157675368974441,-0.06163129460402178
jaspr,2023-03-13T16:54:32Z,0,0,0,0,0,0,0,0,0,0,0,0,0,0,0,0,0,0.0,0.0,0.0,0.0,0.0,inf,0.0,0.0,0.0,0.0,-0.35413624229342233,-0.4157675368974441,-0.06163129460402178
planby,2023-03-09T11:42:20Z,1,0,1,2,0,0,1,1,1,1,1,1,0,1,1,0,1,0.75,0.75,0.7071067811865476,0.4629100498862757,0.0,0.0,0.0,0.0634920634920635,0.0,0.0,-0.09623498365862047,-0.2799077397254472,-0.1836727560668267
superfine,2022-02-01T11:33:58Z,0,0,0,0,0,0,0,0,0,0,0,0,0,0,0,0,0,0.0,0.0,0.0,0.0,0.0,inf,0.0,0.0,0.0,0.0,-0.35413624229342233,-0.4157675368974441,-0.06163129460402178
phanpy,2019-10-26T12:20:20Z,0,0,0,0,0,0,0,0,0,0,0,0,0,0,0,0,0,0.0,0.0,0.0,0.0,0.0,inf,0.0,0.0,0.0,0.0,-0.35413624229342233,-0.4157675368974441,-0.06163129460402178
vue-mdc,2019-06-18T23:50:30Z,0,0,0,0,0,0,0,0,0,0,0,0,0,0,0,0,0,0.0,0.0,0.0,0.0,0.0,inf,0.0,0.0,0.0,0.0,-0.35413624229342233,-0.4157675368974441,-0.06163129460402178
Pode,2020-04-03T18:58:22Z,0,0,0,0,0,0,0,0,0,0,0,0,0,0,0,0,0,0.0,0.0,0.0,0.0,0.0,inf,0.0,0.0,0.0,0.0,-0.35413624229342233,-0.4157675368974441,-0.06163129460402178
javascript-algorithms,2021-03-10T00:11:10Z,0,0,0,0,0,0,0,0,0,0,0,0,0,0,0,0,0,0.0,0.0,0.0,0.0,0.0,inf,0.0,0.0,0.0,0.0,-0.35413624229342233,-0.4157675368974441,-0.06163129460402178
websocketpp,2020-04-27T15:16:27Z,0,0,0,0,0,0,0,0,0,0,0,0,0,0,0,0,0,0.0,0.0,0.0,0.0,0.0,inf,0.0,0.0,0.0,0.0,-0.35413624229342233,-0.4157675368974441,-0.06163129460402178
krita,2022-01-04T12:51:52Z,0,0,0,0,0,0,0,0,0,0,0,0,0,0,0,0,0,0.0,0.0,0.0,0.0,0.0,inf,0.0,0.0,0.0,0.0,-0.35413624229342233,-0.4157675368974441,-0.06163129460402178
wtfjs,2022-09-05T16:26:04Z,0,0,0,0,0,0,0,0,0,0,0,0,0,0,0,0,0,0.0,0.0,0.0,0.0,0.0,inf,0.0,0.0,0.0,0.0,-0.35413624229342233,-0.4157675368974441,-0.06163129460402178
awesome-javascript,2025-02-19T05:04:57Z,0,0,0,0,0,0,0,0,0,0,0,0,0,0,0,0,0,0.0,0.0,0.0,0.0,0.0,inf,0.0,0.0,0.0,0.0,-0.35413624229342233,-0.4157675368974441,-0.06163129460402178
node-v0.x-archive,2025-01-15T22:24:31Z,0,0,0,0,0,0,0,0,0,0,0,0,0,0,0,0,0,0.0,0.0,0.0,0.0,0.0,inf,0.0,0.0,0.0,0.0,-0.35413624229342233,-0.4157675368974441,-0.06163129460402178
formik,2021-06-15T17:01:12Z,0,0,0,0,0,0,0,0,0,0,0,0,0,0,0,0,0,0.0,0.0,0.0,0.0,0.0,inf,0.0,0.0,0.0,0.0,-0.35413624229342233,-0.4157675368974441,-0.06163129460402178
lossless-cut,2021-04-27T10:11:01Z,0,0,0,0,0,0,0,0,0,0,0,0,0,0,0,0,0,0.0,0.0,0.0,0.0,0.0,inf,0.0,0.0,0.0,0.0,-0.35413624229342233,-0.4157675368974441,-0.06163129460402178
tiptap,2020-09-09T06:15:53Z,0,0,0,0,0,0,0,0,0,0,0,0,0,0,0,0,0,0.0,0.0,0.0,0.0,0.0,inf,0.0,0.0,0.0,0.0,-0.35413624229342233,-0.4157675368974441,-0.06163129460402178
dokku,2021-10-11T15:20:33Z,0,0,0,0,0,0,0,0,0,0,0,0,0,0,0,0,0,0.0,0.0,0.0,0.0,0.0,inf,0.0,0.0,0.0,0.0,-0.35413624229342233,-0.4157675368974441,-0.06163129460402178
webtorrent,2021-07-28T15:43:47Z,0,0,0,0,0,0,0,0,0,0,0,0,0,0,0,0,0,0.0,0.0,0.0,0.0,0.0,inf,0.0,0.0,0.0,0.0,-0.35413624229342233,-0.4157675368974441,-0.06163129460402178
RSSHub,2022-02-21T06:34:22Z,0,0,0,0,0,0,0,0,0,0,0,0,0,0,0,0,0,0.0,0.0,0.0,0.0,0.0,inf,0.0,0.0,0.0,0.0,-0.35413624229342233,-0.4157675368974441,-0.06163129460402178
goth,2021-12-02T22:22:04Z,0,0,0,0,0,0,0,0,0,0,0,0,0,0,0,0,0,0.0,0.0,0.0,0.0,0.0,inf,0.0,0.0,0.0,0.0,-0.35413624229342233,-0.4157675368974441,-0.06163129460402178
Probabilistic-Programming-and-Bayesian-Methods-for-Hackers,2025-10-28T14:09:20Z,0,0,0,0,0,0,0,0,0,0,0,0,0,0,0,0,0,0.0,0.0,0.0,0.0,0.0,inf,0.0,0.0,0.0,0.0,-0.35413624229342233,-0.4157675368974441,-0.06163129460402178
Rectangle,2020-09-02T17:35:32Z,0,0,0,0,0,0,0,0,0,0,0,0,0,0,0,0,0,0.0,0.0,0.0,0.0,0.0,inf,0.0,0.0,0.0,0.0,-0.35413624229342233,-0.4157675368974441,-0.06163129460402178
responsively-app,2024-06-26T01:36:22Z,0,0,0,0,0,0,0,0,0,0,0,0,0,0,0,0,0,0.0,0.0,0.0,0.0,0.0,inf,0.0,0.0,0.0,0.0,-0.35413624229342233,-0.4157675368974441,-0.06163129460402178
electron-react-boilerplate,2021-10-25T15:00:09Z,0,0,0,0,0,0,0,0,0,0,0,0,0,0,0,0,0,0.0,0.0,0.0,0.0,0.0,inf,0.0,0.0,0.0,0.0,-0.35413624229342233,-0.4157675368974441,-0.06163129460402178
sweetalert,2024-03-20T04:33:38Z,0,0,0,0,0,0,0,0,0,0,0,0,0,0,0,0,0,0.0,0.0,0.0,0.0,0.0,inf,0.0,0.0,0.0,0.0,-0.35413624229342233,-0.4157675368974441,-0.06163129460402178
myflow,2021-08-17T03:43:39Z,0,0,0,0,0,0,0,0,0,0,0,0,0,0,0,0,0,0.0,0.0,0.0,0.0,0.0,inf,0.0,0.0,0.0,0.0,-0.35413624229342233,-0.4157675368974441,-0.06163129460402178
bokeh,2022-01-18T13:55:52Z,0,0,0,0,0,0,0,0,0,0,0,0,0,0,0,0,0,0.0,0.0,0.0,0.0,0.0,inf,0.0,0.0,0.0,0.0,-0.35413624229342233,-0.4157675368974441,-0.06163129460402178
fullcalendar,2023-12-17T11:16:35Z,0,0,0,0,0,0,0,0,0,0,0,0,0,0,0,0,0,0.0,0.0,0.0,0.0,0.0,inf,0.0,0.0,0.0,0.0,-0.35413624229342233,-0.4157675368974441,-0.06163129460402178
plyr,2021-09-14T05:42:03Z,0,0,0,0,0,0,0,0,0,0,0,0,0,0,0,0,0,0.0,0.0,0.0,0.0,0.0,inf,0.0,0.0,0.0,0.0,-0.35413624229342233,-0.4157675368974441,-0.06163129460402178
tmux,2024-11-24T09:20:27Z,0,0,0,0,0,0,0,0,0,0,0,0,0,0,0,0,0,0.0,0.0,0.0,0.0,0.0,inf,0.0,0.0,0.0,0.0,-0.35413624229342233,-0.4157675368974441,-0.06163129460402178
curl,2021-02-16T01:53:18Z,0,0,0,0,0,0,0,0,0,0,0,0,0,0,0,0,0,0.0,0.0,0.0,0.0,0.0,inf,0.0,0.0,0.0,0.0,-0.35413624229342233,-0.4157675368974441,-0.06163129460402178
pandoc,2019-11-25T16:32:32Z,0,0,0,0,0,0,0,0,0,0,0,0,0,0,0,0,0,0.0,0.0,0.0,0.0,0.0,inf,0.0,0.0,0.0,0.0,-0.35413624229342233,-0.4157675368974441,-0.06163129460402178
axios,2022-03-30T21:45:05Z,0,0,0,0,0,0,0,0,0,0,0,0,0,0,0,0,0,0.0,0.0,0.0,0.0,0.0,inf,0.0,0.0,0.0,0.0,-0.35413624229342233,-0.4157675368974441,-0.06163129460402178
neovim,2020-09-21T17:55:12Z,0,0,0,0,0,0,0,0,0,0,0,0,0,0,0,0,0,0.0,0.0,0.0,0.0,0.0,inf,0.0,0.0,0.0,0.0,-0.35413624229342233,-0.4157675368974441,-0.06163129460402178
supabase,2020-12-04T17:50:46Z,0,0,0,0,0,0,0,0,0,0,0,0,0,0,0,0,0,0.0,0.0,0.0,0.0,0.0,inf,0.0,0.0,0.0,0.0,-0.35413624229342233,-0.4157675368974441,-0.06163129460402178
opencv,2023-10-30T13:12:52Z,0,0,0,0,0,0,0,0,0,0,0,0,0,0,0,0,0,0.0,0.0,0.0,0.0,0.0,inf,0.0,0.0,0.0,0.0,-0.35413624229342233,-0.4157675368974441,-0.06163129460402178
json-server,2020-06-03T18:37:31Z,1,2,0,0,1,2,0,0,1,0,1,3,0,2,0,0,0,0.75,0.75,0.8864052604279183,1.1649647450214349,0.0,0.0,0.1082251082251082,0.09022556390977449,0.0,0.0,-0.09623498365862047,-0.2799077397254472,-0.1836727560668267
awesome-nodejs,2019-05-23T14:30:31Z,0,0,0,0,0,0,0,0,0,0,0,0,0,0,0,0,0,0.0,0.0,0.0,0.0,0.0,inf,0.0,0.0,0.0,0.0,-0.35413624229342233,-0.4157675368974441,-0.06163129460402178
zustand,2022-01-20T22:49:35Z,0,0,0,0,0,0,0,0,0,0,0,0,0,0,0,0,0,0.0,0.0,0.0,0.0,0.0,inf,0.0,0.0,0.0,0.0,-0.35413624229342233,-0.4157675368974441,-0.06163129460402178
joplin,2020-05-16T08:28:55Z,0,0,0,0,0,0,0,0,0,0,0,0,0,0,0,0,0,0.0,0.0,0.0,0.0,0.0,inf,0.0,0.0,0.0,0.0,-0.35413624229342233,-0.4157675368974441,-0.06163129460402178
bulma,2019-11-10T13:33:29Z,0,0,0,0,0,0,0,0,0,0,0,0,0,0,0,0,0,0.0,0.0,0.0,0.0,0.0,inf,0.0,0.0,0.0,0.0,-0.35413624229342233,-0.4157675368974441,-0.06163129460402178
julia,2020-02-02T20:42:22Z,0,0,0,0,0,0,0,0,0,0,0,0,0,0,0,0,0,0.0,0.0,0.0,0.0,0.0,inf,0.0,0.0,0.0,0.0,-0.35413624229342233,-0.4157675368974441,-0.06163129460402178
json,2019-12-14T04:08:42Z,0,0,0,0,0,0,0,0,0,0,0,0,0,0,0,0,0,0.0,0.0,0.0,0.0,0.0,inf,0.0,0.0,0.0,0.0,-0.35413624229342233,-0.4157675368974441,-0.06163129460402178
pixijs,2023-07-16T21:52:40Z,0,0,0,0,0,0,0,0,0,0,0,0,0,0,0,0,0,0.0,0.0,0.0,0.0,0.0,inf,0.0,0.0,0.0,0.0,-0.35413624229342233,-0.4157675368974441,-0.06163129460402178
awesome-react-components,2023-03-08T01:13:49Z,0,0,0,0,0,0,0,0,0,0,0,0,0,0,0,0,0,0.0,0.0,0.0,0.0,0.0,inf,0.0,0.0,0.0,0.0,-0.35413624229342233,-0.4157675368974441,-0.06163129460402178
30-Days-Of-JavaScript,2025-09-25T18:58:43Z,0,1,0,0,0,0,0,0,1,1,0,0,0,0,0,0,0,0.125,0.125,0.3535533905932738,0.3535533905932738,0.0,0.0,0.1700680272108843,0.3333333333333334,0.0,0.0,-0.311152699187622,-0.39312423736877794,-0.08197153818115593
babel,2021-02-25T14:58:45Z,0,0,0,0,0,0,0,0,0,0,0,0,0,0,0,0,0,0.0,0.0,0.0,0.0,0.0,inf,0.0,0.0,0.0,0.0,-0.35413624229342233,-0.4157675368974441,-0.06163129460402178
Rocket.Chat,2020-04-13T22:39:21Z,0,0,0,0,0,0,0,0,0,0,0,0,0,0,0,0,0,0.0,0.0,0.0,0.0,0.0,inf,0.0,0.0,0.0,0.0,-0.35413624229342233,-0.4157675368974441,-0.06163129460402178
front-end-interview-handbook,2020-07-21T07:56:06Z,0,0,0,0,0,0,0,0,0,0,0,0,0,0,0,0,0,0.0,0.0,0.0,0.0,0.0,inf,0.0,0.0,0.0,0.0,-0.35413624229342233,-0.4157675368974441,-0.06163129460402178
pyenv,2022-05-06T09:08:11Z,0,0,0,0,0,0,0,0,0,0,0,0,0,0,0,0,0,0.0,0.0,0.0,0.0,0.0,inf,0.0,0.0,0.0,0.0,-0.35413624229342233,-0.4157675368974441,-0.06163129460402178
zig,2020-07-03T02:32:16Z,0,0,0,0,0,0,0,0,0,0,0,0,0,0,0,0,0,0.0,0.0,0.0,0.0,0.0,inf,0.0,0.0,0.0,0.0,-0.35413624229342233,-0.4157675368974441,-0.06163129460402178
react-native-vector-icons,2019-12-15T17:49:46Z,0,0,0,0,0,0,0,0,0,0,0,0,0,0,0,0,0,0.0,0.0,0.0,0.0,0.0,inf,0.0,0.0,0.0,0.0,-0.35413624229342233,-0.4157675368974441,-0.06163129460402178
type-fest,2019-05-23T14:30:31Z,0,0,0,0,0,0,0,0,0,0,0,0,0,0,0,0,0,0.0,0.0,0.0,0.0,0.0,inf,0.0,0.0,0.0,0.0,-0.35413624229342233,-0.4157675368974441,-0.06163129460402178
nuclear,2019-10-29T19:48:59Z,0,0,0,0,0,0,0,0,0,0,0,0,0,0,0,0,0,0.0,0.0,0.0,0.0,0.0,inf,0.0,0.0,0.0,0.0,-0.35413624229342233,-0.4157675368974441,-0.06163129460402178
ky,2019-05-23T14:30:31Z,0,0,0,0,0,0,0,0,0,0,0,0,0,0,0,0,0,0.0,0.0,0.0,0.0,0.0,inf,0.0,0.0,0.0,0.0,-0.35413624229342233,-0.4157675368974441,-0.06163129460402178
vaul,2024-01-22T16:36:34Z,0,0,0,0,0,0,0,0,0,0,0,0,0,0,0,0,0,0.0,0.0,0.0,0.0,0.0,inf,0.0,0.0,0.0,0.0,-0.35413624229342233,-0.4157675368974441,-0.06163129460402178
react-error-boundary,2023-04-02T03:59:52Z,0,0,0,0,0,0,0,0,0,0,0,0,0,0,0,0,0,0.0,0.0,0.0,0.0,0.0,inf,0.0,0.0,0.0,0.0,-0.35413624229342233,-0.4157675368974441,-0.06163129460402178
tweakcn,2025-05-31T02:16:33Z,0,0,0,0,0,0,0,0,0,0,0,0,0,0,0,0,0,0.0,0.0,0.0,0.0,0.0,inf,0.0,0.0,0.0,0.0,-0.35413624229342233,-0.4157675368974441,-0.06163129460402178
shadcn-svelte,2023-10-26T07:27:23Z,0,0,0,0,0,0,0,0,0,0,0,0,0,0,0,0,0,0.0,0.0,0.0,0.0,0.0,inf,0.0,0.0,0.0,0.0,-0.35413624229342233,-0.4157675368974441,-0.06163129460402178
omni-tools,2025-06-04T15:54:18Z,0,0,0,0,0,0,0,0,0,0,0,0,0,0,0,0,0,0.0,0.0,0.0,0.0,0.0,inf,0.0,0.0,0.0,0.0,-0.35413624229342233,-0.4157675368974441,-0.06163129460402178
jose,2020-09-23T16:27:09Z,0,0,0,0,0,0,0,0,0,0,0,0,0,0,0,0,0,0.0,0.0,0.0,0.0,0.0,inf,0.0,0.0,0.0,0.0,-0.35413624229342233,-0.4157675368974441,-0.06163129460402178
sapper,2025-03-20T19:22:59Z,0,0,0,0,0,0,0,0,0,0,0,0,0,0,0,0,0,0.0,0.0,0.0,0.0,0.0,inf,0.0,0.0,0.0,0.0,-0.35413624229342233,-0.4157675368974441,-0.06163129460402178
arktype,2023-03-08T05:39:40Z,0,0,0,0,0,0,0,0,0,0,0,0,0,0,0,0,0,0.0,0.0,0.0,0.0,0.0,inf,0.0,0.0,0.0,0.0,-0.35413624229342233,-0.4157675368974441,-0.06163129460402178
neverthrow,2023-11-08T16:47:14Z,0,0,0,0,0,0,0,0,0,0,0,0,0,0,0,0,0,0.0,0.0,0.0,0.0,0.0,inf,0.0,0.0,0.0,0.0,-0.35413624229342233,-0.4157675368974441,-0.06163129460402178
github-profile-trophy,2022-01-05T12:52:01Z,0,0,0,0,0,0,0,0,0,0,0,0,0,0,0,0,0,0.0,0.0,0.0,0.0,0.0,inf,0.0,0.0,0.0,0.0,-0.35413624229342233,-0.4157675368974441,-0.06163129460402178
typesense,2022-06-12T04:58:21Z,0,0,0,0,0,0,0,0,0,0,0,0,0,0,0,0,0,0.0,0.0,0.0,0.0,0.0,inf,0.0,0.0,0.0,0.0,-0.35413624229342233,-0.4157675368974441,-0.06163129460402178
modern-cpp-tutorial,2021-02-25T23:01:39Z,0,0,0,0,0,0,0,0,0,0,0,0,0,0,0,0,0,0.0,0.0,0.0,0.0,0.0,inf,0.0,0.0,0.0,0.0,-0.35413624229342233,-0.4157675368974441,-0.06163129460402178
cutter,2022-11-01T05:06:32Z,0,0,0,0,0,0,0,0,0,0,0,0,0,0,0,0,0,0.0,0.0,0.0,0.0,0.0,inf,0.0,0.0,0.0,0.0,-0.35413624229342233,-0.4157675368974441,-0.06163129460402178
carla,2022-03-14T17:06:52Z,0,0,0,0,0,0,0,0,0,0,0,0,0,0,0,0,0,0.0,0.0,0.0,0.0,0.0,inf,0.0,0.0,0.0,0.0,-0.35413624229342233,-0.4157675368974441,-0.06163129460402178
organicmaps,2021-08-13T18:14:49Z,0,0,0,0,0,0,0,0,0,0,0,0,0,0,0,0,0,0.0,0.0,0.0,0.0,0.0,inf,0.0,0.0,0.0,0.0,-0.35413624229342233,-0.4157675368974441,-0.06163129460402178
OrcaSlicer,2024-07-11T06:47:30Z,0,0,0,0,0,0,0,0,0,0,0,0,0,0,0,0,0,0.0,0.0,0.0,0.0,0.0,inf,0.0,0.0,0.0,0.0,-0.35413624229342233,-0.4157675368974441,-0.06163129460402178
opencv_contrib,2023-10-30T13:12:52Z,0,0,0,0,0,0,0,0,0,0,0,0,0,0,0,0,0,0.0,0.0,0.0,0.0,0.0,inf,0.0,0.0,0.0,0.0,-0.35413624229342233,-0.4157675368974441,-0.06163129460402178
cp-algorithms,2025-09-28T00:18:41Z,0,0,0,0,0,0,0,0,0,0,0,0,0,0,0,0,0,0.0,0.0,0.0,0.0,0.0,inf,0.0,0.0,0.0,0.0,-0.35413624229342233,-0.4157675368974441,-0.06163129460402178
FTXUI,2023-06-14T15:04:28Z,0,0,0,0,0,0,0,0,0,0,0,0,0,0,0,0,0,0.0,0.0,0.0,0.0,0.0,inf,0.0,0.0,0.0,0.0,-0.35413624229342233,-0.4157675368974441,-0.06163129460402178
valibot,2023-08-21T13:41:26Z,0,0,0,0,0,0,0,0,0,0,0,0,0,0,0,0,0,0.0,0.0,0.0,0.0,0.0,inf,0.0,0.0,0.0,0.0,-0.35413624229342233,-0.4157675368974441,-0.06163129460402178
easyeffects,2022-10-08T08:09:31Z,0,0,0,0,0,0,0,0,0,0,0,0,0,0,0,0,0,0.0,0.0,0.0,0.0,0.0,inf,0.0,0.0,0.0,0.0,-0.35413624229342233,-0.4157675368974441,-0.06163129460402178
pdf-lib,2021-12-16T15:19:36Z,0,0,0,0,0,0,0,0,0,0,0,0,0,0,0,0,0,0.0,0.0,0.0,0.0,0.0,inf,0.0,0.0,0.0,0.0,-0.35413624229342233,-0.4157675368974441,-0.06163129460402178
vscode-debug-visualizer,2020-06-25T14:08:39Z,0,0,0,0,0,0,0,0,0,0,0,0,0,0,0,0,0,0.0,0.0,0.0,0.0,0.0,inf,0.0,0.0,0.0,0.0,-0.35413624229342233,-0.4157675368974441,-0.06163129460402178
react-content-loader,2021-05-15T15:31:30Z,0,0,0,0,0,0,0,0,0,0,0,0,0,0,0,0,0,0.0,0.0,0.0,0.0,0.0,inf,0.0,0.0,0.0,0.0,-0.35413624229342233,-0.4157675368974441,-0.06163129460402178
chromeless,2023-09-19T21:28:05Z,0,0,0,0,0,0,0,0,0,0,0,0,0,0,0,0,0,0.0,0.0,0.0,0.0,0.0,inf,0.0,0.0,0.0,0.0,-0.35413624229342233,-0.4157675368974441,-0.06163129460402178
linaria,2022-06-15T19:54:47Z,0,0,0,0,0,0,0,0,0,0,0,0,0,0,0,0,0,0.0,0.0,0.0,0.0,0.0,inf,0.0,0.0,0.0,0.0,-0.35413624229342233,-0.4157675368974441,-0.06163129460402178
ant-design-mobile,2025-03-19T10:04:19Z,9,7,0,4,2,3,2,1,8,3,2,3,8,4,3,5,0,3.5,3.5,3.070597894314954,2.3299294900428698,0.0,0.0,0.4938672438672439,0.01566416040100251,0.0,0.0,0.8494029646689863,0.2182448499052081,-0.6311581147637783
Vencord,2022-11-19T04:02:12Z,0,0,0,0,0,0,0,0,0,0,0,0,0,0,0,0,0,0.0,0.0,0.0,0.0,0.0,inf,0.0,0.0,0.0,0.0,-0.35413624229342233,-0.4157675368974441,-0.06163129460402178
patch-package,2022-02-02T21:12:03Z,0,0,0,0,0,0,0,0,0,0,0,0,0,0,0,0,0,0.0,0.0,0.0,0.0,0.0,inf,0.0,0.0,0.0,0.0,-0.35413624229342233,-0.4157675368974441,-0.06163129460402178
svgr,2021-03-24T10:17:56Z,0,0,0,0,0,0,0,0,0,0,0,0,0,0,0,0,0,0.0,0.0,0.0,0.0,0.0,inf,0.0,0.0,0.0,0.0,-0.35413624229342233,-0.4157675368974441,-0.06163129460402178
changesets,2024-03-21T13:01:36Z,0,0,0,0,0,0,0,0,0,0,0,0,0,0,0,0,0,0.0,0.0,0.0,0.0,0.0,inf,0.0,0.0,0.0,0.0,-0.35413624229342233,-0.4157675368974441,-0.06163129460402178
misskey,2024-05-14T10:45:50Z,0,0,0,0,0,0,0,0,0,0,0,0,0,0,0,0,0,0.0,0.0,0.0,0.0,0.0,inf,0.0,0.0,0.0,0.0,-0.35413624229342233,-0.4157675368974441,-0.06163129460402178
jsonhero-web,2025-04-01T08:59:20Z,1,0,0,0,0,0,0,0,0,0,0,1,0,0,0,0,0,0.125,0.125,0.3535533905932738,0.3535533905932738,0.0,0.0,0.3333333333333334,0.061224489795918366,0.0,0.0,-0.311152699187622,-0.39312423736877794,-0.08197153818115593
tailwind-nextjs-starter-blog,2021-09-19T10:21:52Z,0,0,0,0,0,0,0,0,0,0,0,0,0,0,0,0,0,0.0,0.0,0.0,0.0,0.0,inf,0.0,0.0,0.0,0.0,-0.35413624229342233,-0.4157675368974441,-0.06163129460402178
react-pdf,2020-12-10T20:38:17Z,1,1,1,2,1,2,2,1,2,1,2,2,2,1,1,1,1,1.375,1.375,0.5175491695067657,0.5175491695067657,0.0,0.0,0.1555555555555556,0.2571428571428572,0.0,0.0,0.11868273187038109,-0.16669124208211644,-0.28537397395249753
grist-core,2023-03-05T07:56:09Z,0,0,0,0,0,0,0,0,0,0,0,0,0,0,0,0,0,0.0,0.0,0.0,0.0,0.0,inf,0.0,0.0,0.0,0.0,-0.35413624229342233,-0.4157675368974441,-0.06163129460402178
pageres,2019-05-23T14:30:31Z,0,0,0,0,0,0,0,0,0,0,0,0,0,0,0,0,0,0.0,0.0,0.0,0.0,0.0,inf,0.0,0.0,0.0,0.0,-0.35413624229342233,-0.4157675368974441,-0.06163129460402178
use-gesture,2022-01-20T22:49:35Z,0,0,0,0,0,0,0,0,0,0,0,0,0,0,0,0,0,0.0,0.0,0.0,0.0,0.0,inf,0.0,0.0,0.0,0.0,-0.35413624229342233,-0.4157675368974441,-0.06163129460402178
ConvertX,2021-12-22T19:36:26Z,0,0,0,0,0,0,0,0,0,0,0,0,0,0,0,0,0,0.0,0.0,0.0,0.0,0.0,inf,0.0,0.0,0.0,0.0,-0.35413624229342233,-0.4157675368974441,-0.06163129460402178
berty,2022-09-27T23:06:06Z,0,0,0,0,0,0,0,0,0,0,0,0,0,0,0,0,0,0.0,0.0,0.0,0.0,0.0,inf,0.0,0.0,0.0,0.0,-0.35413624229342233,-0.4157675368974441,-0.06163129460402178
react-native-bottom-sheet,2021-11-18T23:42:08Z,0,0,0,0,0,0,0,0,0,0,0,0,0,0,0,0,0,0.0,0.0,0.0,0.0,0.0,inf,0.0,0.0,0.0,0.0,-0.35413624229342233,-0.4157675368974441,-0.06163129460402178
obsidian-dataview,2021-03-01T23:47:13Z,0,0,0,0,0,0,0,0,0,0,0,0,0,0,0,0,0,0.0,0.0,0.0,0.0,0.0,inf,0.0,0.0,0.0,0.0,-0.35413624229342233,-0.4157675368974441,-0.06163129460402178
intl-tel-input,2021-01-23T04:24:41Z,0,0,0,0,0,0,0,0,0,0,0,0,0,0,0,0,0,0.0,0.0,0.0,0.0,0.0,inf,0.0,0.0,0.0,0.0,-0.35413624229342233,-0.4157675368974441,-0.06163129460402178
beehive,2019-10-05T17:36:00Z,0,0,0,0,0,0,0,0,0,0,0,0,0,0,0,0,0,0.0,0.0,0.0,0.0,0.0,inf,0.0,0.0,0.0,0.0,-0.35413624229342233,-0.4157675368974441,-0.06163129460402178
rkyv,2022-01-16T11:00:49Z,0,0,0,0,0,0,0,0,0,0,0,0,0,0,0,0,0,0.0,0.0,0.0,0.0,0.0,inf,0.0,0.0,0.0,0.0,-0.35413624229342233,-0.4157675368974441,-0.06163129460402178
blitz,2021-03-05T19:08:35Z,0,0,0,0,0,0,0,0,0,0,0,0,0,0,0,0,0,0.0,0.0,0.0,0.0,0.0,inf,0.0,0.0,0.0,0.0,-0.35413624229342233,-0.4157675368974441,-0.06163129460402178
actual,2023-10-17T16:50:28Z,0,0,0,0,0,0,0,0,0,0,0,0,0,0,0,0,0,0.0,0.0,0.0,0.0,0.0,inf,0.0,0.0,0.0,0.0,-0.35413624229342233,-0.4157675368974441,-0.06163129460402178
CodeEdit,2022-03-31T19:57:06Z,0,0,0,0,0,0,0,0,0,0,0,0,0,0,0,0,0,0.0,0.0,0.0,0.0,0.0,inf,0.0,0.0,0.0,0.0,-0.35413624229342233,-0.4157675368974441,-0.06163129460402178
zulip,2021-02-25T03:22:30Z,0,0,0,0,0,0,0,0,0,0,0,0,0,0,0,0,0,0.0,0.0,0.0,0.0,0.0,inf,0.0,0.0,0.0,0.0,-0.35413624229342233,-0.4157675368974441,-0.06163129460402178
glances,2020-12-13T20:40:12Z,0,0,0,0,0,0,0,0,0,0,0,0,0,0,0,0,0,0.0,0.0,0.0,0.0,0.0,inf,0.0,0.0,0.0,0.0,-0.35413624229342233,-0.4157675368974441,-0.06163129460402178
roop,2022-09-11T09:08:05Z,0,0,0,0,0,0,0,0,0,0,0,0,0,0,0,0,0,0.0,0.0,0.0,0.0,0.0,inf,0.0,0.0,0.0,0.0,-0.35413624229342233,-0.4157675368974441,-0.06163129460402178
LSPosed,2024-07-24T16:30:28Z,0,0,0,0,0,0,0,0,0,0,0,0,0,0,0,0,0,0.0,0.0,0.0,0.0,0.0,inf,0.0,0.0,0.0,0.0,-0.35413624229342233,-0.4157675368974441,-0.06163129460402178
sqlalchemy,2021-01-27T11:06:36Z,0,0,0,0,0,0,0,0,0,0,0,0,0,0,0,0,0,0.0,0.0,0.0,0.0,0.0,inf,0.0,0.0,0.0,0.0,-0.35413624229342233,-0.4157675368974441,-0.06163129460402178
YoutubeExplode,2022-07-03T05:39:08Z,2,4,2,2,1,1,1,1,1,2,3,2,2,2,1,1,1,1.75,1.75,1.0350983390135313,0.7071067811865476,0.0,0.0,0.5365079365079365,0.6802721088435372,0.0,0.0,0.247633361187782,-0.098761343496118,-0.3463947046839
MusicBot,2024-08-15T06:31:43Z,0,0,0,0,0,0,0,0,0,0,0,0,0,0,0,0,0,0.0,0.0,0.0,0.0,0.0,inf,0.0,0.0,0.0,0.0,-0.35413624229342233,-0.4157675368974441,-0.06163129460402178
biome,2023-09-29T05:09:05Z,0,0,0,0,0,0,0,0,0,0,0,0,0,0,0,0,0,0.0,0.0,0.0,0.0,0.0,inf,0.0,0.0,0.0,0.0,-0.35413624229342233,-0.4157675368974441,-0.06163129460402178
EffectiveAndroidUI,2022-09-13T23:08:18Z,0,0,0,0,0,0,0,0,0,0,0,0,0,0,0,0,0,0.0,0.0,0.0,0.0,0.0,inf,0.0,0.0,0.0,0.0,-0.35413624229342233,-0.4157675368974441,-0.06163129460402178
ion,2021-09-18T02:21:08Z,0,0,0,0,0,0,0,0,0,0,0,0,0,0,0,0,0,0.0,0.0,0.0,0.0,0.0,inf,0.0,0.0,0.0,0.0,-0.35413624229342233,-0.4157675368974441,-0.06163129460402178
richeditor-android,2022-03-14T09:12:40Z,0,0,0,0,0,0,0,0,0,0,0,0,0,0,0,0,0,0.0,0.0,0.0,0.0,0.0,inf,0.0,0.0,0.0,0.0,-0.35413624229342233,-0.4157675368974441,-0.06163129460402178
UIEffect,2021-10-31T15:55:51Z,0,0,0,0,0,0,0,0,0,0,0,0,0,0,0,0,0,0.0,0.0,0.0,0.0,0.0,inf,0.0,0.0,0.0,0.0,-0.35413624229342233,-0.4157675368974441,-0.06163129460402178
language-ext,2022-12-06T19:11:30Z,0,0,0,0,0,0,0,0,0,0,0,0,0,0,0,0,0,0.0,0.0,0.0,0.0,0.0,inf,0.0,0.0,0.0,0.0,-0.35413624229342233,-0.4157675368974441,-0.06163129460402178
NSwag,2020-03-21T23:49:26Z,0,0,0,0,0,0,0,0,0,0,0,0,0,0,0,0,0,0.0,0.0,0.0,0.0,0.0,inf,0.0,0.0,0.0,0.0,-0.35413624229342233,-0.4157675368974441,-0.06163129460402178
ImageSharp,2020-10-17T08:14:46Z,0,0,0,0,0,0,0,0,0,0,0,0,0,0,0,0,0,0.0,0.0,0.0,0.0,0.0,inf,0.0,0.0,0.0,0.0,-0.35413624229342233,-0.4157675368974441,-0.06163129460402178
haven,2025-06-10T09:14:14Z,0,0,0,0,0,0,0,0,0,0,0,0,0,0,0,0,0,0.0,0.0,0.0,0.0,0.0,inf,0.0,0.0,0.0,0.0,-0.35413624229342233,-0.4157675368974441,-0.06163129460402178
Windows-Auto-Night-Mode,2025-10-14T05:18:39Z,0,0,0,0,0,0,0,0,0,0,0,0,0,0,0,0,0,0.0,0.0,0.0,0.0,0.0,inf,0.0,0.0,0.0,0.0,-0.35413624229342233,-0.4157675368974441,-0.06163129460402178
mapstruct,2024-09-27T06:57:39Z,0,0,0,0,0,0,0,0,0,0,0,0,0,0,0,0,0,0.0,0.0,0.0,0.0,0.0,inf,0.0,0.0,0.0,0.0,-0.35413624229342233,-0.4157675368974441,-0.06163129460402178
AndroidAsync,2021-09-18T02:21:08Z,0,0,0,0,0,0,0,0,0,0,0,0,0,0,0,0,0,0.0,0.0,0.0,0.0,0.0,inf,0.0,0.0,0.0,0.0,-0.35413624229342233,-0.4157675368974441,-0.06163129460402178
scientific-visualization-book,2021-11-21T20:00:52Z,0,0,0,0,0,0,0,0,0,0,0,0,0,0,0,0,0,0.0,0.0,0.0,0.0,0.0,inf,0.0,0.0,0.0,0.0,-0.35413624229342233,-0.4157675368974441,-0.06163129460402178
whoogle-search,2021-04-07T14:48:18Z,0,0,0,0,0,0,0,0,0,0,0,0,0,0,0,0,0,0.0,0.0,0.0,0.0,0.0,inf,0.0,0.0,0.0,0.0,-0.35413624229342233,-0.4157675368974441,-0.06163129460402178
calibre,2021-09-05T19:14:00Z,0,0,0,0,0,0,0,0,0,0,0,0,0,0,0,0,0,0.0,0.0,0.0,0.0,0.0,inf,0.0,0.0,0.0,0.0,-0.35413624229342233,-0.4157675368974441,-0.06163129460402178
sympy,2023-04-09T00:40:10Z,0,0,0,0,0,0,0,0,0,0,0,0,0,0,0,0,0,0.0,0.0,0.0,0.0,0.0,inf,0.0,0.0,0.0,0.0,-0.35413624229342233,-0.4157675368974441,-0.06163129460402178
serena,2025-10-14T01:43:11Z,0,0,0,0,0,0,0,0,12,0,0,0,0,0,0,0,0,0.0,0.0,0.0,0.0,0.0,inf,0.0,0.0,0.0,0.0,-0.35413624229342233,-0.4157675368974441,-0.06163129460402178
lazygit,2019-11-15T15:23:54Z,0,0,0,0,0,0,0,0,0,0,0,0,0,0,0,0,0,0.0,0.0,0.0,0.0,0.0,inf,0.0,0.0,0.0,0.0,-0.35413624229342233,-0.4157675368974441,-0.06163129460402178
Obtainium,2023-12-22T08:13:59Z,0,0,0,0,0,0,0,0,0,0,0,0,0,0,0,0,0,0.0,0.0,0.0,0.0,0.0,inf,0.0,0.0,0.0,0.0,-0.35413624229342233,-0.4157675368974441,-0.06163129460402178
colima,2023-12-22T20:39:08Z,0,0,0,0,0,0,0,0,0,0,0,0,0,0,0,0,0,0.0,0.0,0.0,0.0,0.0,inf,0.0,0.0,0.0,0.0,-0.35413624229342233,-0.4157675368974441,-0.06163129460402178
syncthing,2020-12-13T20:38:37Z,0,0,0,0,0,0,0,0,0,0,0,0,0,0,0,0,0,0.0,0.0,0.0,0.0,0.0,inf,0.0,0.0,0.0,0.0,-0.35413624229342233,-0.4157675368974441,-0.06163129460402178
opencvsharp,2022-06-07T02:09:20Z,0,0,0,0,0,0,0,0,0,0,0,0,0,0,0,0,0,0.0,0.0,0.0,0.0,0.0,inf,0.0,0.0,0.0,0.0,-0.35413624229342233,-0.4157675368974441,-0.06163129460402178
axum,2021-02-01T06:45:20Z,0,0,0,0,0,0,0,0,0,0,0,0,0,0,0,0,0,0.0,0.0,0.0,0.0,0.0,inf,0.0,0.0,0.0,0.0,-0.35413624229342233,-0.4157675368974441,-0.06163129460402178
mkdocs,2024-08-19T19:50:58Z,0,0,0,0,0,0,0,0,0,0,0,0,0,0,0,0,0,0.0,0.0,0.0,0.0,0.0,inf,0.0,0.0,0.0,0.0,-0.35413624229342233,-0.4157675368974441,-0.06163129460402178
jinja,2022-08-07T14:39:44Z,0,0,0,0,0,0,0,0,0,0,0,0,0,0,0,0,0,0.0,0.0,0.0,0.0,0.0,inf,0.0,0.0,0.0,0.0,-0.35413624229342233,-0.4157675368974441,-0.06163129460402178
akhq,2020-11-04T15:23:55Z,0,0,0,0,0,0,0,0,0,0,0,0,0,0,0,0,0,0.0,0.0,0.0,0.0,0.0,inf,0.0,0.0,0.0,0.0,-0.35413624229342233,-0.4157675368974441,-0.06163129460402178
MarkovJunior,2019-07-30T01:14:42Z,0,0,0,0,0,0,0,0,0,0,0,0,0,0,0,0,0,0.0,0.0,0.0,0.0,0.0,inf,0.0,0.0,0.0,0.0,-0.35413624229342233,-0.4157675368974441,-0.06163129460402178
sndcpy,2024-06-11T09:49:49Z,0,0,0,0,0,0,0,0,0,0,0,0,0,0,0,0,0,0.0,0.0,0.0,0.0,0.0,inf,0.0,0.0,0.0,0.0,-0.35413624229342233,-0.4157675368974441,-0.06163129460402178
signal-cli,2022-08-23T05:29:19Z,0,0,0,0,0,0,0,0,0,0,0,0,0,0,0,0,0,0.0,0.0,0.0,0.0,0.0,inf,0.0,0.0,0.0,0.0,-0.35413624229342233,-0.4157675368974441,-0.06163129460402178
infisical,2025-10-20T08:33:55Z,0,0,0,0,0,0,0,0,0,0,0,0,0,0,0,0,0,0.0,0.0,0.0,0.0,0.0,inf,0.0,0.0,0.0,0.0,-0.35413624229342233,-0.4157675368974441,-0.06163129460402178
agenticSeek,2025-05-26T09:44:58Z,0,0,0,0,0,0,0,0,0,0,0,0,0,0,0,0,0,0.0,0.0,0.0,0.0,0.0,inf,0.0,0.0,0.0,0.0,-0.35413624229342233,-0.4157675368974441,-0.06163129460402178
chinese-independent-blogs,2022-05-14T08:05:16Z,0,0,0,0,0,0,0,0,0,0,0,0,0,0,0,0,0,0.0,0.0,0.0,0.0,0.0,inf,0.0,0.0,0.0,0.0,-0.35413624229342233,-0.4157675368974441,-0.06163129460402178
sqlmap,2022-07-14T09:24:54Z,1,1,2,3,3,1,2,3,2,1,2,4,1,2,1,3,2,2.0,2.0,0.9258200997725514,1.0690449676496976,0.0,0.0,0.253968253968254,0.011904761904761906,0.0,0.0,0.33360044739938266,-0.0534747444387857,-0.38707519183816835
tqdm,2021-08-01T18:50:34Z,0,0,0,0,0,0,0,0,0,0,0,0,0,0,0,0,0,0.0,0.0,0.0,0.0,0.0,inf,0.0,0.0,0.0,0.0,-0.35413624229342233,-0.4157675368974441,-0.06163129460402178
moq,2020-12-22T05:29:42Z,0,0,0,0,0,0,0,0,0,0,0,0,0,0,0,0,0,0.0,0.0,0.0,0.0,0.0,inf,0.0,0.0,0.0,0.0,-0.35413624229342233,-0.4157675368974441,-0.06163129460402178
jabref,2022-01-28T17:00:21Z,0,0,0,0,0,0,0,0,0,0,0,0,0,0,0,0,0,0.0,0.0,0.0,0.0,0.0,inf,0.0,0.0,0.0,0.0,-0.35413624229342233,-0.4157675368974441,-0.06163129460402178
AndroidWiFiADB,2022-09-13T23:08:18Z,0,0,0,0,0,0,0,0,0,0,0,0,0,0,0,0,0,0.0,0.0,0.0,0.0,0.0,inf,0.0,0.0,0.0,0.0,-0.35413624229342233,-0.4157675368974441,-0.06163129460402178
epic,2025-03-01T10:14:09Z,0,0,0,0,0,0,0,0,0,0,0,0,0,0,0,0,0,0.0,0.0,0.0,0.0,0.0,inf,0.0,0.0,0.0,0.0,-0.35413624229342233,-0.4157675368974441,-0.06163129460402178
springdoc-openapi,2022-09-20T08:04:43Z,0,0,0,0,0,0,0,0,0,0,0,0,0,0,0,0,0,0.0,0.0,0.0,0.0,0.0,inf,0.0,0.0,0.0,0.0,-0.35413624229342233,-0.4157675368974441,-0.06163129460402178
czkawka,2021-01-14T20:42:18Z,0,0,0,0,0,0,0,0,0,0,0,0,0,0,0,0,0,0.0,0.0,0.0,0.0,0.0,inf,0.0,0.0,0.0,0.0,-0.35413624229342233,-0.4157675368974441,-0.06163129460402178
Magick.NET,2019-05-23T17:27:56Z,0,0,0,0,0,0,0,0,0,0,0,0,0,0,0,0,0,0.0,0.0,0.0,0.0,0.0,inf,0.0,0.0,0.0,0.0,-0.35413624229342233,-0.4157675368974441,-0.06163129460402178
cua,2025-09-29T08:30:10Z,0,0,0,0,0,0,0,0,0,0,0,0,0,0,0,0,0,0.0,0.0,0.0,0.0,0.0,inf,0.0,0.0,0.0,0.0,-0.35413624229342233,-0.4157675368974441,-0.06163129460402178
kokoro-web,2023-03-14T06:48:51Z,0,0,0,0,0,0,0,0,0,0,0,0,0,0,0,0,0,0.0,0.0,0.0,0.0,0.0,inf,0.0,0.0,0.0,0.0,-0.35413624229342233,-0.4157675368974441,-0.06163129460402178
Avalonia,2022-11-17T19:11:43Z,0,0,0,0,0,0,0,0,0,0,0,0,0,0,0,0,0,0.0,0.0,0.0,0.0,0.0,inf,0.0,0.0,0.0,0.0,-0.35413624229342233,-0.4157675368974441,-0.06163129460402178
p2p,2024-04-15T18:09:24Z,0,0,0,0,0,0,0,1,0,0,1,0,0,0,0,0,0,0.125,0.125,0.3535533905932738,0.3535533905932738,0.0,0.0,0.3333333333333334,0.1700680272108843,0.0,0.0,-0.311152699187622,-0.39312423736877794,-0.08197153818115593
ai-no-jimaku-gumi,2023-08-10T11:01:36Z,0,0,0,0,0,0,0,0,0,0,0,0,0,0,0,0,0,0.0,0.0,0.0,0.0,0.0,inf,0.0,0.0,0.0,0.0,-0.35413624229342233,-0.4157675368974441,-0.06163129460402178
scikit-learn-ts,2021-02-18T03:39:45Z,0,0,0,0,0,0,0,0,0,0,0,0,0,0,0,0,0,0.0,0.0,0.0,0.0,0.0,inf,0.0,0.0,0.0,0.0,-0.35413624229342233,-0.4157675368974441,-0.06163129460402178
duf,2019-10-05T17:36:00Z,0,0,0,0,0,0,0,0,0,0,0,0,0,0,0,0,0,0.0,0.0,0.0,0.0,0.0,inf,0.0,0.0,0.0,0.0,-0.35413624229342233,-0.4157675368974441,-0.06163129460402178
transformers-js,2020-06-21T04:45:49Z,0,0,0,0,0,0,0,0,0,0,0,0,0,0,0,0,0,0.0,0.0,0.0,0.0,0.0,inf,0.0,0.0,0.0,0.0,-0.35413624229342233,-0.4157675368974441,-0.06163129460402178
netsaur,2020-08-29T21:39:44Z,0,0,0,0,0,0,0,0,0,0,0,0,0,0,0,0,0,0.0,0.0,0.0,0.0,0.0,inf,0.0,0.0,0.0,0.0,-0.35413624229342233,-0.4157675368974441,-0.06163129460402178
gguf-tools,2021-02-09T14:05:38Z,0,0,0,0,0,0,0,0,0,0,0,0,0,0,0,0,0,0.0,0.0,0.0,0.0,0.0,inf,0.0,0.0,0.0,0.0,-0.35413624229342233,-0.4157675368974441,-0.06163129460402178
fontogen,2025-04-26T17:59:53Z,0,0,0,0,0,0,0,0,0,0,0,0,0,0,0,0,0,0.0,0.0,0.0,0.0,0.0,inf,0.0,0.0,0.0,0.0,-0.35413624229342233,-0.4157675368974441,-0.06163129460402178
bpytop,2021-05-09T00:05:06Z,0,0,0,0,0,0,0,0,0,0,0,0,0,0,0,0,0,0.0,0.0,0.0,0.0,0.0,inf,0.0,0.0,0.0,0.0,-0.35413624229342233,-0.4157675368974441,-0.06163129460402178
ScreenToGif,2022-06-04T16:44:16Z,0,0,0,0,0,0,0,0,0,0,0,0,0,0,0,0,0,0.0,0.0,0.0,0.0,0.0,inf,0.0,0.0,0.0,0.0,-0.35413624229342233,-0.4157675368974441,-0.06163129460402178
pretty-ts-errors,2025-10-20T08:35:12Z,0,0,0,0,0,0,0,0,2,0,0,0,0,0,0,0,0,0.0,0.0,0.0,0.0,0.0,inf,0.0,0.0,0.0,0.0,-0.35413624229342233,-0.4157675368974441,-0.06163129460402178
WaveFunctionCollapse,2019-07-30T01:14:42Z,0,0,0,0,0,0,0,0,0,0,0,0,0,0,0,0,0,0.0,0.0,0.0,0.0,0.0,inf,0.0,0.0,0.0,0.0,-0.35413624229342233,-0.4157675368974441,-0.06163129460402178
react-native-fast-tflite,2021-03-23T06:59:08Z,0,0,0,0,0,0,0,0,0,0,0,0,0,0,0,0,0,0.0,0.0,0.0,0.0,0.0,inf,0.0,0.0,0.0,0.0,-0.35413624229342233,-0.4157675368974441,-0.06163129460402178
free-for-life,2024-06-21T08:18:17Z,0,0,0,0,0,0,0,0,0,0,0,0,0,0,0,0,0,0.0,0.0,0.0,0.0,0.0,inf,0.0,0.0,0.0,0.0,-0.35413624229342233,-0.4157675368974441,-0.06163129460402178
plasmo,2023-04-23T00:25:07Z,0,0,0,0,0,0,0,0,0,0,0,0,0,0,0,0,0,0.0,0.0,0.0,0.0,0.0,inf,0.0,0.0,0.0,0.0,-0.35413624229342233,-0.4157675368974441,-0.06163129460402178
auto-animate,2022-03-16T17:55:56Z,0,0,0,0,0,0,0,0,0,0,0,0,0,0,0,0,0,0.0,0.0,0.0,0.0,0.0,inf,0.0,0.0,0.0,0.0,-0.35413624229342233,-0.4157675368974441,-0.06163129460402178
hugo-PaperMod,2023-06-06T00:53:10Z,0,0,0,0,0,0,0,0,0,0,0,0,0,0,0,0,0,0.0,0.0,0.0,0.0,0.0,inf,0.0,0.0,0.0,0.0,-0.35413624229342233,-0.4157675368974441,-0.06163129460402178
apprise,2020-07-19T21:57:45Z,0,0,0,0,0,0,0,0,0,0,0,0,0,0,0,0,0,0.0,0.0,0.0,0.0,0.0,inf,0.0,0.0,0.0,0.0,-0.35413624229342233,-0.4157675368974441,-0.06163129460402178
nextra,2022-11-29T22:55:31Z,0,0,0,0,0,0,0,0,0,0,0,0,0,0,0,0,0,0.0,0.0,0.0,0.0,0.0,inf,0.0,0.0,0.0,0.0,-0.35413624229342233,-0.4157675368974441,-0.06163129460402178
bens-bites-ai-search,2021-02-18T03:39:45Z,0,0,0,0,0,0,0,0,0,0,0,0,0,0,0,0,0,0.0,0.0,0.0,0.0,0.0,inf,0.0,0.0,0.0,0.0,-0.35413624229342233,-0.4157675368974441,-0.06163129460402178
project-code-py,2025-03-31T16:35:54Z,0,0,0,0,0,0,0,0,0,0,0,0,0,0,0,0,0,0.0,0.0,0.0,0.0,0.0,inf,0.0,0.0,0.0,0.0,-0.35413624229342233,-0.4157675368974441,-0.06163129460402178
homemade-gpt-js,2021-03-10T00:11:10Z,0,0,0,0,0,0,0,0,0,0,0,0,0,0,0,0,0,0.0,0.0,0.0,0.0,0.0,inf,0.0,0.0,0.0,0.0,-0.35413624229342233,-0.4157675368974441,-0.06163129460402178
YOLOv4MLNet,2024-12-14T18:59:01Z,0,0,0,0,0,0,0,0,0,0,0,0,0,0,0,0,0,0.0,0.0,0.0,0.0,0.0,inf,0.0,0.0,0.0,0.0,-0.35413624229342233,-0.4157675368974441,-0.06163129460402178
vit-pytorch,2022-06-07T10:51:47Z,0,0,0,0,0,0,0,0,0,0,0,0,0,0,0,0,0,0.0,0.0,0.0,0.0,0.0,inf,0.0,0.0,0.0,0.0,-0.35413624229342233,-0.4157675368974441,-0.06163129460402178
react-scan,2021-08-18T04:17:37Z,0,0,0,0,0,0,0,0,0,0,0,0,0,0,0,0,0,0.0,0.0,0.0,0.0,0.0,inf,0.0,0.0,0.0,0.0,-0.35413624229342233,-0.4157675368974441,-0.06163129460402178
agentic,2021-02-18T03:39:45Z,0,0,0,0,0,0,0,0,0,0,0,0,0,0,0,0,0,0.0,0.0,0.0,0.0,0.0,inf,0.0,0.0,0.0,0.0,-0.35413624229342233,-0.4157675368974441,-0.06163129460402178
Android-PullToRefresh,2024-10-08T17:19:08Z,0,0,0,0,0,0,0,0,0,0,0,0,0,0,0,0,0,0.0,0.0,0.0,0.0,0.0,inf,0.0,0.0,0.0,0.0,-0.35413624229342233,-0.4157675368974441,-0.06163129460402178
glide-transformations,2022-03-14T09:12:40Z,0,0,0,0,0,0,0,0,0,0,0,0,0,0,0,0,0,0.0,0.0,0.0,0.0,0.0,inf,0.0,0.0,0.0,0.0,-0.35413624229342233,-0.4157675368974441,-0.06163129460402178
screenity,2022-06-29T00:34:53Z,0,0,0,0,0,0,0,0,0,0,0,0,0,0,0,0,0,0.0,0.0,0.0,0.0,0.0,inf,0.0,0.0,0.0,0.0,-0.35413624229342233,-0.4157675368974441,-0.06163129460402178
Flow.Launcher,2022-08-01T11:14:58Z,0,0,0,0,0,0,0,0,0,0,0,0,0,0,0,0,0,0.0,0.0,0.0,0.0,0.0,inf,0.0,0.0,0.0,0.0,-0.35413624229342233,-0.4157675368974441,-0.06163129460402178
GenAI_Agents,2025-01-06T19:46:22Z,0,0,0,0,0,0,0,0,0,0,0,0,0,0,0,0,0,0.0,0.0,0.0,0.0,0.0,inf,0.0,0.0,0.0,0.0,-0.35413624229342233,-0.4157675368974441,-0.06163129460402178
awesome-vite,2023-03-27T14:21:39Z,0,0,0,0,0,0,0,0,0,0,0,0,0,0,0,0,0,0.0,0.0,0.0,0.0,0.0,inf,0.0,0.0,0.0,0.0,-0.35413624229342233,-0.4157675368974441,-0.06163129460402178
vanillawebprojects,2023-09-03T03:29:32Z,0,0,0,0,0,0,1,1,0,0,1,0,0,1,0,0,0,0.25,0.25,0.4629100498862757,0.4629100498862757,0.0,0.0,0.5714285714285715,0.0634920634920635,0.0,0.0,-0.26816915608182174,-0.3704809378401118,-0.10231178175829009
dockge,2021-11-20T09:32:26Z,0,0,0,0,0,0,0,0,0,0,0,0,0,0,0,0,0,0.0,0.0,0.0,0.0,0.0,inf,0.0,0.0,0.0,0.0,-0.35413624229342233,-0.4157675368974441,-0.06163129460402178
dnd-kit,2021-08-24T09:30:14Z,0,0,0,0,0,0,0,0,0,0,0,0,0,0,0,0,0,0.0,0.0,0.0,0.0,0.0,inf,0.0,0.0,0.0,0.0,-0.35413624229342233,-0.4157675368974441,-0.06163129460402178
dns-blocklists,2024-06-16T14:23:42Z,0,0,0,0,0,0,0,0,0,0,0,0,0,0,0,0,0,0.0,0.0,0.0,0.0,0.0,inf,0.0,0.0,0.0,0.0,-0.35413624229342233,-0.4157675368974441,-0.06163129460402178
pangolin,2025-01-31T03:34:40Z,0,0,0,0,0,0,0,0,0,0,0,0,0,0,0,0,0,0.0,0.0,0.0,0.0,0.0,inf,0.0,0.0,0.0,0.0,-0.35413624229342233,-0.4157675368974441,-0.06163129460402178
mkdocs-material,2020-05-18T06:37:31Z,0,0,0,0,0,0,0,0,0,0,0,0,0,0,0,0,0,0.0,0.0,0.0,0.0,0.0,inf,0.0,0.0,0.0,0.0,-0.35413624229342233,-0.4157675368974441,-0.06163129460402178
lombok,2022-01-11T11:10:03Z,0,0,0,0,0,0,0,0,0,0,0,0,0,0,0,0,0,0.0,0.0,0.0,0.0,0.0,inf,0.0,0.0,0.0,0.0,-0.35413624229342233,-0.4157675368974441,-0.06163129460402178
cryptomator,2020-04-19T02:56:50Z,0,0,0,0,0,0,0,0,0,0,0,0,0,0,0,0,0,0.0,0.0,0.0,0.0,0.0,inf,0.0,0.0,0.0,0.0,-0.35413624229342233,-0.4157675368974441,-0.06163129460402178
django-rest-framework,2020-07-01T05:34:06Z,0,0,0,0,0,0,0,0,0,0,0,0,0,0,0,0,0,0.0,0.0,0.0,0.0,0.0,inf,0.0,0.0,0.0,0.0,-0.35413624229342233,-0.4157675368974441,-0.06163129460402178
MonoGame,2024-10-27T03:16:05Z,0,0,0,0,0,0,0,0,0,0,0,0,0,0,0,0,0,0.0,0.0,0.0,0.0,0.0,inf,0.0,0.0,0.0,0.0,-0.35413624229342233,-0.4157675368974441,-0.06163129460402178
apitable,2024-03-07T18:54:42Z,0,0,0,0,0,0,0,0,0,0,0,0,0,0,0,0,0,0.0,0.0,0.0,0.0,0.0,inf,0.0,0.0,0.0,0.0,-0.35413624229342233,-0.4157675368974441,-0.06163129460402178
termux-app,2022-10-19T15:56:15Z,0,0,0,0,0,0,0,0,0,0,0,0,0,0,0,0,0,0.0,0.0,0.0,0.0,0.0,inf,0.0,0.0,0.0,0.0,-0.35413624229342233,-0.4157675368974441,-0.06163129460402178
DALLE2-pytorch,2022-06-07T10:51:47Z,0,0,0,0,0,0,5,13,8,7,2,2,3,2,1,0,1,2.25,2.25,4.6827952580239325,2.1213203435596424,0.0,0.0,0.5217930820536684,0.5925925925925928,0.0,0.0,0.41956753361098326,-0.008188145381453403,-0.42775567899243666
tiny11builder,2024-05-08T23:31:31Z,0,0,0,0,0,0,0,5,5,0,0,0,1,1,3,0,0,0.625,0.625,1.7677669529663689,1.0606601717798212,0.0,0.0,0.3333333333333333,0.061224489795918366,0.0,0.0,-0.13921852676442079,-0.30255103925411336,-0.16333251248969258
ntfy,2022-09-27T22:06:18Z,0,0,0,0,0,0,0,0,0,0,0,0,0,0,0,0,0,0.0,0.0,0.0,0.0,0.0,inf,0.0,0.0,0.0,0.0,-0.35413624229342233,-0.4157675368974441,-0.06163129460402178
nvim-treesitter,2022-07-12T10:22:21Z,0,0,0,0,0,0,0,0,0,0,0,0,0,0,0,0,0,0.0,0.0,0.0,0.0,0.0,inf,0.0,0.0,0.0,0.0,-0.35413624229342233,-0.4157675368974441,-0.06163129460402178
design-resources-for-developers,2023-09-03T03:29:32Z,0,0,0,0,0,0,0,0,0,0,0,0,0,0,0,0,0,0.0,0.0,0.0,0.0,0.0,inf,0.0,0.0,0.0,0.0,-0.35413624229342233,-0.4157675368974441,-0.06163129460402178
learn-python,2021-03-10T00:11:10Z,0,0,0,0,0,0,0,0,0,0,0,0,0,0,0,0,0,0.0,0.0,0.0,0.0,0.0,inf,0.0,0.0,0.0,0.0,-0.35413624229342233,-0.4157675368974441,-0.06163129460402178
go-app,2021-10-02T15:56:20Z,2,2,2,0,1,0,0,3,4,3,2,1,0,2,1,1,0,1.25,1.25,1.1649647450214349,1.0350983390135313,0.0,0.0,0.04010025062656643,0.45714285714285724,0.0,0.0,0.07569918876458077,-0.1893345416107826,-0.2650337303753634
numpy-100,2021-11-21T20:00:52Z,0,0,0,0,0,0,0,0,0,0,0,0,0,0,0,0,0,0.0,0.0,0.0,0.0,0.0,inf,0.0,0.0,0.0,0.0,-0.35413624229342233,-0.4157675368974441,-0.06163129460402178
btop,2021-05-09T00:05:06Z,0,0,0,0,0,0,0,0,0,0,0,0,0,0,0,0,0,0.0,0.0,0.0,0.0,0.0,inf,0.0,0.0,0.0,0.0,-0.35413624229342233,-0.4157675368974441,-0.06163129460402178
camel,2025-03-10T12:32:26Z,0,0,0,0,0,0,0,0,0,0,0,0,0,0,0,0,0,0.0,0.0,0.0,0.0,0.0,inf,0.0,0.0,0.0,0.0,-0.35413624229342233,-0.4157675368974441,-0.06163129460402178
jint,2020-09-15T19:04:56Z,0,0,0,0,0,0,0,0,0,0,0,0,0,0,0,0,0,0.0,0.0,0.0,0.0,0.0,inf,0.0,0.0,0.0,0.0,-0.35413624229342233,-0.4157675368974441,-0.06163129460402178
GHunt,2021-01-28T12:44:36Z,0,0,0,0,0,0,0,0,0,0,0,0,0,0,0,0,0,0.0,0.0,0.0,0.0,0.0,inf,0.0,0.0,0.0,0.0,-0.35413624229342233,-0.4157675368974441,-0.06163129460402178
sqlite-net,2020-06-21T04:45:49Z,0,0,0,0,0,0,0,0,0,0,0,0,0,0,0,0,0,0.0,0.0,0.0,0.0,0.0,inf,0.0,0.0,0.0,0.0,-0.35413624229342233,-0.4157675368974441,-0.06163129460402178
pgx,2025-10-22T00:30:39Z,0,0,0,0,0,0,0,0,0,0,0,0,0,0,0,0,0,0.0,0.0,0.0,0.0,0.0,inf,0.0,0.0,0.0,0.0,-0.35413624229342233,-0.4157675368974441,-0.06163129460402178
tview,2021-05-28T08:57:20Z,0,0,0,0,0,0,0,0,0,0,0,0,0,0,0,0,0,0.0,0.0,0.0,0.0,0.0,inf,0.0,0.0,0.0,0.0,-0.35413624229342233,-0.4157675368974441,-0.06163129460402178
lorca,2025-10-12T19:50:53Z,0,0,0,0,0,0,0,0,0,0,0,0,0,0,0,0,0,0.0,0.0,0.0,0.0,0.0,inf,0.0,0.0,0.0,0.0,-0.35413624229342233,-0.4157675368974441,-0.06163129460402178
ImHex,2021-05-19T18:41:49Z,0,0,0,0,0,0,0,0,0,0,0,0,0,0,0,0,0,0.0,0.0,0.0,0.0,0.0,inf,0.0,0.0,0.0,0.0,-0.35413624229342233,-0.4157675368974441,-0.06163129460402178
htmx,2021-01-04T09:09:39Z,0,0,0,0,0,0,0,0,0,0,0,0,0,0,0,0,0,0.0,0.0,0.0,0.0,0.0,inf,0.0,0.0,0.0,0.0,-0.35413624229342233,-0.4157675368974441,-0.06163129460402178
yq,2020-12-31T07:05:52Z,0,0,0,0,0,0,0,0,0,0,0,0,0,0,0,0,0,0.0,0.0,0.0,0.0,0.0,inf,0.0,0.0,0.0,0.0,-0.35413624229342233,-0.4157675368974441,-0.06163129460402178
xbar,2021-03-19T20:33:51Z,0,0,0,0,0,0,0,0,0,0,0,0,0,0,0,0,0,0.0,0.0,0.0,0.0,0.0,inf,0.0,0.0,0.0,0.0,-0.35413624229342233,-0.4157675368974441,-0.06163129460402178
flask,2022-08-07T14:39:44Z,0,0,0,0,0,0,0,0,0,0,0,0,0,0,0,0,0,0.0,0.0,0.0,0.0,0.0,inf,0.0,0.0,0.0,0.0,-0.35413624229342233,-0.4157675368974441,-0.06163129460402178
dolt,2021-03-15T21:58:39Z,0,0,0,0,0,0,0,0,0,0,0,0,0,0,0,0,0,0.0,0.0,0.0,0.0,0.0,inf,0.0,0.0,0.0,0.0,-0.35413624229342233,-0.4157675368974441,-0.06163129460402178
asynq,2024-02-07T10:58:45Z,0,0,0,0,0,0,0,0,0,0,0,0,0,0,0,0,0,0.0,0.0,0.0,0.0,0.0,inf,0.0,0.0,0.0,0.0,-0.35413624229342233,-0.4157675368974441,-0.06163129460402178
pytest,2025-04-19T20:41:31Z,0,0,0,0,0,0,0,0,0,0,0,0,0,0,0,0,0,0.0,0.0,0.0,0.0,0.0,inf,0.0,0.0,0.0,0.0,-0.35413624229342233,-0.4157675368974441,-0.06163129460402178
VContainer,2024-06-30T03:14:59Z,0,0,0,0,0,0,0,0,0,0,0,0,0,0,0,0,0,0.0,0.0,0.0,0.0,0.0,inf,0.0,0.0,0.0,0.0,-0.35413624229342233,-0.4157675368974441,-0.06163129460402178
github-readme-stats,2022-02-11T17:15:51Z,0,0,0,0,0,0,0,0,0,0,0,0,0,0,0,0,0,0.0,0.0,0.0,0.0,0.0,inf,0.0,0.0,0.0,0.0,-0.35413624229342233,-0.4157675368974441,-0.06163129460402178
gensim,2021-04-06T14:21:29Z,0,0,0,0,0,0,0,0,0,0,0,0,0,0,0,0,0,0.0,0.0,0.0,0.0,0.0,inf,0.0,0.0,0.0,0.0,-0.35413624229342233,-0.4157675368974441,-0.06163129460402178
ZeroFormatter,2020-07-31T02:04:39Z,0,0,0,0,0,0,0,0,0,0,0,0,0,0,0,0,0,0.0,0.0,0.0,0.0,0.0,inf,0.0,0.0,0.0,0.0,-0.35413624229342233,-0.4157675368974441,-0.06163129460402178
EFCorePowerTools,2021-05-20T12:55:54Z,0,0,0,0,0,0,0,0,0,0,0,0,0,0,0,0,0,0.0,0.0,0.0,0.0,0.0,inf,0.0,0.0,0.0,0.0,-0.35413624229342233,-0.4157675368974441,-0.06163129460402178
GuardClauses,2022-02-01T23:03:53Z,0,0,0,0,0,0,0,0,0,0,0,0,0,0,0,0,0,0.0,0.0,0.0,0.0,0.0,inf,0.0,0.0,0.0,0.0,-0.35413624229342233,-0.4157675368974441,-0.06163129460402178
Utf8Json,2020-07-31T02:04:39Z,0,0,0,0,0,0,0,0,0,0,0,0,0,0,0,0,0,0.0,0.0,0.0,0.0,0.0,inf,0.0,0.0,0.0,0.0,-0.35413624229342233,-0.4157675368974441,-0.06163129460402178
LightBulb,2022-07-03T05:39:08Z,1,1,1,1,1,1,1,0,1,1,1,1,1,1,1,1,0,0.875,0.875,0.3535533905932738,0.3535533905932738,0.0,0.0,0.3333333333333334,0.3333333333333334,0.0,0.0,-0.05325144055282016,-0.2572644401967811,-0.2040129996439609
awesome-chatgpt-prompts,2025-10-16T18:40:42Z,0,0,0,0,0,0,0,0,0,0,0,0,0,0,0,0,0,0.0,0.0,0.0,0.0,0.0,inf,0.0,0.0,0.0,0.0,-0.35413624229342233,-0.4157675368974441,-0.06163129460402178
go-openai,2023-06-22T21:32:07Z,0,0,0,0,0,0,0,0,0,0,0,0,0,0,0,0,0,0.0,0.0,0.0,0.0,0.0,inf,0.0,0.0,0.0,0.0,-0.35413624229342233,-0.4157675368974441,-0.06163129460402178
kubectx,2024-10-31T18:21:43Z,0,0,1,0,0,1,0,0,0,0,0,2,0,0,0,0,0,0.25,0.25,0.4629100498862757,0.7071067811865476,0.0,0.0,0.0,0.061224489795918366,0.0,0.0,-0.26816915608182174,-0.3704809378401118,-0.10231178175829009
ginkgo,2022-02-01T11:33:21Z,0,0,0,0,0,0,0,0,0,0,0,0,0,0,0,0,0,0.0,0.0,0.0,0.0,0.0,inf,0.0,0.0,0.0,0.0,-0.35413624229342233,-0.4157675368974441,-0.06163129460402178
caire,2021-02-22T13:16:59Z,0,0,0,0,0,0,0,0,0,0,0,0,0,0,0,0,0,0.0,0.0,0.0,0.0,0.0,inf,0.0,0.0,0.0,0.0,-0.35413624229342233,-0.4157675368974441,-0.06163129460402178
wuzz,2025-04-30T02:37:38Z,0,0,0,0,0,0,0,0,0,0,0,0,0,0,0,0,0,0.0,0.0,0.0,0.0,0.0,inf,0.0,0.0,0.0,0.0,-0.35413624229342233,-0.4157675368974441,-0.06163129460402178
SoftMaskForUGUI,2021-10-31T15:55:51Z,2,0,1,0,0,0,0,0,0,0,0,0,0,0,0,3,0,0.375,0.375,0.7440238091428449,1.0606601717798212,0.0,0.0,0.4439324116743472,0.17006802721088443,0.0,0.0,-0.2251856129760214,-0.34783763831144565,-0.12265202533542424
portmaster,2024-11-27T19:45:50Z,0,0,0,0,0,0,0,0,0,0,0,0,0,0,0,0,0,0.0,0.0,0.0,0.0,0.0,inf,0.0,0.0,0.0,0.0,-0.35413624229342233,-0.4157675368974441,-0.06163129460402178
go-blueprint,2025-09-29T21:05:43Z,0,0,0,0,0,0,0,0,0,0,0,0,0,0,0,0,0,0.0,0.0,0.0,0.0,0.0,inf,0.0,0.0,0.0,0.0,-0.35413624229342233,-0.4157675368974441,-0.06163129460402178
Flurl,2025-08-07T16:05:57Z,0,0,0,0,0,0,0,0,0,0,0,0,0,0,0,0,0,0.0,0.0,0.0,0.0,0.0,inf,0.0,0.0,0.0,0.0,-0.35413624229342233,-0.4157675368974441,-0.06163129460402178
GalaxyBudsClient,2021-10-29T01:50:29Z,0,0,0,0,0,0,0,0,0,0,0,0,0,0,0,0,0,0.0,0.0,0.0,0.0,0.0,inf,0.0,0.0,0.0,0.0,-0.35413624229342233,-0.4157675368974441,-0.06163129460402178
uptime-kuma,2021-11-20T09:32:26Z,0,0,0,0,0,0,0,0,0,0,0,0,0,0,0,0,0,0.0,0.0,0.0,0.0,0.0,inf,0.0,0.0,0.0,0.0,-0.35413624229342233,-0.4157675368974441,-0.06163129460402178
cpython,2020-10-21T23:18:34Z,0,0,0,0,0,0,0,0,0,0,0,0,0,0,0,0,0,0.0,0.0,0.0,0.0,0.0,inf,0.0,0.0,0.0,0.0,-0.35413624229342233,-0.4157675368974441,-0.06163129460402178
Audit.NET,2025-05-04T13:55:28Z,0,0,0,0,0,0,0,0,0,0,0,0,0,0,0,0,0,0.0,0.0,0.0,0.0,0.0,inf,0.0,0.0,0.0,0.0,-0.35413624229342233,-0.4157675368974441,-0.06163129460402178
Flowise,2024-03-30T23:52:27Z,0,0,0,0,0,0,0,0,0,0,0,0,0,0,0,0,0,0.0,0.0,0.0,0.0,0.0,inf,0.0,0.0,0.0,0.0,-0.35413624229342233,-0.4157675368974441,-0.06163129460402178
casbin,2023-03-20T14:42:13Z,5,2,3,1,5,2,0,3,4,5,3,2,3,4,2,1,1,2.625,2.625,1.7677669529663689,1.4078859531733587,0.0,0.0,0.14394557823129253,0.5873015873015874,0.0,0.0,0.5485181629283842,0.05974175320454504,-0.4887764097238391
oapi-codegen,2024-10-28T12:49:29Z,0,0,0,0,0,0,0,0,0,0,0,0,0,0,0,0,0,0.0,0.0,0.0,0.0,0.0,inf,0.0,0.0,0.0,0.0,-0.35413624229342233,-0.4157675368974441,-0.06163129460402178
CsvHelper,2024-02-29T11:21:23Z,0,0,0,0,0,0,0,0,0,0,0,0,0,0,0,0,0,0.0,0.0,0.0,0.0,0.0,inf,0.0,0.0,0.0,0.0,-0.35413624229342233,-0.4157675368974441,-0.06163129460402178
croc,2020-10-13T16:35:57Z,0,0,0,0,0,0,0,0,0,0,0,0,0,0,0,0,0,0.0,0.0,0.0,0.0,0.0,inf,0.0,0.0,0.0,0.0,-0.35413624229342233,-0.4157675368974441,-0.06163129460402178
ZXing.Net,2022-10-26T21:33:54Z,0,0,0,0,0,0,0,0,0,0,0,0,0,0,0,0,0,0.0,0.0,0.0,0.0,0.0,inf,0.0,0.0,0.0,0.0,-0.35413624229342233,-0.4157675368974441,-0.06163129460402178
echo,2022-07-19T18:39:29Z,0,0,0,0,0,0,0,0,0,0,0,0,0,0,0,0,0,0.0,0.0,0.0,0.0,0.0,inf,0.0,0.0,0.0,0.0,-0.35413624229342233,-0.4157675368974441,-0.06163129460402178
nvm-windows,2020-08-28T03:45:37Z,0,0,0,0,0,0,0,0,0,0,0,0,0,0,0,0,0,0.0,0.0,0.0,0.0,0.0,inf,0.0,0.0,0.0,0.0,-0.35413624229342233,-0.4157675368974441,-0.06163129460402178
lazydocker,2019-11-15T15:23:54Z,0,0,0,0,0,0,0,0,0,0,0,0,0,0,0,0,0,0.0,0.0,0.0,0.0,0.0,inf,0.0,0.0,0.0,0.0,-0.35413624229342233,-0.4157675368974441,-0.06163129460402178
