project_name,first_donation_date,-8月,-7月,-6月,-5月,-4月,-3月,-2月,-1月,0月,1月,2月,3月,4月,5月,6月,7月,8月,pre_avg,post_avg,pre_std,post_std,absolute_change,relative_change,pre_trend_r2,post_trend_r2,pre_trend_slope,post_trend_slope,pre_zscore,post_zscore,zscore_change
wangeditor,2022-07-19T16:35:44.590Z,0,0,0,0,0,0,0,0,79,148,119,85,112,74,41,50,80,0.0,88.625,0.0,35.967991722800264,88.625,inf,0.0,0.6455168868933415,0.0,0.0,-0.43923667182883946,9.885377963239241,10.32461463506808
wangeditor,2022-07-19T16:35:44.590Z,0,0,0,0,0,0,0,0,79,148,119,85,112,74,41,50,80,0.0,88.625,0.0,35.967991722800264,88.625,inf,0.0,0.6455168868933415,0.0,0.0,-0.43923667182883946,9.885377963239241,10.32461463506808
wangeditor,2022-07-19T16:35:44.590Z,0,0,0,0,0,0,0,0,79,148,119,85,112,74,41,50,80,0.0,88.625,0.0,35.967991722800264,88.625,inf,0.0,0.6455168868933415,0.0,0.0,-0.43923667182883946,9.885377963239241,10.32461463506808
material-table,2019-12-06T02:02:24.377Z,0,0,0,0,0,0,0,0,0,0,0,21,79,86,97,110,106,0.0,62.375,0.0,47.355607602781014,62.375,inf,0.0,0.8841540199367296,0.0,0.0,-0.43923667182883946,6.795824897587894,7.235061569416734
material-table,2019-12-06T02:02:24.377Z,0,0,0,0,0,0,0,0,0,0,0,21,79,86,97,110,106,0.0,62.375,0.0,47.355607602781014,62.375,inf,0.0,0.8841540199367296,0.0,0.0,-0.43923667182883946,6.795824897587894,7.235061569416734
polymc,2022-03-29T08:06:31.209Z,0,0,0,0,0,5,57,41,85,65,77,80,76,66,41,59,9,12.875,59.125,22.76863444051299,23.793381432658958,46.25,3.592233009708738,0.5651905762477222,0.5570766173548246,0.0,0.0,1.761641221389069,6.4133088037453465,4.651667582356278
polymc,2022-03-29T08:06:31.209Z,0,0,0,0,0,5,57,41,85,65,77,80,76,66,41,59,9,12.875,59.125,22.76863444051299,23.793381432658958,46.25,3.592233009708738,0.5651905762477222,0.5570766173548246,0.0,0.0,1.761641221389069,6.4133088037453465,4.651667582356278
framework7,2018-10-30T16:29:57.593Z,0,0,0,0,0,0,0,0,35,48,46,44,49,59,47,27,33,0.0,44.125,0.0,9.920217451533725,44.125,inf,0.0,0.2830788639171873,0.0,0.0,-0.43923667182883946,4.6478499090874354,5.087086580916275
openrocket,2022-05-30T02:18:38.652Z,0,0,0,0,0,0,0,0,4,47,34,35,43,37,39,25,32,0.0,36.5,0.0,6.761234037828133,36.5,inf,0.0,0.38571428571428573,0.0,0.0,-0.43923667182883946,3.750408304302997,4.189644976131837
kivymd,2020-04-28T12:53:31.566Z,0,0,0,0,0,0,0,0,0,22,35,46,42,42,40,33,23,0.0,35.375,0.0,8.943273609654511,35.375,inf,0.0,0.004688546550569326,0.0,0.0,-0.43923667182883946,3.6179988872036537,4.0572355590324936
formik,2019-09-27T10:52:46.349Z,0,0,0,0,0,0,0,0,0,0,0,24,59,36,57,39,40,0.0,31.875,0.0,22.661720398693728,31.875,inf,0.0,0.5027014317671157,0.0,0.0,-0.43923667182883946,3.206058478450141,3.6452951502789803
casdoor,2023-09-25T19:41:11.489Z,0,0,0,0,0,0,0,0,0,0,24,25,48,40,38,41,38,0.0,31.75,0.0,15.163395774976376,31.75,inf,0.0,0.5396677465642983,0.0,0.0,-0.43923667182883946,3.191346320994658,3.6305829928234976
amethyst,2018-11-27T09:01:25.452Z,0,0,0,0,0,0,0,0,0,45,30,13,29,22,45,45,22,0.0,31.375,0.0,12.408954140343289,31.375,inf,0.0,4.9700965855436464e-05,0.0,0.0,-0.43923667182883946,3.1472098486282105,3.58644652045705
podsframework,2021-07-22T06:16:10.631Z,0,0,0,0,16,18,10,15,5,32,33,84,53,43,20,24,13,7.375,37.75,8.19298480408697,22.587923448477632,30.375,4.11864406779661,0.6413179797058487,0.24066185342959814,0.0,0.0,0.8214603738008363,3.897529878857823,3.076069505056987
podsframework,2021-07-22T06:16:10.631Z,0,0,0,0,16,18,10,15,5,32,33,84,53,43,20,24,13,7.375,37.75,8.19298480408697,22.587923448477632,30.375,4.11864406779661,0.6413179797058487,0.24066185342959814,0.0,0.0,0.8214603738008363,3.897529878857823,3.076069505056987
sequel-ace,2020-09-05T15:37:29.808Z,0,0,0,0,0,0,0,0,0,0,0,16,56,34,33,57,34,0.0,28.75,0.0,22.134330155407266,28.75,inf,0.0,0.5288567679586778,0.0,0.0,-0.43923667182883946,2.838254542063076,3.2774912138919152
electerm,2023-09-25T19:41:54.627Z,0,13,26,19,14,21,21,33,47,35,66,65,48,14,33,50,53,18.375,45.5,9.797047660246573,17.4928556845359,27.125,1.4761904761904763,0.5581483942414176,0.019607843137254905,0.0,0.0,2.701822068977302,4.809683641097744,2.1078615721204423
jreleaser,2021-07-14T15:15:24.064Z,0,0,0,0,0,12,84,35,69,15,9,41,86,69,59,57,11,16.375,43.375,29.95204500530807,29.139749484166813,27.0,1.6488549618320612,0.4657745500318003,0.06208972621876663,0.0,0.0,2.3599381243997626,4.55957696435454,2.1996388399547775
elk,2023-01-12T10:14:38.505Z,0,0,0,0,0,0,0,0,0,2,47,36,32,15,40,20,14,0.0,25.75,0.0,15.350663084793997,25.75,inf,0.0,0.01131656057391129,0.0,0.0,-0.43923667182883946,2.485162763131494,2.9243994349603333
lawnchair,2024-08-05T13:16:12.013Z,0,0,0,0,55,47,40,37,89,53,46,35,51,61,60,43,33,22.375,47.75,24.48870001799664,10.484682705192915,25.375,1.1340782122905029,0.6083364173767059,0.0379034004764999,0.0,0.0,3.38558995813238,5.0745024752964305,1.6889125171640504
appium,2024-05-01T06:56:54.106Z,0,0,0,0,0,0,0,34,40,34,35,39,39,22,28,14,25,4.25,29.5,12.020815280171307,8.864052604279182,25.25,5.9411764705882355,0.3333333333333334,0.5143290043290046,0.0,0.0,0.2872667103984313,2.9265274867959716,2.63926077639754
discordpy,2022-04-03T00:50:44.364Z,0,0,0,0,0,0,0,0,30,30,32,25,32,16,23,21,17,0.0,24.5,0.0,6.391959234627741,24.5,inf,0.0,0.5874125874125874,0.0,0.0,-0.43923667182883946,2.3380411885766677,2.777277860405507
tastyigniter,2020-03-18T22:19:54.568Z,0,0,0,0,0,0,0,0,1,20,25,20,20,7,18,42,43,0.0,24.375,0.0,12.293290853144248,24.375,inf,0.0,0.2899399627510226,0.0,0.0,-0.43923667182883946,2.323329031121185,2.7625657029500243
tastyigniter,2020-03-18T22:19:54.568Z,0,0,0,0,0,0,0,0,1,20,25,20,20,7,18,42,43,0.0,24.375,0.0,12.293290853144248,24.375,inf,0.0,0.2899399627510226,0.0,0.0,-0.43923667182883946,2.323329031121185,2.7625657029500243
dnscrypt,2019-07-19T18:00:08.162Z,0,0,0,6,27,28,24,24,27,20,20,46,64,46,41,30,35,13.625,37.75,13.179394089692764,14.801061737977736,24.125,1.7706422018348624,0.7561133222693828,0.05777322340739362,0.0,0.0,1.8898477006056462,3.897529878857823,2.0076821782521765
vuepress,2019-10-03T09:03:38.866Z,0,0,0,0,0,7,50,37,49,34,38,38,24,36,54,30,33,11.75,35.875,20.048156309959563,8.659222993845512,24.125,2.0531914893617023,0.594286052789696,0.00191655609612266,0.0,0.0,1.5693315025642032,3.676847517025584,2.107516014461381
vuepress,2019-10-03T09:03:38.866Z,0,0,0,0,0,7,50,37,49,34,38,38,24,36,54,30,33,11.75,35.875,20.048156309959563,8.659222993845512,24.125,2.0531914893617023,0.594286052789696,0.00191655609612266,0.0,0.0,1.5693315025642032,3.676847517025584,2.107516014461381
autokeras,2018-11-12T17:09:26.328Z,0,0,0,0,0,0,0,0,32,24,47,21,18,9,20,20,29,0.0,23.5,0.0,11.045361017187261,23.5,inf,0.0,0.08743169398907104,0.0,0.0,-0.43923667182883946,2.220343928932807,2.6595806007616463
bootstrap-vue-next,2023-05-17T06:18:08.931Z,0,0,0,0,0,0,0,0,0,0,18,30,21,25,42,25,22,0.0,22.875,0.0,11.813279452741792,22.875,inf,0.0,0.3195381287511807,0.0,0.0,-0.43923667182883946,2.146783141655394,2.5860198134842336
gwdevhub_collective,2023-12-15T06:44:35.169Z,0,0,0,0,0,0,0,0,0,0,0,14,41,32,30,45,20,0.0,22.75,0.0,17.260607504620786,22.75,inf,0.0,0.46584694774577307,0.0,0.0,-0.43923667182883946,2.1320709841999115,2.571307656028751
civet,2023-01-07T01:33:00.311Z,0,0,0,0,0,0,0,0,32,34,30,13,14,9,23,28,29,0.0,22.5,0.0,9.304376850247875,22.5,inf,0.0,0.0039289643250039275,0.0,0.0,-0.43923667182883946,2.102646669288946,2.5418833411177855
stc,2022-11-06T12:44:07.966Z,0,0,0,0,0,0,0,0,35,20,17,38,97,4,1,2,1,0.0,22.5,0.0,32.76321979642067,22.5,inf,0.0,0.13446645626576428,0.0,0.0,-0.43923667182883946,2.102646669288946,2.5418833411177855
babashka,2020-03-31T13:19:37.998Z,0,0,0,0,0,0,10,14,23,53,32,25,10,22,22,16,23,3.0,25.375,5.656854249492381,12.872312479559707,22.375,7.458333333333333,0.5820578231292517,0.4227107806157273,0.0,0.0,0.07358924503746933,2.4410262907650457,2.367437045727576
ngx-bootstrap,2019-04-15T11:00:58.396Z,0,0,0,0,0,0,0,0,0,0,26,33,22,23,36,18,18,0.0,22.0,0.0,11.019463300386795,22.0,inf,0.0,0.06453781512605042,0.0,0.0,-0.43923667182883946,2.0437980394670157,2.483034711295855
ngx-bootstrap,2019-04-15T11:00:58.396Z,0,0,0,0,0,0,0,0,0,0,26,33,22,23,36,18,18,0.0,22.0,0.0,11.019463300386795,22.0,inf,0.0,0.06453781512605042,0.0,0.0,-0.43923667182883946,2.0437980394670157,2.483034711295855
unocss,2023-05-05T16:26:42.958Z,0,0,0,0,0,0,0,0,0,0,0,0,6,53,44,40,31,0.0,21.75,0.0,22.54360853355748,21.75,inf,0.0,0.5943446106481945,0.0,0.0,-0.43923667182883946,2.0143737245560507,2.45361039638489
komga,2020-06-13T23:42:15.416Z,0,0,0,0,0,0,0,0,35,23,44,33,10,8,10,25,21,0.0,21.75,0.0,12.532814072323445,21.75,inf,0.0,0.17540440459949325,0.0,0.0,-0.43923667182883946,2.0143737245560507,2.45361039638489
leafletjs,2022-05-25T14:51:15.930Z,0,0,0,0,0,0,0,0,26,18,20,34,25,30,17,17,11,0.0,21.5,0.0,7.615773105863909,21.5,inf,0.0,0.1773985456251466,0.0,0.0,-0.43923667182883946,1.9849494096450855,2.424186081473925
adnauseam,2017-08-29T14:27:37.778Z,0,0,0,0,0,0,0,0,38,66,39,15,14,5,12,6,15,0.0,21.5,0.0,20.80521912542963,21.5,inf,0.0,0.5728429985855727,0.0,0.0,-0.43923667182883946,1.9849494096450855,2.424186081473925
piranhacms,2019-03-29T12:24:18.967Z,0,0,0,0,0,9,14,31,20,35,25,22,12,31,40,40,20,6.75,28.125,11.170752628436201,10.077379194441946,21.375,3.1666666666666665,0.6718728704990868,0.015482261130230187,0.0,0.0,0.7146216411203552,2.764693754785663,2.050072113665308
typia,2022-10-24T10:42:32.894Z,0,0,0,0,0,9,2,21,37,36,33,9,36,19,19,14,29,4.0,24.375,7.54036755451237,10.473606283006278,20.375,5.09375,0.5063412299593205,0.13302791407951753,0.0,0.0,0.24453121732623892,2.323329031121185,2.078797813794946
react-spring,2018-07-20T20:10:15.267Z,0,0,0,0,0,0,0,0,0,0,0,0,0,24,49,62,28,0.0,20.375,0.0,24.738272834964505,20.375,inf,0.0,0.636841366642073,0.0,0.0,-0.43923667182883946,1.852539992545742,2.2917766643745816
octobercms,2019-07-03T10:15:14.967Z,0,0,0,0,0,15,26,40,33,34,34,34,32,34,23,19,18,10.125,28.5,15.495967217311735,7.211102550927978,18.375,1.8148148148148149,0.7331251084504601,0.7771454735740453,0.0,0.0,1.2915507975949527,2.808830227152111,1.517279429557158
octobercms,2019-07-03T10:15:14.967Z,0,0,0,0,0,15,26,40,33,34,34,34,32,34,23,19,18,10.125,28.5,15.495967217311735,7.211102550927978,18.375,1.8148148148148149,0.7331251084504601,0.7771454735740453,0.0,0.0,1.2915507975949527,2.808830227152111,1.517279429557158
hexo,2019-07-10T22:32:10.443Z,0,0,0,0,0,0,0,0,0,0,0,0,33,32,32,19,30,0.0,18.25,0.0,15.736672365619649,18.25,inf,0.0,0.5493977227464393,0.0,0.0,-0.43923667182883946,1.602433315802538,2.0416699876313773
socketio,2017-05-09T06:56:43.674Z,0,0,0,0,0,0,0,0,0,0,9,21,20,30,26,22,13,0.0,17.625,0.0,9.75320460156558,17.625,inf,0.0,0.29285669589780716,0.0,0.0,-0.43923667182883946,1.528872528525125,1.9681092003539644
mswjs,2021-03-02T15:32:21.904Z,0,0,0,0,0,0,0,0,32,24,17,17,15,21,15,14,18,0.0,17.625,0.0,3.37797487937881,17.625,inf,0.0,0.24211938296445343,0.0,0.0,-0.43923667182883946,1.528872528525125,1.9681092003539644
cupy,2023-12-03T10:39:03.122Z,0,0,0,0,0,12,20,15,16,20,35,18,16,13,31,10,44,5.875,23.375,8.391109240482708,11.951539052117333,17.5,2.978723404255319,0.7014359383114138,0.03715345370552272,0.0,0.0,0.5650474153676819,2.2056317714773246,1.6405843561096427
cupy,2023-12-03T10:39:03.122Z,0,0,0,0,0,12,20,15,16,20,35,18,16,13,31,10,44,5.875,23.375,8.391109240482708,11.951539052117333,17.5,2.978723404255319,0.7014359383114138,0.03715345370552272,0.0,0.0,0.5650474153676819,2.2056317714773246,1.6405843561096427
moveable,2019-10-13T12:37:24.379Z,0,0,0,0,0,13,16,10,28,24,29,28,18,22,16,20,21,4.875,22.25,6.91659495086171,4.5591352563522705,17.375,3.5641025641025643,0.6349384098544236,0.39289805269186734,0.0,0.0,0.3941054430789123,2.073222354377981,1.6791169112990687
openandroidinstaller,2023-08-04T15:47:12.343Z,0,0,0,2,4,9,5,19,29,35,20,23,20,20,21,18,20,4.875,22.125,6.512350903146596,5.383506557731945,17.25,3.5384615384615383,0.7011328320802005,0.42956899333978826,0.0,0.0,0.3941054430789123,2.0585101969224984,1.664404753843586
core-js,2019-03-22T03:38:17.681Z,0,0,0,0,0,0,0,0,14,12,23,19,12,24,14,17,14,0.0,16.875,0.0,4.733995594179856,16.875,inf,0.0,0.013697590590020868,0.0,0.0,-0.43923667182883946,1.4405995837922294,1.8798362556210688
linkwarden,2023-12-09T16:00:16.178Z,0,0,0,1,17,9,41,28,30,45,24,40,28,14,15,29,36,12.0,28.875,15.510365197874245,11.166755507820012,16.875,1.40625,0.6968103155751613,0.10998820264178995,0.0,0.0,1.6120669956363955,2.8529666995185585,1.240899703882163
sagernet,2021-05-01T05:40:57.455Z,0,0,0,0,0,0,0,8,59,23,25,12,23,15,8,16,18,1.0,17.5,2.8284271247461903,5.9281411203561225,16.5,16.5,0.3333333333333334,0.24196670538133955,0.0,0.0,-0.26829469954006985,1.5141603710696423,1.7824550706097122
wolvic,2022-10-19T02:38:29.083Z,0,0,0,0,0,0,0,0,0,0,0,18,24,22,14,23,29,0.0,16.25,0.0,10.938137736509681,16.25,inf,0.0,0.6568301350390902,0.0,0.0,-0.43923667182883946,1.3670387965148163,1.8062754683436557
scikit-image,2022-05-05T19:49:34.994Z,0,0,0,0,0,0,0,0,0,7,13,23,18,17,15,13,19,0.0,15.625,0.0,4.808846015417836,15.625,inf,0.0,0.12800147085861377,0.0,0.0,-0.43923667182883946,1.2934780092374034,1.7327146810662428
scikit-image,2022-05-05T19:49:34.994Z,0,0,0,0,0,0,0,0,0,7,13,23,18,17,15,13,19,0.0,15.625,0.0,4.808846015417836,15.625,inf,0.0,0.12800147085861377,0.0,0.0,-0.43923667182883946,1.2934780092374034,1.7327146810662428
umap,2023-08-16T15:56:52.817Z,0,0,0,0,0,0,0,0,0,0,0,6,16,24,35,25,17,0.0,15.375,0.0,12.625795590207941,15.375,inf,0.0,0.6130198915009041,0.0,0.0,-0.43923667182883946,1.2640536943264382,1.7032903661552776
umap,2023-08-16T15:56:52.817Z,0,0,0,0,0,0,0,0,0,0,0,6,16,24,35,25,17,0.0,15.375,0.0,12.625795590207941,15.375,inf,0.0,0.6130198915009041,0.0,0.0,-0.43923667182883946,1.2640536943264382,1.7032903661552776
tinygo,2022-11-20T16:24:57.546Z,0,0,0,0,0,0,0,0,0,0,0,4,29,25,21,30,13,0.0,15.25,0.0,12.713884423843766,15.25,inf,0.0,0.4363360898933148,0.0,0.0,-0.43923667182883946,1.2493415368709557,1.6885782086997951
tinygo,2022-11-20T16:24:57.546Z,0,0,0,0,0,0,0,0,0,0,0,4,29,25,21,30,13,0.0,15.25,0.0,12.713884423843766,15.25,inf,0.0,0.4363360898933148,0.0,0.0,-0.43923667182883946,1.2493415368709557,1.6885782086997951
restsharp,2021-12-13T19:29:09.775Z,0,0,1,11,1,7,3,5,13,35,27,31,11,10,10,12,11,3.5,18.375,3.9279220242478625,10.689614452488787,14.875,4.25,0.1854056437389771,0.7013670290744833,0.0,0.0,0.15906023118185414,1.6171454732580206,1.4580852420761665
waydroid,2021-11-30T18:52:05.986Z,0,0,0,0,0,0,0,0,0,0,0,0,21,24,23,26,24,0.0,14.75,0.0,12.291111771171417,14.75,inf,0.0,0.7705730046155579,0.0,0.0,-0.43923667182883946,1.1904929070490253,1.6297295788778647
flutter-webrtc,2020-07-24T17:03:10.166Z,0,0,0,0,0,0,0,0,0,0,0,23,15,17,17,18,27,0.0,14.625,0.0,9.81161847723693,14.625,inf,0.0,0.6109741986202756,0.0,0.0,-0.43923667182883946,1.1757807495935426,1.615017421422382
gdevelop-community,2024-01-11T17:22:01.419Z,0,0,0,0,0,0,0,0,5,15,23,13,6,21,11,11,17,0.0,14.625,0.0,5.604526232048012,14.625,inf,0.0,0.03706110073364195,0.0,0.0,-0.43923667182883946,1.1757807495935426,1.615017421422382
appium-device-farm,2024-05-05T09:45:22.490Z,0,3,11,9,11,10,10,4,14,44,18,34,16,17,18,9,19,7.25,21.875,4.267819784654187,11.33184514038708,14.625,2.0172413793103448,0.17945845004668534,0.4720781929793195,0.0,0.0,0.8000926272647401,2.0290858820115334,1.2289932547467934
appium-device-farm,2024-05-05T09:45:22.490Z,0,3,11,9,11,10,10,4,14,44,18,34,16,17,18,9,19,7.25,21.875,4.267819784654187,11.33184514038708,14.625,2.0172413793103448,0.17945845004668534,0.4720781929793195,0.0,0.0,0.8000926272647401,2.0290858820115334,1.2289932547467934
keeweb,2019-09-07T20:12:21.594Z,0,0,17,20,15,17,12,26,30,45,28,20,21,10,20,47,32,13.375,27.875,9.19530159530243,12.911097109518948,14.5,1.0841121495327102,0.5648815809322675,0.00024995536511337275,0.0,0.0,1.8471122075334538,2.7352694398746977,0.8881572323412439
semantic-release,2021-05-06T15:34:23.381Z,0,0,0,0,0,0,6,15,19,11,28,10,23,20,15,10,19,2.625,17.0,5.423164600647327,6.6332495807108,14.375,5.476190476190476,0.5269320843091335,0.009353741496598641,0.0,0.0,0.009486005429180733,1.455311741247712,1.4458257358185311
vega-strike,2020-06-07T18:00:49.768Z,0,0,0,0,0,0,12,27,12,26,80,3,11,7,12,7,8,4.875,19.25,9.87692115127844,25.48809245790781,14.375,2.948717948717949,0.5404408880520908,0.2866881331972042,0.0,0.0,0.3941054430789123,1.7201305754463987,1.3260251323674863
dokploy,2024-05-31T06:53:21.538Z,0,0,0,0,0,0,0,0,0,0,0,0,0,0,0,60,55,0.0,14.375,0.0,26.650850964703867,14.375,inf,0.0,0.5617610966448177,0.0,0.0,-0.43923667182883946,1.1463564346825774,1.5855931065114168
milkdown,2021-07-16T05:06:22.824Z,0,0,0,0,0,0,0,0,0,0,0,0,3,28,37,27,18,0.0,14.125,0.0,15.207493453651628,14.125,inf,0.0,0.5795066385754364,0.0,0.0,-0.43923667182883946,1.1169321197716122,1.5561687916004516
codeeditapp,2022-03-30T03:59:21.133Z,0,0,0,0,0,0,0,0,0,29,23,12,7,12,11,17,2,0.0,14.125,0.0,8.659222993845512,14.125,inf,0.0,0.5340160355640234,0.0,0.0,-0.43923667182883946,1.1169321197716122,1.5561687916004516
dexiejs,2023-04-20T10:14:43.728Z,0,0,0,0,0,0,0,0,0,12,13,13,19,11,7,14,21,0.0,13.75,0.0,4.432026302139591,13.75,inf,0.0,0.07636363636363638,0.0,0.0,-0.43923667182883946,1.0727956474051645,1.512032319234004
reach-ui,2019-10-22T16:46:06.645Z,0,0,0,16,18,13,8,6,19,25,14,19,27,20,28,21,15,7.625,21.125,7.405355205139434,5.221863378417434,13.5,1.7704918032786885,0.23459087314509008,0.007016559079427451,0.0,0.0,0.8641958668730286,1.9408129372786376,1.076617070405609
javascript-obfuscator,2017-06-02T12:44:38.425Z,0,0,0,0,0,0,0,0,2,17,10,17,10,15,13,14,12,0.0,13.5,0.0,2.7774602993176543,13.5,inf,0.0,0.053350970017636695,0.0,0.0,-0.43923667182883946,1.0433713324941993,1.4826080043230387
bluez,2024-01-25T17:48:20.036Z,0,0,0,0,9,19,24,29,32,19,33,27,23,26,20,20,21,10.125,23.625,12.182393618895848,4.779046527738113,13.5,1.3333333333333333,0.8670150288487435,0.1772590193231319,0.0,0.0,1.2915507975949527,2.2350560863882896,0.9435052887933368
laradock,2019-01-30T16:37:36.407Z,0,0,0,0,0,0,0,0,0,0,0,0,12,23,16,28,29,0.0,13.5,0.0,12.51285053740468,13.5,inf,0.0,0.8776720542231492,0.0,0.0,-0.43923667182883946,1.0433713324941993,1.4826080043230387
bluez,2024-01-25T17:48:20.036Z,0,0,0,0,9,19,24,29,32,19,33,27,23,26,20,20,21,10.125,23.625,12.182393618895848,4.779046527738113,13.5,1.3333333333333333,0.8670150288487435,0.1772590193231319,0.0,0.0,1.2915507975949527,2.2350560863882896,0.9435052887933368
mlem,2023-10-30T16:15:06.646Z,0,0,0,0,0,0,0,0,0,0,16,6,29,11,16,13,13,0.0,13.0,0.0,8.417668492946419,13.0,inf,0.0,0.09293394777265748,0.0,0.0,-0.43923667182883946,0.9845227026722689,1.4237593745011083
opencomic,2024-10-23T01:18:44.955Z,0,0,0,0,0,0,6,9,12,10,13,8,16,18,16,14,24,1.875,14.875,3.563204817496262,4.940720016932176,13.0,6.933333333333334,0.5792646172393009,0.5796843975337027,0.0,0.0,-0.11872047378739646,1.2052050645045078,1.3239255382919042
carbon,2019-02-25T19:54:07.338Z,0,0,0,0,0,0,0,0,0,0,0,6,12,30,26,16,13,0.0,12.875,0.0,11.051018052650171,12.875,inf,0.0,0.43170471873498645,0.0,0.0,-0.43923667182883946,0.9698105452167863,1.4090472170456259
expresslrs,2022-01-04T05:21:31.097Z,0,0,0,0,0,0,0,0,1,17,10,10,10,5,12,20,18,0.0,12.75,0.0,5.092010548749033,12.75,inf,0.0,0.11032401941492852,0.0,0.0,-0.43923667182883946,0.9550983877613037,1.3943350595901431
react-awesome-query-builder,2020-02-15T17:04:13.789Z,0,0,0,0,0,0,0,0,0,11,16,13,12,7,9,10,21,0.0,12.375,0.0,4.405759217854998,12.375,inf,0.0,0.023174311122793192,0.0,0.0,-0.43923667182883946,0.910961915394856,1.3501985872236955
mdanalysis,2022-04-05T20:12:43.276Z,0,0,3,14,11,11,17,15,20,15,31,11,21,26,19,29,14,8.875,20.75,6.875162335745763,7.3436075214142145,11.875,1.3380281690140845,0.8009246766330259,0.002270577105014192,0.0,0.0,1.0778733322339906,1.8966764649121899,0.8188031326781993
mdanalysis,2022-04-05T20:12:43.276Z,0,0,3,14,11,11,17,15,20,15,31,11,21,26,19,29,14,8.875,20.75,6.875162335745763,7.3436075214142145,11.875,1.3380281690140845,0.8009246766330259,0.002270577105014192,0.0,0.0,1.0778733322339906,1.8966764649121899,0.8188031326781993
monitorcontrol,2021-08-19T19:31:47.381Z,1,15,17,18,13,12,5,25,25,38,39,31,20,26,17,11,18,13.25,25.0,7.535629654230248,10.253919111386491,11.75,0.8867924528301887,0.1438155136268344,0.8075828157349897,0.0,0.0,1.8257444609973577,2.396889818398598,0.5711453574012404
reactive-resume,2023-11-25T04:39:03.334Z,0,19,16,35,21,27,26,12,66,48,26,31,29,21,31,45,18,19.5,31.125,10.623424252901833,10.575409482109226,11.625,0.5961538461538461,0.14349005424954786,0.11502931046280877,0.0,0.0,2.8941317878021677,3.1177855337172455,0.2236537459150778
ocrmypdf,2019-09-27T14:09:43.503Z,0,0,0,0,0,1,15,11,5,14,14,10,12,9,15,28,17,3.375,14.875,6.045954964153424,5.914570386523678,11.5,3.4074074074074074,0.5588898969455883,0.25788181530907417,0.0,0.0,0.13769248464575792,1.2052050645045078,1.06751257985875
projectsend,2022-10-28T10:39:15.919Z,0,0,0,0,0,0,0,0,18,18,8,20,8,15,11,6,5,0.0,11.375,0.0,5.655275665884277,11.375,inf,0.0,0.38927441440004257,0.0,0.0,-0.43923667182883946,0.7932646557509953,1.2325013275798347
intelowl-project,2022-12-27T21:13:38.393Z,0,0,0,0,0,0,0,0,0,0,25,15,7,13,11,6,13,0.0,11.25,0.0,7.3824115301167,11.25,inf,0.0,0.0015602571303750857,0.0,0.0,-0.43923667182883946,0.7785524982955127,1.2177891701243522
anotherredisdesktopmanager,2020-07-09T15:10:10.974Z,0,0,0,0,0,13,26,24,25,16,25,9,16,22,19,19,27,7.875,19.125,11.49456393257265,5.693040864574423,11.25,1.4285714285714286,0.7309160182521447,0.18074248983339888,0.0,0.0,0.906931359945221,1.7054184179909162,0.7984870580456952
anotherredisdesktopmanager,2020-07-09T15:10:10.974Z,0,0,0,0,0,13,26,24,25,16,25,9,16,22,19,19,27,7.875,19.125,11.49456393257265,5.693040864574423,11.25,1.4285714285714286,0.7309160182521447,0.18074248983339888,0.0,0.0,0.906931359945221,1.7054184179909162,0.7984870580456952
openstf,2019-06-28T06:17:04.872Z,0,0,0,0,0,0,0,4,13,10,8,13,18,13,9,9,13,0.5,11.625,1.4142135623730951,3.2923070504261465,11.125,22.25,0.3333333333333334,0.006354436337961873,0.0,0.0,-0.35376568568445466,0.8226889706619605,1.176454656346415
openstf,2019-06-28T06:17:04.872Z,0,0,0,0,0,0,0,4,13,10,8,13,18,13,9,9,13,0.5,11.625,1.4142135623730951,3.2923070504261465,11.125,22.25,0.3333333333333334,0.006354436337961873,0.0,0.0,-0.35376568568445466,0.8226889706619605,1.176454656346415
wexond,2019-05-02T14:33:53.644Z,0,0,0,0,0,0,2,25,9,15,24,32,15,9,12,7,0,3.375,14.25,8.765802057671944,9.996427933445597,10.875,3.2222222222222223,0.3787501521640495,0.5576772524592398,0.0,0.0,0.13769248464575792,1.131644277227095,0.993951792581337
ovenmediaengine,2021-07-03T16:14:46.609Z,0,0,2,27,21,27,37,28,26,36,25,21,29,32,36,21,29,17.75,28.625,14.810710410278867,5.974648824109127,10.875,0.6126760563380281,0.784993254872773,0.010505252626313157,0.0,0.0,2.5949833362968207,2.8235423846075935,0.2285590483107729
immer,2019-09-16T02:15:08.079Z,0,0,0,0,3,13,4,10,11,13,12,14,21,13,13,19,11,3.75,14.5,5.092010548749033,3.5456210417116734,10.75,2.8666666666666667,0.5714285714285715,0.006764069264069262,0.0,0.0,0.20179572425404654,1.1610685921380601,0.9592728678840136
napi-rs,2023-01-26T23:10:14.056Z,0,0,0,0,0,0,5,17,15,18,22,7,10,7,16,16,12,2.75,13.5,6.017830648521585,5.398412465054624,10.75,3.909090909090909,0.4868977176669482,0.06722689075630252,0.0,0.0,0.030853751965276933,1.0433713324941993,1.0125175805289224
single-spa,2020-01-30T21:33:37.866Z,0,0,0,0,5,6,18,10,10,16,25,19,20,21,9,5,10,4.875,15.625,6.490377492873585,6.926914382114366,10.75,2.2051282051282053,0.6760128383697693,0.518209367855814,0.0,0.0,0.3941054430789123,1.2934780092374034,0.899372566158491
flutter_easy_localization,2020-04-29T08:31:58.273Z,0,0,0,0,0,0,10,29,24,27,14,11,17,11,15,11,18,4.875,15.5,10.357019703701308,5.398412465054624,10.625,2.1794871794871793,0.5074159512314999,0.15126050420168066,0.0,0.0,0.3941054430789123,1.2787658517819207,0.8846604087030083
laravel-mongodb,2019-07-18T14:01:46.017Z,0,0,0,0,2,12,11,8,14,16,12,16,13,14,20,11,12,4.125,14.25,5.303300858899107,2.9640705601780613,10.125,2.4545454545454546,0.6712320483749055,0.038714672861014314,0.0,0.0,0.26589896386233514,1.131644277227095,0.8657453133647598
iris,2018-01-04T22:07:51.572Z,0,0,0,0,0,0,0,0,0,0,9,13,17,8,10,17,7,0.0,10.125,0.0,5.617256574927962,10.125,inf,0.0,0.135850378634759,0.0,0.0,-0.43923667182883946,0.6461430811961693,1.0853797530250087
iris,2018-01-04T22:07:51.572Z,0,0,0,0,0,0,0,0,0,0,9,13,17,8,10,17,7,0.0,10.125,0.0,5.617256574927962,10.125,inf,0.0,0.135850378634759,0.0,0.0,-0.43923667182883946,0.6461430811961693,1.0853797530250087
fritzing,2019-07-04T06:31:14.332Z,0,0,0,0,0,0,5,2,9,2,7,6,7,9,9,28,19,0.875,10.875,1.807721533549109,8.442029207652455,10.0,11.428571428571429,0.39578454332552704,0.658923053059861,0.0,0.0,-0.28966244607616604,0.7344160259290649,1.024078472005231
dynamoose,2020-05-06T03:42:00.576Z,0,0,0,0,0,0,1,26,38,17,17,13,12,2,25,11,8,3.375,13.125,9.148575220843329,6.8334785118143575,9.75,2.888888888888889,0.35527853129730663,0.08174451424929438,0.0,0.0,0.13769248464575792,0.9992348601277515,0.8615423754819936
husky,2019-06-26T15:37:59.804Z,0,0,0,0,6,11,6,7,16,23,12,6,8,13,7,21,18,3.75,13.5,4.301162633521313,6.524678426668135,9.75,2.6,0.6400073542930688,0.006471716203259827,0.0,0.0,0.20179572425404654,1.0433713324941993,0.8415756082401528
twilight,2021-09-15T13:40:38.588Z,0,0,0,0,0,27,20,20,15,9,16,30,25,9,32,12,12,8.375,18.125,11.758735354741901,9.463274878633264,9.75,1.164179104477612,0.6336967952620799,0.000769121207805156,0.0,0.0,0.9924023460896059,1.5877211583470554,0.5953188122574495
dynamoose,2020-05-06T03:42:00.576Z,0,0,0,0,0,0,1,26,38,17,17,13,12,2,25,11,8,3.375,13.125,9.148575220843329,6.8334785118143575,9.75,2.888888888888889,0.35527853129730663,0.08174451424929438,0.0,0.0,0.13769248464575792,0.9992348601277515,0.8615423754819936
dynamoose,2020-05-06T03:42:00.576Z,0,0,0,0,0,0,1,26,38,17,17,13,12,2,25,11,8,3.375,13.125,9.148575220843329,6.8334785118143575,9.75,2.888888888888889,0.35527853129730663,0.08174451424929438,0.0,0.0,0.13769248464575792,0.9992348601277515,0.8615423754819936
vale,2020-09-29T20:15:04.803Z,0,0,0,0,0,0,0,0,0,0,16,19,21,8,5,5,3,0.0,9.625,0.0,7.927123419897391,9.625,inf,0.0,0.10718683608709186,0.0,0.0,-0.43923667182883946,0.5872944513742389,1.0265311232030783
webdrivermanager,2019-02-21T16:21:01.187Z,0,0,0,0,0,0,0,0,1,14,8,10,9,13,8,9,6,0.0,9.625,0.0,2.669269563007828,9.625,inf,0.0,0.3352428690774556,0.0,0.0,-0.43923667182883946,0.5872944513742389,1.0265311232030783
renative,2019-08-23T18:16:07.632Z,0,0,0,0,0,0,0,0,0,0,0,4,2,22,10,9,29,0.0,9.5,0.0,10.717142476292029,9.5,inf,0.0,0.605573323856906,0.0,0.0,-0.43923667182883946,0.5725822939187563,1.0118189657475958
renative,2019-08-23T18:16:07.632Z,0,0,0,0,0,0,0,0,0,0,0,4,2,22,10,9,29,0.0,9.5,0.0,10.717142476292029,9.5,inf,0.0,0.605573323856906,0.0,0.0,-0.43923667182883946,0.5725822939187563,1.0118189657475958
react-data-table-component,2021-07-13T21:49:09.704Z,0,0,0,0,2,8,6,16,17,15,26,14,12,13,11,7,9,4.0,13.375,5.756983337031395,5.730557190560593,9.375,2.34375,0.7241379310344831,0.5444211398534399,0.0,0.0,0.24453121732623892,1.0286591750387166,0.7841279577124777
yourls,2017-05-02T12:30:56.998Z,0,0,0,0,0,0,0,4,17,3,11,6,13,8,12,11,14,0.5,9.75,1.4142135623730951,3.770183777256185,9.25,18.5,0.3333333333333334,0.48456568557071067,0.0,0.0,-0.35376568568445466,0.6020066088297215,0.9557722945141761
nodemon,2017-12-07T20:28:06.923Z,0,16,14,13,5,16,13,11,31,29,25,22,21,22,14,14,15,11.0,20.25,5.656854249492381,5.496752287877426,9.25,0.8409090909090909,0.09566326530612244,0.8717775526286166,0.0,0.0,1.441125023347626,1.8378278350902595,0.39670281174263344
casljs,2020-02-03T05:24:22.810Z,0,0,0,0,0,0,0,0,0,5,12,17,9,10,7,7,4,0.0,8.875,0.0,4.189698250300543,8.875,inf,0.0,0.18025480792520465,0.0,0.0,-0.43923667182883946,0.4990215066413433,0.9382581784701828
casbin,2019-05-24T13:26:28.474Z,0,0,0,0,0,0,3,6,10,11,11,8,13,11,13,9,4,1.125,10.0,2.2320714274285347,2.9760952365713798,8.875,7.888888888888889,0.5545314900153611,0.20314900153609833,0.0,0.0,-0.24692695300397366,0.6314309237406867,0.8783578767446603
keyshade,2024-04-24T19:54:14.123Z,0,0,0,0,36,38,30,5,13,20,30,51,1,20,20,27,11,13.625,22.5,17.646832981748148,14.6482568441241,8.875,0.6513761467889908,0.30644232003254895,0.09156045907044574,0.0,0.0,1.8898477006056462,2.102646669288946,0.21279896868329984
stride3d,2021-10-21T18:13:26.562Z,0,0,0,0,0,0,11,10,5,21,9,13,11,17,13,4,3,2.625,11.375,4.8678977568791,6.093028803476971,8.75,3.3333333333333335,0.5606990347005418,0.48157310062071945,0.0,0.0,0.009486005429180733,0.7932646557509953,0.7837786503218145
jsdelivr,2021-11-01T16:20:04.098Z,0,0,0,0,0,0,0,0,0,15,8,5,4,10,20,4,4,0.0,8.75,0.0,5.9701639125619606,8.75,inf,0.0,0.05048191621337915,0.0,0.0,-0.43923667182883946,0.4843093491858607,0.9235460210147002
html-webpack-plugin,2018-03-27T22:39:21.782Z,0,7,7,7,10,12,11,11,31,13,17,20,18,16,16,20,15,8.125,16.875,3.8706773124535783,2.416461403433896,8.75,1.0769230769230769,0.7506101367841536,0.0327653997378768,0.0,0.0,0.9496668530174135,1.4405995837922294,0.4909327307748159
kingfisher,2017-07-02T05:21:21.812Z,0,0,0,0,0,0,0,0,0,0,0,7,13,9,17,11,13,0.0,8.75,0.0,6.158617655657106,8.75,inf,0.0,0.6632589005470362,0.0,0.0,-0.43923667182883946,0.4843093491858607,0.9235460210147002
ffplayout,2023-06-16T14:07:10.762Z,0,0,3,2,6,6,2,2,10,21,6,0,8,9,11,15,20,2.625,11.25,2.326094212561969,7.126409634992524,8.625,3.2857142857142856,0.21515008643721517,0.08679927667269441,0.0,0.0,0.009486005429180733,0.7785524982955127,0.7690664928663319
ueransim,2021-01-31T11:45:15.487Z,0,0,2,4,6,2,16,19,14,13,12,15,23,14,6,19,16,6.125,14.75,7.337525857827399,5.007137762377681,8.625,1.4081632653061225,0.7300797599305064,0.013566680233346898,0.0,0.0,0.6077829084398744,1.1904929070490253,0.582709998609151
bumbag,2020-07-20T03:28:44.357Z,0,0,0,0,0,0,0,0,3,35,5,10,2,2,6,1,6,0.0,8.375,0.0,11.14754937835474,8.375,inf,0.0,0.3778936491969974,0.0,0.0,-0.43923667182883946,0.4401728768194129,0.8794095486482524
handycontrol,2020-07-04T09:47:58.636Z,11,24,15,6,11,21,7,19,18,14,13,9,20,38,28,31,28,14.25,22.625,6.606274074155351,10.169105874447089,8.375,0.5877192982456141,0.0007014262333411271,0.56877256169261,0.0,0.0,1.9966864332861272,2.1173588267444288,0.12067239345830161
nexrender,2019-12-09T08:31:37.067Z,0,0,0,14,32,9,13,8,7,13,18,19,22,14,20,21,15,9.5,17.75,10.770329614269007,3.3700360320244136,8.25,0.868421052631579,0.20199976542341075,0.043126684636118615,0.0,0.0,1.1847120649144716,1.5435846859806075,0.35887262106613593
openframeworks,2022-05-05T16:52:20.364Z,0,0,0,0,0,0,0,10,24,8,4,11,10,7,12,10,14,1.25,9.5,3.5355339059327378,3.116774889895918,8.25,6.6,0.3333333333333333,0.45378151260504207,0.0,0.0,-0.22555920646787747,0.5725822939187563,0.7981415003866337
mkdocs,2023-08-29T15:37:49.267Z,0,0,0,0,0,9,11,15,18,11,18,12,9,7,9,12,23,4.375,12.625,6.254998001598402,5.31675249968034,8.25,1.8857142857142857,0.7600139097172416,0.05562073218421923,0.0,0.0,0.3086344569345275,0.9403862303058212,0.6317517733712937
drogon,2023-04-08T18:15:01.838Z,0,7,21,10,14,20,8,13,10,22,17,26,24,20,17,22,9,11.625,19.625,6.94750726108704,5.31675249968034,8.0,0.6881720430107527,0.16575938551521238,0.28303703035225464,0.0,0.0,1.547963756028107,1.7642670478128466,0.21630329178473962
reqnroll,2024-04-15T09:13:42.137Z,0,0,0,0,0,0,12,7,6,11,12,9,5,13,8,9,16,2.375,10.375,4.596194077712559,3.37797487937881,8.0,3.3684210526315788,0.47824336835325865,0.046575750801102926,0.0,0.0,-0.033249487643011666,0.6755673961071345,0.7088168837501461
comunica-association,2021-10-15T08:40:15.874Z,0,0,0,0,0,0,0,0,6,4,4,7,5,20,15,4,5,0.0,8.0,0.0,6.09449400220044,8.0,inf,0.0,0.04844322344322346,0.0,0.0,-0.43923667182883946,0.3960364044529651,0.8352730762818046
reqnroll,2024-04-15T09:13:42.137Z,0,0,0,0,0,0,12,7,6,11,12,9,5,13,8,9,16,2.375,10.375,4.596194077712559,3.37797487937881,8.0,3.3684210526315788,0.47824336835325865,0.046575750801102926,0.0,0.0,-0.033249487643011666,0.6755673961071345,0.7088168837501461
reqnroll,2024-04-15T09:13:42.137Z,0,0,0,0,0,0,12,7,6,11,12,9,5,13,8,9,16,2.375,10.375,4.596194077712559,3.37797487937881,8.0,3.3684210526315788,0.47824336835325865,0.046575750801102926,0.0,0.0,-0.033249487643011666,0.6755673961071345,0.7088168837501461
sched-ext,2024-11-22T20:28:52.938Z,0,0,0,0,0,0,0,0,0,0,1,13,12,6,8,13,11,0.0,8.0,0.0,5.237229365663817,8.0,inf,0.0,0.41716269841269843,0.0,0.0,-0.43923667182883946,0.3960364044529651,0.8352730762818046
django-import-export,2023-06-26T10:06:19.926Z,0,0,0,0,0,0,0,0,2,3,1,10,7,12,15,9,7,0.0,8.0,0.0,4.566962103755937,8.0,inf,0.0,0.3157208088714939,0.0,0.0,-0.43923667182883946,0.3960364044529651,0.8352730762818046
noble,2016-09-17T14:38:27.876Z,0,0,0,11,10,12,12,15,13,14,17,12,13,15,23,17,12,7.5,15.375,6.369570517030843,3.662064211031025,7.875,1.05,0.8383635144198526,0.027962716378162458,0.0,0.0,0.8428281203369324,1.2640536943264382,0.4212255739895058
typegraphql,2019-03-18T10:25:04.923Z,0,1,12,21,13,7,12,14,22,23,23,11,21,22,14,14,15,10.0,17.875,7.010196655077312,4.85320218294802,7.875,0.7875,0.2924280177187155,0.298963861511246,0.0,0.0,1.2701830510588565,1.5582968434360902,0.28811379237723367
floccus,2019-09-17T01:07:43.438Z,0,0,0,0,0,0,0,0,0,0,3,7,5,8,15,11,13,0.0,7.75,0.0,5.092010548749033,7.75,inf,0.0,0.8187065459792732,0.0,0.0,-0.43923667182883946,0.3666120895419999,0.8058487613708394
urllib3,2020-12-27T20:15:17.165Z,0,0,0,0,0,0,0,0,0,0,0,10,4,15,16,10,7,0.0,7.75,0.0,6.158617655657106,7.75,inf,0.0,0.36732131647385896,0.0,0.0,-0.43923667182883946,0.3666120895419999,0.8058487613708394
datahike,2021-04-04T01:14:59.813Z,0,0,0,0,0,0,0,1,6,11,10,7,4,8,6,11,5,0.125,7.75,0.3535533905932738,2.712405363721075,7.625,61.0,0.3333333333333334,0.14979195561719832,0.0,0.0,-0.4178689252927433,0.3666120895419999,0.7844810148347432
selfdefined,2020-03-08T22:52:50.373Z,0,1,0,3,6,0,5,16,7,1,22,32,2,17,9,9,0,3.875,11.5,5.436319658424385,11.376667852608312,7.625,1.967741935483871,0.524384980578334,0.1043046357615894,0.0,0.0,0.22316347079014273,0.8079768132064779,0.5848133424163351
ngx-scrollbar,2019-08-26T01:32:48.851Z,0,0,0,0,0,0,0,0,13,15,6,10,6,4,8,8,4,0.0,7.625,0.0,3.6228441865473595,7.625,inf,0.0,0.36443148688046645,0.0,0.0,-0.43923667182883946,0.3518999320865173,0.7911366039153568
cookiecutter-django,2023-07-02T13:45:10.750Z,0,0,0,0,0,0,0,0,0,10,3,1,9,11,9,6,12,0.0,7.625,0.0,3.9256482631170977,7.625,inf,0.0,0.16691496992771618,0.0,0.0,-0.43923667182883946,0.3518999320865173,0.7911366039153568
cookiecutter-django,2023-07-02T13:45:10.750Z,0,0,0,0,0,0,0,0,0,10,3,1,9,11,9,6,12,0.0,7.625,0.0,3.9256482631170977,7.625,inf,0.0,0.16691496992771618,0.0,0.0,-0.43923667182883946,0.3518999320865173,0.7911366039153568
datahike,2021-04-04T01:14:59.813Z,0,0,0,0,0,0,0,1,6,11,10,7,4,8,6,11,5,0.125,7.75,0.3535533905932738,2.712405363721075,7.625,61.0,0.3333333333333334,0.14979195561719832,0.0,0.0,-0.4178689252927433,0.3666120895419999,0.7844810148347432
rvm,2019-01-07T18:21:09.433Z,0,0,0,0,0,19,4,25,20,14,18,16,14,8,12,11,15,6.0,13.5,10.099504938362077,3.116774889895918,7.5,1.25,0.5294117647058825,0.18522408963585438,0.0,0.0,0.5864151619037782,1.0433713324941993,0.45695617059042115
jira-cli,2021-11-07T04:11:09.442Z,0,0,0,0,0,0,0,0,13,9,16,9,3,6,6,6,5,0.0,7.5,0.0,3.9641248358604595,7.5,inf,0.0,0.3818181818181819,0.0,0.0,-0.43923667182883946,0.3371877746310348,0.7764244464598742
mewsfeed,2023-04-11T15:48:31.024Z,0,0,0,0,0,0,0,15,9,8,5,5,23,31,2,1,0,1.875,9.375,5.303300858899107,11.375883011252984,7.5,4.0,0.3333333333333334,0.03895864955613818,0.0,0.0,-0.11872047378739646,0.5578701364632737,0.6765906102506701
browserslist,2020-01-30T19:16:31.799Z,0,0,0,0,0,0,0,0,4,8,3,10,7,6,8,9,8,0.0,7.375,0.0,2.1339098923270936,7.375,inf,0.0,0.09878618113912234,0.0,0.0,-0.43923667182883946,0.3224756171755522,0.7617122890043917
hievents,2024-09-23T18:15:22.297Z,0,0,0,0,3,25,6,17,31,11,11,19,7,9,17,19,17,6.375,13.75,9.515964030437033,4.77343841331532,7.375,1.1568627450980393,0.4838812669615272,0.22704881325570983,0.0,0.0,0.6505184015120667,1.0727956474051645,0.4222772458930978
skia4delphi,2022-02-16T01:07:36.870Z,0,0,1,10,2,4,8,5,31,24,12,9,13,11,5,11,3,3.75,11.0,3.7321001364608946,6.301927142889365,7.25,1.9333333333333333,0.3526251526251526,0.5900137033230557,0.0,0.0,0.20179572425404654,0.7491281833845475,0.5473324591305009
xrdp-project,2023-12-21T16:47:23.372Z,0,11,12,6,13,8,5,14,10,16,11,20,11,21,15,15,18,8.625,15.875,4.779046527738113,3.720119045714225,7.25,0.8405797101449275,0.14777169663799847,0.05167434715821813,0.0,0.0,1.0351378391617982,1.3229023241483686,0.28776448498657037
doctoolchain,2018-11-28T21:47:52.510Z,0,0,0,0,0,0,0,0,9,6,11,6,12,4,12,3,4,0.0,7.25,0.0,3.8078865529319543,7.25,inf,0.0,0.11353506920009383,0.0,0.0,-0.43923667182883946,0.3077634597200696,0.747000131548909
pikepdf,2021-07-26T13:20:34.318Z,0,0,0,0,0,0,0,0,0,1,8,4,12,8,6,8,11,0.0,7.25,0.0,3.575711717366808,7.25,inf,0.0,0.3447725458898643,0.0,0.0,-0.43923667182883946,0.3077634597200696,0.747000131548909
proxypy,2021-07-10T09:21:11.227Z,0,0,0,2,4,6,1,5,1,3,3,6,22,6,26,7,3,2.25,9.5,2.434865792722759,9.149551120917666,7.25,3.2222222222222223,0.5163511187607573,0.041605720786608166,0.0,0.0,-0.05461723417910787,0.5725822939187563,0.6271995280978642
skia4delphi,2022-02-16T01:07:36.870Z,0,0,1,10,2,4,8,5,31,24,12,9,13,11,5,11,3,3.75,11.0,3.7321001364608946,6.301927142889365,7.25,1.9333333333333333,0.3526251526251526,0.5900137033230557,0.0,0.0,0.20179572425404654,0.7491281833845475,0.5473324591305009
stalwart,2024-09-24T10:31:06.924Z,13,21,19,57,77,39,47,38,52,32,44,28,66,55,35,40,69,38.875,46.125,21.49044638238782,15.541993804804177,7.25,0.1864951768488746,0.27291239737591677,0.21826188892057158,0.0,0.0,6.20613250089708,4.883244428375157,-1.3228880725219225
swarmpit,2020-01-30T13:23:17.413Z,0,0,0,0,0,0,5,26,13,9,16,6,16,20,7,3,11,3.875,11.0,9.109453488390116,5.855400437691199,7.125,1.8387096774193548,0.4390851240431615,0.04801587301587302,0.0,0.0,0.22316347079014273,0.7491281833845475,0.5259647125944047
libsodium,2019-07-04T00:08:23.740Z,0,0,0,0,0,0,6,3,7,7,5,12,6,10,10,8,8,1.125,8.25,2.2320714274285347,2.3145502494313788,7.125,6.333333333333333,0.4439324116743474,0.06349206349206347,0.0,0.0,-0.24692695300397366,0.4254607193639303,0.672387672367904
moonshine,2023-06-29T18:40:35.790Z,0,0,0,0,0,3,15,2,3,13,7,3,8,8,22,7,9,2.5,9.625,5.18238775634773,5.7055737159878515,7.125,2.85,0.3040780141843973,0.021967975341535415,0.0,0.0,-0.011881741106915466,0.5872944513742389,0.5991761924811543
moonshine,2023-06-29T18:40:35.790Z,0,0,0,0,0,3,15,2,3,13,7,3,8,8,22,7,9,2.5,9.625,5.18238775634773,5.7055737159878515,7.125,2.85,0.3040780141843973,0.021967975341535415,0.0,0.0,-0.011881741106915466,0.5872944513742389,0.5991761924811543
moonshine,2023-06-29T18:40:35.790Z,0,0,0,0,0,3,15,2,3,13,7,3,8,8,22,7,9,2.5,9.625,5.18238775634773,5.7055737159878515,7.125,2.85,0.3040780141843973,0.021967975341535415,0.0,0.0,-0.011881741106915466,0.5872944513742389,0.5991761924811543
beercss,2023-04-06T07:27:35.894Z,0,0,0,0,0,0,0,0,0,0,9,14,3,10,5,10,6,0.0,7.125,0.0,4.4860896112315904,7.125,inf,0.0,0.030802383065027254,0.0,0.0,-0.43923667182883946,0.293051302264587,0.7322879740934265
pyke-osai,2023-09-29T18:39:38.945Z,0,0,0,0,0,0,0,0,0,0,7,10,5,8,11,8,8,0.0,7.125,0.0,3.399054490379851,7.125,inf,0.0,0.3303893427541032,0.0,0.0,-0.43923667182883946,0.293051302264587,0.7322879740934265
textpattern-collective,2020-11-04T02:10:12.304Z,0,0,0,1,16,8,15,5,9,28,8,9,22,8,5,15,7,5.625,12.75,6.738747234146291,8.241879119992687,7.125,1.2666666666666666,0.4157257082935415,0.23839567372690398,0.0,0.0,0.5223119222954895,0.9550983877613037,0.43278646546581423
utopia-project,2024-10-17T20:48:00.388Z,0,0,0,0,0,0,0,0,0,0,0,1,18,14,3,2,18,0.0,7.0,0.0,8.159131606453506,7.0,inf,0.0,0.24325567136725926,0.0,0.0,-0.43923667182883946,0.2783391448091044,0.7175758166379438
utopia-project,2024-10-17T20:48:00.388Z,0,0,0,0,0,0,0,0,0,0,0,1,18,14,3,2,18,0.0,7.0,0.0,8.159131606453506,7.0,inf,0.0,0.24325567136725926,0.0,0.0,-0.43923667182883946,0.2783391448091044,0.7175758166379438
plyr,2020-03-14T10:37:59.710Z,23,34,14,25,16,11,20,23,23,53,33,28,23,19,21,18,26,20.75,27.625,7.245688373094719,11.388433982397604,6.875,0.3313253012048193,0.12542921930677034,0.5475961002602887,0.0,0.0,3.1078092531631296,2.7058451249637328,-0.40196412819939686
pyenv,2021-10-16T14:01:04.196Z,0,0,0,34,16,8,10,14,25,19,11,15,14,22,24,20,12,10.25,17.125,11.535659000309803,4.793969425970806,6.875,0.6707317073170732,0.15154768294864918,0.03555703555703555,0.0,0.0,1.312918544131049,1.4700238987031946,0.1571053545721457
setup-php,2021-07-15T15:57:59.875Z,0,0,0,0,0,6,8,9,7,6,17,7,11,12,11,8,6,2.875,9.75,4.051013982414068,3.770183777256185,6.875,2.391304347826087,0.7586403440592779,0.061258674324000964,0.0,0.0,0.052221498501373136,0.6020066088297215,0.5497851103283483
plyr,2020-03-14T10:37:59.710Z,23,34,14,25,16,11,20,23,23,53,33,28,23,19,21,18,26,20.75,27.625,7.245688373094719,11.388433982397604,6.875,0.3313253012048193,0.12542921930677034,0.5475961002602887,0.0,0.0,3.1078092531631296,2.7058451249637328,-0.40196412819939686
setup-php,2021-07-15T15:57:59.875Z,0,0,0,0,0,6,8,9,7,6,17,7,11,12,11,8,6,2.875,9.75,4.051013982414068,3.770183777256185,6.875,2.391304347826087,0.7586403440592779,0.061258674324000964,0.0,0.0,0.052221498501373136,0.6020066088297215,0.5497851103283483
pyenv,2021-10-16T14:01:04.196Z,0,0,0,34,16,8,10,14,25,19,11,15,14,22,24,20,12,10.25,17.125,11.535659000309803,4.793969425970806,6.875,0.6707317073170732,0.15154768294864918,0.03555703555703555,0.0,0.0,1.312918544131049,1.4700238987031946,0.1571053545721457
aflpluspluseu,2021-06-12T01:02:28.307Z,0,0,0,0,0,0,2,17,14,9,6,4,13,12,10,14,6,2.375,9.25,5.950690236074659,3.6547425158474374,6.875,2.8947368421052633,0.39961097903609266,0.08250572956455308,0.0,0.0,-0.033249487643011666,0.5431579790077911,0.5764074666508028
aflpluspluseu,2021-06-12T01:02:28.307Z,0,0,0,0,0,0,2,17,14,9,6,4,13,12,10,14,6,2.375,9.25,5.950690236074659,3.6547425158474374,6.875,2.8947368421052633,0.39961097903609266,0.08250572956455308,0.0,0.0,-0.033249487643011666,0.5431579790077911,0.5764074666508028
imask,2019-07-26T11:14:11.957Z,0,0,0,0,3,6,11,15,15,10,15,6,7,3,10,16,22,4.375,11.125,5.829420456369815,6.197637798848388,6.75,1.542857142857143,0.8197832995520856,0.20829735892497395,0.0,0.0,0.3086344569345275,0.76384034084003,0.45520588390550254
blaze,2016-09-28T17:30:44.892Z,0,4,8,14,10,1,2,10,42,11,42,32,7,1,4,3,3,6.125,12.875,5.083235752381126,15.431299362010964,6.75,1.1020408163265305,0.04031329186823314,0.41523738104165553,0.0,0.0,0.6077829084398744,0.9698105452167863,0.36202763677691197
vifm,2022-05-24T15:54:34.171Z,0,0,0,0,0,0,0,0,0,0,4,8,6,8,10,9,9,0.0,6.75,0.0,3.3273756282434617,6.75,inf,0.0,0.7078341013824885,0.0,0.0,-0.43923667182883946,0.24891482989813918,0.6881515017269786
schedule-x,2024-07-03T10:18:43.995Z,0,0,14,9,13,28,12,15,22,13,17,20,25,13,20,16,21,11.375,18.125,8.975164144937485,4.155461122770509,6.75,0.5934065934065934,0.4699728705492395,0.07490028069138721,0.0,0.0,1.5052282629559146,1.5877211583470554,0.0824928953911408
less,2020-03-06T11:34:25.144Z,0,0,0,0,0,0,0,0,6,2,8,10,16,4,3,6,4,0.0,6.625,0.0,4.627171304989074,6.625,inf,0.0,0.03340084991461138,0.0,0.0,-0.43923667182883946,0.23420267244265658,0.6734393442714961
less,2020-03-06T11:34:25.144Z,0,0,0,0,0,0,0,0,6,2,8,10,16,4,3,6,4,0.0,6.625,0.0,4.627171304989074,6.625,inf,0.0,0.03340084991461138,0.0,0.0,-0.43923667182883946,0.23420267244265658,0.6734393442714961
websockets,2024-02-28T14:11:54.585Z,0,0,0,0,0,0,0,0,0,0,1,10,5,4,8,12,12,0.0,6.5,0.0,4.7207747548166585,6.5,inf,0.0,0.664835164835165,0.0,0.0,-0.43923667182883946,0.21949051498717398,0.6587271868160134
nock,2018-04-27T19:33:16.584Z,0,0,0,0,0,0,0,0,0,0,0,0,0,10,10,9,22,0.0,6.375,0.0,7.927123419897391,6.375,inf,0.0,0.7729603918862231,0.0,0.0,-0.43923667182883946,0.20477835753169138,0.6440150293605309
confuserex,2019-11-07T19:54:30.737Z,0,0,0,0,0,0,0,0,0,0,8,7,0,5,9,6,16,0.0,6.375,0.0,5.1530157605591915,6.375,inf,0.0,0.40890895699234653,0.0,0.0,-0.43923667182883946,0.20477835753169138,0.6440150293605309
librecad,2022-10-09T19:03:15.940Z,0,0,0,0,0,0,0,0,0,0,3,5,4,4,8,10,17,0.0,6.375,0.0,5.262739645035518,6.375,inf,0.0,0.8157256455128796,0.0,0.0,-0.43923667182883946,0.20477835753169138,0.6440150293605309
confuserex,2019-11-07T19:54:30.737Z,0,0,0,0,0,0,0,0,0,0,8,7,0,5,9,6,16,0.0,6.375,0.0,5.1530157605591915,6.375,inf,0.0,0.40890895699234653,0.0,0.0,-0.43923667182883946,0.20477835753169138,0.6440150293605309
omigroup,2021-06-30T16:41:44.516Z,0,0,0,0,0,0,0,3,2,6,1,9,2,10,10,10,5,0.375,6.625,1.0606601717798212,3.7008686239082538,6.25,16.666666666666668,0.3333333333333334,0.14906562364189488,0.0,0.0,-0.37513343222055084,0.23420267244265658,0.6093361046632074
statoscope,2021-03-10T23:25:18.271Z,0,0,0,0,0,0,0,0,2,1,4,12,6,5,6,12,4,0.0,6.25,0.0,3.882193783343198,6.25,inf,0.0,0.09952606635071092,0.0,0.0,-0.43923667182883946,0.19006620007620878,0.6293028719050482
statoscope,2021-03-10T23:25:18.271Z,0,0,0,0,0,0,0,0,2,1,4,12,6,5,6,12,4,0.0,6.25,0.0,3.882193783343198,6.25,inf,0.0,0.09952606635071092,0.0,0.0,-0.43923667182883946,0.19006620007620878,0.6293028719050482
tvheadend,2023-12-07T21:24:52.708Z,0,0,0,0,0,0,0,0,0,0,13,6,3,8,10,5,5,0.0,6.25,0.0,4.06201920231798,6.25,inf,0.0,0.007421150278293135,0.0,0.0,-0.43923667182883946,0.19006620007620878,0.6293028719050482
tvheadend,2023-12-07T21:24:52.708Z,0,0,0,0,0,0,0,0,0,0,13,6,3,8,10,5,5,0.0,6.25,0.0,4.06201920231798,6.25,inf,0.0,0.007421150278293135,0.0,0.0,-0.43923667182883946,0.19006620007620878,0.6293028719050482
cusdis,2021-04-23T12:51:02.349Z,0,0,0,0,0,0,0,0,40,20,4,1,7,4,3,6,4,0.0,6.125,0.0,5.89036743942418,6.125,inf,0.0,0.24020292625542242,0.0,0.0,-0.43923667182883946,0.17535404262072618,0.6145907144495657
mattn-go-sqlite3,2020-09-16T16:54:32.637Z,0,0,0,0,0,0,0,0,8,8,5,5,6,5,10,4,6,0.0,6.125,0.0,1.9594095320493146,6.125,inf,0.0,0.005537098560354374,0.0,0.0,-0.43923667182883946,0.17535404262072618,0.6145907144495657
quinn-rs,2024-03-22T21:21:44.708Z,0,0,0,3,3,5,9,7,9,12,15,7,9,4,7,9,13,3.375,9.5,3.420004177106889,3.625307868699863,6.125,1.8148148148148149,0.8637586332242824,0.05072463768115944,0.0,0.0,0.13769248464575792,0.5725822939187563,0.43488980927299836
quinn-rs,2024-03-22T21:21:44.708Z,0,0,0,3,3,5,9,7,9,12,15,7,9,4,7,9,13,3.375,9.5,3.420004177106889,3.625307868699863,6.125,1.8148148148148149,0.8637586332242824,0.05072463768115944,0.0,0.0,0.13769248464575792,0.5725822939187563,0.43488980927299836
nativescript,2020-06-26T21:21:47.587Z,0,0,0,0,0,0,0,0,0,0,0,0,0,0,0,4,44,0.0,6.0,0.0,15.417985786550904,6.0,inf,0.0,0.38484432234432236,0.0,0.0,-0.43923667182883946,0.16064188516524358,0.599878556994083
welcometomygarden,2020-05-20T11:53:08.964Z,0,0,0,0,0,0,0,0,4,10,23,11,0,0,0,0,3,0.0,5.875,0.0,8.305548919676703,5.875,inf,0.0,0.4783970020832564,0.0,0.0,-0.43923667182883946,0.145929727709761,0.5851663995386005
openapi-ts,2024-07-11T23:51:26.263Z,4,15,14,18,11,19,13,26,17,36,13,21,17,20,20,20,20,15.0,20.875,6.414269805898185,6.642665127793212,5.875,0.39166666666666666,0.4775132275132275,0.11425873465533523,0.0,0.0,2.1248929125027045,1.9113886223676724,-0.21350429013503214
tidal-media-downloader,2021-07-10T04:11:07.164Z,23,25,15,6,19,10,11,8,7,7,9,14,33,28,35,24,14,14.625,20.5,7.069805008424408,10.915257997081753,5.875,0.4017094017094017,0.532996478334099,0.23641087130295765,0.0,0.0,2.060789672894416,1.8672521500012247,-0.19353752289319126
projectm,2018-12-15T00:12:08.870Z,0,0,0,0,0,0,6,3,7,10,1,10,6,13,6,6,3,1.125,6.875,2.2320714274285347,3.9438016467073274,5.75,5.111111111111111,0.4439324116743474,0.04597889672516539,0.0,0.0,-0.24692695300397366,0.2636269873536218,0.5105539403575954
ua-parser-js,2021-03-11T01:33:35.336Z,0,0,0,0,0,0,0,3,5,3,2,5,7,6,7,13,6,0.375,6.125,1.0606601717798212,3.3139316313320126,5.75,15.333333333333334,0.3333333333333334,0.5080139372822302,0.0,0.0,-0.37513343222055084,0.17535404262072618,0.550487474841277
mathesar,2023-03-15T20:15:45.443Z,0,0,0,0,0,0,0,0,0,0,0,0,0,0,0,23,23,0.0,5.75,0.0,10.646931147384342,5.75,inf,0.0,0.5714285714285713,0.0,0.0,-0.43923667182883946,0.1312175702542784,0.5704542420831179
mathesar,2023-03-15T20:15:45.443Z,0,0,0,0,0,0,0,0,0,0,0,0,0,0,0,23,23,0.0,5.75,0.0,10.646931147384342,5.75,inf,0.0,0.5714285714285713,0.0,0.0,-0.43923667182883946,0.1312175702542784,0.5704542420831179
vvvebjs,2019-04-10T09:29:08.146Z,0,0,0,0,0,0,0,0,0,0,3,12,12,5,7,3,4,0.0,5.75,0.0,4.334248987508019,5.75,inf,0.0,0.0016295491580662683,0.0,0.0,-0.43923667182883946,0.1312175702542784,0.5704542420831179
vvvebjs,2019-04-10T09:29:08.146Z,0,0,0,0,0,0,0,0,0,0,3,12,12,5,7,3,4,0.0,5.75,0.0,4.334248987508019,5.75,inf,0.0,0.0016295491580662683,0.0,0.0,-0.43923667182883946,0.1312175702542784,0.5704542420831179
cantera,2022-04-05T18:47:04.498Z,0,0,0,0,0,4,10,7,11,15,19,3,12,8,1,4,5,2.625,8.375,3.9618718519695424,6.368168608679533,5.75,2.1904761904761907,0.6674792784007801,0.5037638128787403,0.0,0.0,0.009486005429180733,0.4401728768194129,0.4306868713902322
vvvebjs,2019-04-10T09:29:08.146Z,0,0,0,0,0,0,0,0,0,0,3,12,12,5,7,3,4,0.0,5.75,0.0,4.334248987508019,5.75,inf,0.0,0.0016295491580662683,0.0,0.0,-0.43923667182883946,0.1312175702542784,0.5704542420831179
cantera,2022-04-05T18:47:04.498Z,0,0,0,0,0,4,10,7,11,15,19,3,12,8,1,4,5,2.625,8.375,3.9618718519695424,6.368168608679533,5.75,2.1904761904761907,0.6674792784007801,0.5037638128787403,0.0,0.0,0.009486005429180733,0.4401728768194129,0.4306868713902322
aiogram,2019-05-24T20:52:54.117Z,0,0,0,0,0,0,0,0,0,1,9,11,2,3,10,4,5,0.0,5.625,0.0,3.8521793460696654,5.625,inf,0.0,5.730330640077933e-05,0.0,0.0,-0.43923667182883946,0.11650541279879581,0.5557420846276353
asyncapi,2019-03-10T01:52:36.842Z,0,0,0,0,0,0,0,6,13,10,7,6,8,4,5,6,4,0.75,6.25,2.1213203435596424,2.052872551885702,5.5,7.333333333333333,0.3333333333333334,0.5883777239709443,0.0,0.0,-0.3110301926122623,0.19006620007620878,0.5010963926884711
usingcombine,2019-07-25T01:00:42.244Z,0,0,0,0,0,0,0,3,28,13,2,1,12,9,0,3,7,0.375,5.875,1.0606601717798212,5.083235752381126,5.5,14.666666666666666,0.3333333333333334,0.06084838911376577,0.0,0.0,-0.37513343222055084,0.145929727709761,0.5210631599303118
onedark-pro,2021-07-06T14:56:57.118Z,0,0,0,0,0,0,0,0,3,6,8,4,4,6,11,3,2,0.0,5.5,0.0,2.9277002188455996,5.5,inf,0.0,0.0892857142857143,0.0,0.0,-0.43923667182883946,0.10179325534331321,0.5410299271721527
usingcombine,2019-07-25T01:00:42.244Z,0,0,0,0,0,0,0,3,28,13,2,1,12,9,0,3,7,0.375,5.875,1.0606601717798212,5.083235752381126,5.5,14.666666666666666,0.3333333333333334,0.06084838911376577,0.0,0.0,-0.37513343222055084,0.145929727709761,0.5210631599303118
usingcombine,2019-07-25T01:00:42.244Z,0,0,0,0,0,0,0,3,28,13,2,1,12,9,0,3,7,0.375,5.875,1.0606601717798212,5.083235752381126,5.5,14.666666666666666,0.3333333333333334,0.06084838911376577,0.0,0.0,-0.37513343222055084,0.145929727709761,0.5210631599303118
deskreen,2021-01-19T08:22:26.873Z,0,0,0,0,0,0,0,0,49,12,10,0,5,8,3,3,3,0.0,5.5,0.0,4.105745103771404,5.5,inf,0.0,0.3730831315577079,0.0,0.0,-0.43923667182883946,0.10179325534331321,0.5410299271721527
iconify,2024-04-20T18:20:11.886Z,0,0,0,0,0,0,0,0,4,7,3,2,12,3,8,3,5,0.0,5.375,0.0,3.420004177106889,5.375,inf,0.0,0.001817520901490367,0.0,0.0,-0.43923667182883946,0.08708109788783061,0.5263177697166701
falcon,2018-10-06T16:14:40.026Z,0,0,0,17,8,5,1,5,12,3,8,7,15,9,7,23,7,4.5,9.875,5.879747322073336,6.266407036161723,5.375,1.1944444444444444,0.052046438410074794,0.20375062257736198,0.0,0.0,0.33000220347062376,0.6167187662852041,0.2867165628145803
spaceship-prompt,2022-01-15T10:46:04.415Z,0,3,4,5,0,3,0,2,4,2,4,5,2,3,2,2,40,2.125,7.5,1.9594095320493146,13.180071536766624,5.375,2.5294117647058822,0.017940199335548176,0.3010651629072682,0.0,0.0,-0.07598498071520407,0.3371877746310348,0.4131727553462389
microcks,2023-11-28T18:42:32.801Z,0,5,18,29,9,11,12,25,25,9,17,27,11,18,23,36,11,13.625,19.0,9.82616768779016,9.273618495495704,5.375,0.3944954128440367,0.2515346068147992,0.10694510362284447,0.0,0.0,1.8898477006056462,1.6907062605354335,-0.19914144007021273
iconify,2024-04-20T18:20:11.886Z,0,0,0,0,0,0,0,0,4,7,3,2,12,3,8,3,5,0.0,5.375,0.0,3.420004177106889,5.375,inf,0.0,0.001817520901490367,0.0,0.0,-0.43923667182883946,0.08708109788783061,0.5263177697166701
spaceship-prompt,2022-01-15T10:46:04.415Z,0,3,4,5,0,3,0,2,4,2,4,5,2,3,2,2,40,2.125,7.5,1.9594095320493146,13.180071536766624,5.375,2.5294117647058822,0.017940199335548176,0.3010651629072682,0.0,0.0,-0.07598498071520407,0.3371877746310348,0.4131727553462389
pickr,2019-07-15T16:28:25.747Z,0,0,0,0,0,0,0,0,0,2,9,13,5,7,3,1,3,0.0,5.375,0.0,4.0686080455816125,5.375,inf,0.0,0.19114398726049212,0.0,0.0,-0.43923667182883946,0.08708109788783061,0.5263177697166701
iconify,2024-04-20T18:20:11.886Z,0,0,0,0,0,0,0,0,4,7,3,2,12,3,8,3,5,0.0,5.375,0.0,3.420004177106889,5.375,inf,0.0,0.001817520901490367,0.0,0.0,-0.43923667182883946,0.08708109788783061,0.5263177697166701
spaceship-prompt,2022-01-15T10:46:04.415Z,0,3,4,5,0,3,0,2,4,2,4,5,2,3,2,2,40,2.125,7.5,1.9594095320493146,13.180071536766624,5.375,2.5294117647058822,0.017940199335548176,0.3010651629072682,0.0,0.0,-0.07598498071520407,0.3371877746310348,0.4131727553462389
iconify,2024-04-20T18:20:11.886Z,0,0,0,0,0,0,0,0,4,7,3,2,12,3,8,3,5,0.0,5.375,0.0,3.420004177106889,5.375,inf,0.0,0.001817520901490367,0.0,0.0,-0.43923667182883946,0.08708109788783061,0.5263177697166701
microcks,2023-11-28T18:42:32.801Z,0,5,18,29,9,11,12,25,25,9,17,27,11,18,23,36,11,13.625,19.0,9.82616768779016,9.273618495495704,5.375,0.3944954128440367,0.2515346068147992,0.10694510362284447,0.0,0.0,1.8898477006056462,1.6907062605354335,-0.19914144007021273
dockstarter,2019-03-17T20:13:22.779Z,0,0,0,0,0,0,0,0,0,0,3,9,10,8,3,4,6,0.0,5.375,0.0,3.461523198989551,5.375,inf,0.0,0.05173515009580584,0.0,0.0,-0.43923667182883946,0.08708109788783061,0.5263177697166701
pickr,2019-07-15T16:28:25.747Z,0,0,0,0,0,0,0,0,0,2,9,13,5,7,3,1,3,0.0,5.375,0.0,4.0686080455816125,5.375,inf,0.0,0.19114398726049212,0.0,0.0,-0.43923667182883946,0.08708109788783061,0.5263177697166701
tom-select,2021-03-10T05:13:52.847Z,0,5,1,1,0,0,6,9,11,4,12,4,7,13,7,8,9,2.75,8.0,3.4537764010675946,3.295017884191656,5.25,1.9090909090909092,0.2919874536641005,0.07048872180451128,0.0,0.0,0.030853751965276933,0.3960364044529651,0.36518265248768816
tom-select,2021-03-10T05:13:52.847Z,0,5,1,1,0,0,6,9,11,4,12,4,7,13,7,8,9,2.75,8.0,3.4537764010675946,3.295017884191656,5.25,1.9090909090909092,0.2919874536641005,0.07048872180451128,0.0,0.0,0.030853751965276933,0.3960364044529651,0.36518265248768816
expand,2019-05-28T08:01:12.112Z,0,42,26,18,37,15,21,38,31,34,17,49,32,55,20,13,19,24.625,29.875,14.101038462265313,15.51439423797876,5.25,0.2131979695431472,0.09241131567130671,0.12619630536389945,0.0,0.0,3.770209395782112,2.9706639591624193,-0.7995454366196926
expand,2019-05-28T08:01:12.112Z,0,42,26,18,37,15,21,38,31,34,17,49,32,55,20,13,19,24.625,29.875,14.101038462265313,15.51439423797876,5.25,0.2131979695431472,0.09241131567130671,0.12619630536389945,0.0,0.0,3.770209395782112,2.9706639591624193,-0.7995454366196926
dfir-iris,2023-07-05T09:22:50.409Z,0,0,11,11,4,21,11,9,3,17,12,9,10,16,20,12,13,8.375,13.625,6.968039281503185,3.7392703642746743,5.25,0.6268656716417911,0.34818473178164244,0.007358754485191269,0.0,0.0,0.9924023460896059,1.0580834899496818,0.06568114386007595
sorry-cypress,2020-11-03T02:10:05.590Z,0,0,6,3,6,9,11,26,7,21,5,9,9,13,17,16,13,7.625,12.875,8.399617338222702,5.139135558215436,5.25,0.6885245901639344,0.7472610912246448,0.023471457548536658,0.0,0.0,0.8641958668730286,0.9698105452167863,0.1056146783437577
sorry-cypress,2020-11-03T02:10:05.590Z,0,0,6,3,6,9,11,26,7,21,5,9,9,13,17,16,13,7.625,12.875,8.399617338222702,5.139135558215436,5.25,0.6885245901639344,0.7472610912246448,0.023471457548536658,0.0,0.0,0.8641958668730286,0.9698105452167863,0.1056146783437577
livetl,2021-02-27T18:32:12.657Z,0,0,0,0,0,1,34,9,4,5,25,17,6,15,14,4,0,5.5,10.75,11.92835756865606,8.345229603962801,5.25,0.9545454545454546,0.332855230445592,0.23931623931623938,0.0,0.0,0.5009441757593933,0.7197038684735823,0.21875969271418894
fluffos-579,2021-01-08T05:36:39.773Z,0,0,0,0,0,0,0,0,6,6,5,12,5,0,3,5,5,0.0,5.125,0.0,3.3567628964311944,5.125,inf,0.0,0.11478378990264888,0.0,0.0,-0.43923667182883946,0.05765678297686542,0.4968934548057049
hrea,2022-04-22T20:24:20.014Z,0,0,0,0,0,0,1,23,21,6,25,19,10,4,1,0,0,3.0,8.125,8.088792952509753,9.341726668173134,5.125,1.7083333333333333,0.3581305884799334,0.5020998372747913,0.0,0.0,0.07358924503746933,0.4107485619084477,0.3371593168709784
go-app,2020-09-01T16:06:57.838Z,0,0,0,3,3,6,1,7,3,2,3,14,8,7,8,4,14,2.5,7.5,2.7774602993176543,4.59813626840888,5.0,2.0,0.5714285714285713,0.19707207207207209,0.0,0.0,-0.011881741106915466,0.3371877746310348,0.34906951573795025
node-fetch,2020-08-20T01:53:27.641Z,0,0,0,12,14,27,11,9,8,23,17,8,17,17,14,13,4,9.125,14.125,9.295736349838794,5.914570386523678,5.0,0.547945205479452,0.3975732884598354,0.4430102822139576,0.0,0.0,1.120608825306183,1.1169321197716122,-0.003676705534570779
swag,2019-03-15T18:36:49.334Z,0,0,0,0,0,0,0,0,0,0,0,0,0,0,14,11,15,0.0,5.0,0.0,6.98978847012861,5.0,inf,0.0,0.7101782233361181,0.0,0.0,-0.43923667182883946,0.04294462552138282,0.4821812973502223
woographql,2020-02-21T22:51:57.358Z,0,0,0,0,3,9,6,12,8,6,13,10,17,8,4,4,8,3.75,8.75,4.743416490252569,4.496029994816062,5.0,1.3333333333333333,0.783673469387755,0.1415110213696786,0.0,0.0,0.20179572425404654,0.4843093491858607,0.2825136249318142
tinyfilemanager,2021-07-17T06:56:46.084Z,0,0,0,0,7,12,13,17,12,5,14,12,11,9,8,10,19,6.125,11.0,7.079901129253148,4.208834246473209,4.875,0.7959183673469388,0.8741581420598163,0.196620583717358,0.0,0.0,0.6077829084398744,0.7491281833845475,0.14134527494467308
gpujs,2019-08-05T04:14:30.900Z,0,0,0,7,9,16,4,7,3,10,15,10,11,13,4,7,12,5.375,10.25,5.604526232048012,3.4537764010675946,4.875,0.9069767441860465,0.3833617585749481,0.12574850299401202,0.0,0.0,0.47957642922329713,0.6608552386516519,0.18127880942835473
tinyfilemanager,2021-07-17T06:56:46.084Z,0,0,0,0,7,12,13,17,12,5,14,12,11,9,8,10,19,6.125,11.0,7.079901129253148,4.208834246473209,4.875,0.7959183673469388,0.8741581420598163,0.196620583717358,0.0,0.0,0.6077829084398744,0.7491281833845475,0.14134527494467308
github-profile-readme-generator,2022-09-27T03:42:29.619Z,0,0,0,0,0,0,0,8,10,14,5,3,3,7,4,5,5,1.0,5.75,2.8284271247461903,3.575711717366808,4.75,4.75,0.3333333333333334,0.20856610800744887,0.0,0.0,-0.26829469954006985,0.1312175702542784,0.3995122697943483
angular-tree-component,2019-10-24T10:39:55.453Z,0,0,0,0,0,0,0,0,5,3,3,8,9,4,5,3,3,0.0,4.75,0.0,2.434865792722759,4.75,inf,0.0,0.02811244979919679,0.0,0.0,-0.43923667182883946,0.013520310610417629,0.4527569824392571
github-profile-readme-generator,2022-09-27T03:42:29.619Z,0,0,0,0,0,0,0,8,10,14,5,3,3,7,4,5,5,1.0,5.75,2.8284271247461903,3.575711717366808,4.75,4.75,0.3333333333333334,0.20856610800744887,0.0,0.0,-0.26829469954006985,0.1312175702542784,0.3995122697943483
github-profile-readme-generator,2022-09-27T03:42:29.619Z,0,0,0,0,0,0,0,8,10,14,5,3,3,7,4,5,5,1.0,5.75,2.8284271247461903,3.575711717366808,4.75,4.75,0.3333333333333334,0.20856610800744887,0.0,0.0,-0.26829469954006985,0.1312175702542784,0.3995122697943483
telega,2021-01-02T00:15:33.036Z,0,0,0,0,0,0,0,12,10,11,6,6,3,7,2,6,9,1.5,6.25,4.242640687119285,2.9154759474226504,4.75,3.1666666666666665,0.3333333333333334,0.04841936774709884,0.0,0.0,-0.18282371339568507,0.19006620007620878,0.3728899134718938
hpx,2021-06-11T01:51:42.122Z,0,0,0,0,0,4,7,7,15,9,9,8,0,9,7,7,7,2.25,7.0,3.24037034920393,2.9760952365713798,4.75,2.111111111111111,0.7463556851311953,0.031105990783410135,0.0,0.0,-0.05461723417910787,0.2783391448091044,0.33295637898821223
hpx,2021-06-11T01:51:42.122Z,0,0,0,0,0,4,7,7,15,9,9,8,0,9,7,7,7,2.25,7.0,3.24037034920393,2.9760952365713798,4.75,2.111111111111111,0.7463556851311953,0.031105990783410135,0.0,0.0,-0.05461723417910787,0.2783391448091044,0.33295637898821223
zoneminder,2021-05-07T11:21:04.131Z,0,0,0,0,5,27,8,9,24,21,8,18,6,10,8,9,7,6.125,10.875,9.24951736192605,5.514591035218685,4.75,0.7755102040816326,0.35504070131496573,0.3959678997846938,0.0,0.0,0.6077829084398744,0.7344160259290649,0.12663311748919048
pufferpanel,2020-08-11T00:21:11.363Z,0,0,0,0,0,0,0,0,0,0,0,0,0,15,9,2,12,0.0,4.75,0.0,6.250714244902623,4.75,inf,0.0,0.402542004004527,0.0,0.0,-0.43923667182883946,0.013520310610417629,0.4527569824392571
metro4,2019-10-17T07:20:54.517Z,0,7,12,15,10,6,2,21,28,13,11,12,11,8,10,21,24,9.125,13.75,6.895909760761913,5.650537269018887,4.625,0.5068493150684932,0.17525883804516929,0.3708320017044851,0.0,0.0,1.120608825306183,1.0727956474051645,-0.04781317790101847
dbgate,2021-07-06T02:02:14.185Z,0,0,0,0,2,27,8,6,9,4,9,13,11,3,7,23,10,5.375,10.0,9.272655652893773,6.25642526870234,4.625,0.8604651162790697,0.26924788607031597,0.16067083767813695,0.0,0.0,0.47957642922329713,0.6314309237406867,0.15185449451738953
phpstan-drupal,2021-03-04T02:05:31.169Z,0,1,2,2,2,2,0,1,3,1,3,0,13,0,5,6,19,1.25,5.875,0.8864052604279183,6.812540956626557,4.625,3.7,0.004329004329004329,0.3746679125671045,0.0,0.0,-0.22555920646787747,0.145929727709761,0.3714889341776385
lyrion,2024-10-23T11:31:07.619Z,0,16,12,8,11,5,4,8,13,10,21,29,13,10,5,8,5,8.0,12.625,5.0426750270636544,8.365533028871672,4.625,0.578125,0.016185125735687537,0.37211873777324156,0.0,0.0,0.9282991064813172,0.9403862303058212,0.012087123824504054
dbgate,2021-07-06T02:02:14.185Z,0,0,0,0,2,27,8,6,9,4,9,13,11,3,7,23,10,5.375,10.0,9.272655652893773,6.25642526870234,4.625,0.8604651162790697,0.26924788607031597,0.16067083767813695,0.0,0.0,0.47957642922329713,0.6314309237406867,0.15185449451738953
axmol,2024-01-10T04:58:05.127Z,0,0,7,11,16,14,15,34,18,19,11,32,16,11,17,13,15,12.125,16.75,10.868532559642079,6.777062153217383,4.625,0.38144329896907214,0.8272756721736313,0.08561060505072948,0.0,0.0,1.6334347421724917,1.4258874263367467,-0.20754731583574504
catppuccin,2022-08-30T23:27:35.724Z,0,0,28,16,24,9,11,18,24,22,20,28,25,24,5,10,9,13.25,17.875,10.26436275942851,8.609587678861281,4.625,0.3490566037735849,0.14062953995157387,0.5107317800644712,0.0,0.0,1.8257444609973577,1.5582968434360902,-0.26744761756126745
netbootxyz,2019-12-01T22:15:49.500Z,0,0,0,0,0,0,1,8,5,15,5,2,5,6,3,5,4,1.125,5.625,2.7998724460742337,3.9977672339873487,4.5,4.0,0.40362295259789577,0.28353285448257515,0.0,0.0,-0.24692695300397366,0.11650541279879581,0.3634323658027695
networkupstools,2023-02-02T16:01:25.119Z,0,0,31,12,17,16,19,49,13,16,34,16,18,21,19,28,28,18.0,22.5,16.1245154965971,6.676183683170241,4.5,0.25,0.5180664573521718,0.08310439560439561,0.0,0.0,2.637718829369013,2.102646669288946,-0.535072160080067
peerbit,2022-11-21T10:19:08.779Z,0,0,0,0,0,0,0,0,20,2,3,1,1,3,11,3,12,0.0,4.5,0.0,4.4077853201547175,4.5,inf,0.0,0.45535714285714307,0.0,0.0,-0.43923667182883946,-0.015904004300547562,0.4233326675282919
networkupstools,2023-02-02T16:01:25.119Z,0,0,31,12,17,16,19,49,13,16,34,16,18,21,19,28,28,18.0,22.5,16.1245154965971,6.676183683170241,4.5,0.25,0.5180664573521718,0.08310439560439561,0.0,0.0,2.637718829369013,2.102646669288946,-0.535072160080067
liquidjs,2020-02-26T15:51:42.909Z,0,0,0,0,0,0,0,0,0,4,7,4,3,3,1,3,11,0.0,4.5,0.0,3.116774889895918,4.5,inf,0.0,0.03501400560224089,0.0,0.0,-0.43923667182883946,-0.015904004300547562,0.4233326675282919
openbenches,2022-10-01T00:06:53.879Z,0,0,0,0,0,0,0,0,0,0,0,0,4,9,5,15,3,0.0,4.5,0.0,5.264435935053794,4.5,inf,0.0,0.4128620520373097,0.0,0.0,-0.43923667182883946,-0.015904004300547562,0.4233326675282919
yandex-music,2021-07-14T10:57:48.450Z,0,0,0,0,0,0,4,4,6,6,6,6,8,5,6,6,0,1.0,5.375,1.8516401995451028,2.326094212561969,4.375,4.375,0.5714285714285715,0.3182461103253182,0.0,0.0,-0.26829469954006985,0.08708109788783061,0.3553757974279005
toybox,2022-05-06T02:24:15.211Z,0,0,0,0,0,0,0,0,0,0,0,5,4,11,6,3,6,0.0,4.375,0.0,3.583194903195431,4.375,inf,0.0,0.29730445724882437,0.0,0.0,-0.43923667182883946,-0.03061616175603016,0.4086205100728093
silex,2021-02-20T20:49:02.505Z,0,0,0,0,0,0,0,0,0,0,12,6,6,6,2,1,2,0.0,4.375,0.0,3.9256482631170977,4.375,inf,0.0,0.1549964133973404,0.0,0.0,-0.43923667182883946,-0.03061616175603016,0.4086205100728093
babybuddy,2021-09-25T21:57:49.734Z,0,0,0,0,0,0,2,22,5,5,10,4,9,9,9,7,6,3.0,7.375,7.708992893275452,2.1998376563477846,4.375,1.4583333333333333,0.38484432234432236,0.008610086100861012,0.0,0.0,0.07358924503746933,0.3224756171755522,0.24888637213808285
toybox,2022-05-06T02:24:15.211Z,0,0,0,0,0,0,0,0,0,0,0,5,4,11,6,3,6,0.0,4.375,0.0,3.583194903195431,4.375,inf,0.0,0.29730445724882437,0.0,0.0,-0.43923667182883946,-0.03061616175603016,0.4086205100728093
bundlephobia,2018-07-24T11:32:25.532Z,0,0,0,0,0,0,0,0,0,0,0,0,6,8,7,9,5,0.0,4.375,0.0,3.814914340921881,4.375,inf,0.0,0.6198656149576397,0.0,0.0,-0.43923667182883946,-0.03061616175603016,0.4086205100728093
gdm-settings,2023-08-09T04:09:34.034Z,0,0,0,0,0,0,0,0,0,0,7,6,2,8,4,5,3,0.0,4.375,0.0,2.669269563007828,4.375,inf,0.0,0.014440864064924218,0.0,0.0,-0.43923667182883946,-0.03061616175603016,0.4086205100728093
gdm-settings,2023-08-09T04:09:34.034Z,0,0,0,0,0,0,0,0,0,0,7,6,2,8,4,5,3,0.0,4.375,0.0,2.669269563007828,4.375,inf,0.0,0.014440864064924218,0.0,0.0,-0.43923667182883946,-0.03061616175603016,0.4086205100728093
hpy,2020-10-08T09:55:00.977Z,0,0,0,0,0,0,0,1,4,1,9,7,4,8,3,0,3,0.125,4.375,0.3535533905932738,3.2923070504261465,4.25,34.0,0.3333333333333334,0.11932219345728409,0.0,0.0,-0.4178689252927433,-0.03061616175603016,0.3872527635367131
rx-angular,2021-02-21T20:07:54.109Z,0,0,0,0,6,10,5,7,8,12,5,6,12,3,4,2,18,3.5,7.75,4.0,5.625198409199194,4.25,1.2142857142857142,0.6430697278911566,0.003869719445340214,0.0,0.0,0.15906023118185414,0.3666120895419999,0.20755185836014578
resxresourcemanager,2018-10-29T10:41:17.509Z,0,0,0,0,0,0,0,4,12,5,5,1,5,4,10,8,0,0.5,4.75,1.4142135623730951,3.284161123592185,4.25,8.5,0.3333333333333334,0.0028382213812677393,0.0,0.0,-0.35376568568445466,0.013520310610417629,0.3672859962948723
stacer,2019-11-22T17:38:32.162Z,0,0,0,0,0,0,0,0,0,0,1,3,2,5,9,7,7,0.0,4.25,0.0,3.24037034920393,4.25,inf,0.0,0.8098477486232589,0.0,0.0,-0.43923667182883946,-0.04532831921151276,0.3939083526173267
mapswipe,2020-06-23T16:35:24.594Z,0,0,0,0,0,0,0,3,12,4,10,4,12,0,4,1,1,0.375,4.5,1.0606601717798212,4.342481186734475,4.125,11.0,0.3333333333333334,0.2743506493506494,0.0,0.0,-0.37513343222055084,-0.015904004300547562,0.3592294279200033
walletconnect,2022-01-19T14:43:11.817Z,0,0,0,0,0,0,0,0,0,2,10,5,7,3,3,1,2,0.0,4.125,0.0,3.044315545875155,4.125,inf,0.0,0.27754839893568223,0.0,0.0,-0.43923667182883946,-0.06004047666699535,0.3791961951618441
mithriljs,2019-01-29T16:21:54.157Z,0,0,0,0,3,17,17,20,8,11,8,4,9,14,19,15,10,7.125,11.25,9.109453488390116,4.652188425123938,4.125,0.5789473684210527,0.7976574748685787,0.23903818953323905,0.0,0.0,0.7787248807286439,0.7785524982955127,-0.00017238243313122403
syspass,2022-04-28T08:50:25.111Z,0,0,0,0,0,0,0,0,0,0,8,11,3,1,5,0,5,0.0,4.125,0.0,3.9438016467073274,4.125,inf,0.0,0.03416981028921327,0.0,0.0,-0.43923667182883946,-0.06004047666699535,0.3791961951618441
unigraph-dev,2021-11-21T06:00:59.569Z,0,0,2,0,0,0,0,0,5,24,8,0,0,3,0,0,0,0.25,4.375,0.7071067811865476,8.416607731995457,4.125,16.5,0.061224489795918366,0.5044594091732988,0.0,0.0,-0.3965011787566471,-0.03061616175603016,0.36588501700061693
kobalte,2023-02-07T23:36:57.767Z,0,0,0,0,0,0,1,27,8,8,13,12,5,4,11,6,2,3.5,7.625,9.501879513323365,4.033343171967536,4.125,1.1785714285714286,0.35446805304400253,0.3429512309863572,0.0,0.0,0.15906023118185414,0.3518999320865173,0.19283970090466318
syspass,2022-04-28T08:50:25.111Z,0,0,0,0,0,0,0,0,0,0,8,11,3,1,5,0,5,0.0,4.125,0.0,3.9438016467073274,4.125,inf,0.0,0.03416981028921327,0.0,0.0,-0.43923667182883946,-0.06004047666699535,0.3791961951618441
cloudcmd,2017-09-22T13:12:52.750Z,0,0,0,0,0,0,4,2,4,1,2,0,4,4,13,10,4,0.75,4.75,1.4880476182856899,4.496029994816062,4.0,5.333333333333333,0.4439324116743472,0.4206629648325761,0.0,0.0,-0.3110301926122623,0.013520310610417629,0.3245505032226799
losslesscut,2019-12-03T19:53:46.858Z,0,0,0,0,0,0,0,0,0,0,0,0,0,0,0,18,14,0.0,4.0,0.0,7.483314773547883,4.0,inf,0.0,0.5366861030126336,0.0,0.0,-0.43923667182883946,-0.07475263412247794,0.3644840377063615
css-gg,2020-02-16T14:03:38.418Z,0,0,0,0,0,0,6,2,0,10,2,13,5,3,2,2,3,1.0,5.0,2.138089935299395,4.208834246473209,4.0,4.0,0.3601190476190476,0.338709677419355,0.0,0.0,-0.26829469954006985,0.04294462552138282,0.3112393250614527
react-design-editor,2019-12-06T04:43:58.782Z,0,0,0,0,0,0,0,0,0,0,3,8,5,4,4,7,1,0.0,4.0,0.0,2.7255405754769875,4.0,inf,0.0,0.022435897435897446,0.0,0.0,-0.43923667182883946,-0.07475263412247794,0.3644840377063615
badaso,2021-08-04T02:15:28.111Z,0,0,0,1,0,8,18,19,10,13,9,11,2,4,17,19,3,5.75,9.75,8.32809359080113,6.4309519401985,4.0,0.6956521739130435,0.7419449757245843,0.0,0.0,0.0,0.5436796688315857,0.6020066088297215,0.05832693999813576
vue-tables-2,2019-11-20T18:23:59.044Z,0,10,12,3,3,7,6,13,22,18,8,7,7,14,10,11,11,6.75,10.75,4.652188425123938,3.770183777256185,4.0,0.5925925925925926,0.12321232123212324,0.01938262742282842,0.0,0.0,0.7146216411203552,0.7197038684735823,0.0050822273532270534
css-gg,2020-02-16T14:03:38.418Z,0,0,0,0,0,0,6,2,0,10,2,13,5,3,2,2,3,1.0,5.0,2.138089935299395,4.208834246473209,4.0,4.0,0.3601190476190476,0.338709677419355,0.0,0.0,-0.26829469954006985,0.04294462552138282,0.3112393250614527
lwjgl,2017-11-08T21:38:04.055Z,0,0,0,0,0,0,0,0,8,3,6,4,5,5,5,2,2,0.0,4.0,0.0,1.5118578920369088,4.0,inf,0.0,0.21428571428571433,0.0,0.0,-0.43923667182883946,-0.07475263412247794,0.3644840377063615
rottingresearch,2023-05-04T19:28:12.052Z,0,0,0,0,0,0,0,0,0,0,0,0,13,5,1,10,3,0.0,4.0,0.0,5.0142653642240695,4.0,inf,0.0,0.1473214285714286,0.0,0.0,-0.43923667182883946,-0.07475263412247794,0.3644840377063615
badaso,2021-08-04T02:15:28.111Z,0,0,0,1,0,8,18,19,10,13,9,11,2,4,17,19,3,5.75,9.75,8.32809359080113,6.4309519401985,4.0,0.6956521739130435,0.7419449757245843,0.0,0.0,0.0,0.5436796688315857,0.6020066088297215,0.05832693999813576
slimphp,2019-06-20T17:48:13.184Z,0,0,0,0,5,12,20,6,15,8,21,14,6,11,5,6,4,5.375,9.375,7.3082634247620195,5.755432216610669,4.0,0.7441860465116279,0.5331709413956155,0.4011038377615198,0.0,0.0,0.47957642922329713,0.5578701364632737,0.07829370723997653
tesseractjs,2019-11-27T06:09:35.242Z,0,0,0,3,8,13,13,10,5,12,10,14,8,8,9,9,8,5.875,9.75,5.792544469278714,2.187627547301936,3.875,0.6595744680851063,0.8120074000861657,0.4093816631130065,0.0,0.0,0.5650474153676819,0.6020066088297215,0.036959193462039575
pterodactyl-installer,2021-08-08T10:50:33.153Z,0,0,0,0,0,0,6,9,10,6,2,6,12,4,1,9,6,1.875,5.75,3.563204817496262,3.575711717366808,3.875,2.066666666666667,0.5792646172393009,0.009577015163607342,0.0,0.0,-0.11872047378739646,0.1312175702542784,0.24993804404167486
jss,2017-06-05T21:41:05.879Z,0,0,0,0,14,11,18,24,10,11,14,10,13,15,15,10,10,8.375,12.25,9.679691553527341,2.2519832529192065,3.875,0.4626865671641791,0.8442465989635802,0.016767270288397047,0.0,0.0,0.9924023460896059,0.8962497579393734,-0.09615258815023242
yamada-ui,2024-03-06T20:36:17.138Z,0,0,0,0,0,0,0,0,0,0,0,0,0,0,0,0,31,0.0,3.875,0.0,10.960155108391486,3.875,inf,0.0,0.3333333333333334,0.0,0.0,-0.43923667182883946,-0.08946479157796054,0.3497718802508789
pgrouting,2020-06-09T21:26:35.672Z,0,0,0,0,0,0,0,0,0,1,3,3,8,3,4,7,2,0.0,3.875,0.0,2.416461403433896,3.875,inf,0.0,0.09101499927188002,0.0,0.0,-0.43923667182883946,-0.08946479157796054,0.3497718802508789
yamada-ui,2024-03-06T20:36:17.138Z,0,0,0,0,0,0,0,0,0,0,0,0,0,0,0,0,31,0.0,3.875,0.0,10.960155108391486,3.875,inf,0.0,0.3333333333333334,0.0,0.0,-0.43923667182883946,-0.08946479157796054,0.3497718802508789
yamada-ui,2024-03-06T20:36:17.138Z,0,0,0,0,0,0,0,0,0,0,0,0,0,0,0,0,31,0.0,3.875,0.0,10.960155108391486,3.875,inf,0.0,0.3333333333333334,0.0,0.0,-0.43923667182883946,-0.08946479157796054,0.3497718802508789
warden,2022-11-29T19:59:01.522Z,0,0,0,2,1,5,3,1,5,4,5,7,8,6,1,5,7,1.5,5.375,1.7728105208558367,2.1998376563477846,3.875,2.5833333333333335,0.3506493506493506,0.00017571604287471454,0.0,0.0,-0.18282371339568507,0.08708109788783061,0.2699048112835157
peachpiecompiler,2020-01-29T16:16:44.497Z,0,0,3,56,29,18,17,3,43,41,20,15,21,16,17,15,12,15.75,19.625,19.359383107054683,9.101608962940878,3.875,0.24603174603174602,0.034886148093695266,0.5289419928350731,0.0,0.0,2.2530993917192816,1.7642670478128466,-0.48883234390643504
amogos,2021-08-12T20:08:35.183Z,0,0,0,0,0,2,16,8,8,9,10,13,8,5,3,1,8,3.25,7.125,5.849297882163783,3.9074105418879577,3.875,1.1923076923076923,0.5011432547966995,0.40239487607908664,0.0,0.0,0.11632473810966173,0.293051302264587,0.17672656415492524
gqless,2020-03-19T21:50:06.740Z,0,0,0,3,7,0,1,2,21,15,13,8,3,2,1,1,0,1.625,5.375,2.445841952609133,5.8782285961479435,3.75,2.3076923076923075,0.0751954513148543,0.8605635535868096,0.0,0.0,-0.16145596685958885,0.08708109788783061,0.24853706474741946
offlineimap-organization,2019-12-07T18:11:14.503Z,0,0,0,0,0,0,0,0,0,2,8,2,6,4,3,4,1,0.0,3.75,0.0,2.3145502494313788,3.75,inf,0.0,0.1073015873015873,0.0,0.0,-0.43923667182883946,-0.10417694903344314,0.3350597227953963
diskframe,2019-09-11T04:17:21.325Z,0,0,0,0,0,4,3,21,19,9,13,16,7,4,3,1,5,3.5,7.25,7.250615737399726,5.1478150704935,3.75,1.0714285714285714,0.4897127329192546,0.5422923886535747,0.0,0.0,0.15906023118185414,0.3077634597200696,0.14870322853821544
offlineimap-organization,2019-12-07T18:11:14.503Z,0,0,0,0,0,0,0,0,0,2,8,2,6,4,3,4,1,0.0,3.75,0.0,2.3145502494313788,3.75,inf,0.0,0.1073015873015873,0.0,0.0,-0.43923667182883946,-0.10417694903344314,0.3350597227953963
classicpress,2022-06-29T18:45:41.199Z,0,0,0,0,0,0,0,0,1,22,2,0,0,2,0,2,2,0.0,3.75,0.0,7.44023809142845,3.75,inf,0.0,0.2925345622119815,0.0,0.0,-0.43923667182883946,-0.10417694903344314,0.3350597227953963
jscpd,2018-12-17T04:29:34.793Z,1,2,4,3,1,1,3,3,4,7,13,8,9,3,2,1,5,2.25,6.0,1.1649647450214349,4.035556254807296,3.75,1.6666666666666667,0.04010025062656643,0.5014619883040936,0.0,0.0,-0.05461723417910787,0.16064188516524358,0.21525911934435144
gqless,2020-03-19T21:50:06.740Z,0,0,0,3,7,0,1,2,21,15,13,8,3,2,1,1,0,1.625,5.375,2.445841952609133,5.8782285961479435,3.75,2.3076923076923075,0.0751954513148543,0.8605635535868096,0.0,0.0,-0.16145596685958885,0.08708109788783061,0.24853706474741946
jscpd,2018-12-17T04:29:34.793Z,1,2,4,3,1,1,3,3,4,7,13,8,9,3,2,1,5,2.25,6.0,1.1649647450214349,4.035556254807296,3.75,1.6666666666666667,0.04010025062656643,0.5014619883040936,0.0,0.0,-0.05461723417910787,0.16064188516524358,0.21525911934435144
gtk-rs,2020-04-02T16:48:36.029Z,0,0,0,0,0,0,0,0,0,0,0,0,0,0,0,14,16,0.0,3.75,0.0,6.96419413859206,3.75,inf,0.0,0.5807560137457046,0.0,0.0,-0.43923667182883946,-0.10417694903344314,0.3350597227953963
iplug2,2022-10-04T14:14:48.091Z,0,0,3,2,2,2,2,3,1,7,3,4,2,5,5,6,11,1.75,5.375,1.1649647450214349,2.774243783705493,3.625,2.0714285714285716,0.4912280701754388,0.2652745552977573,0.0,0.0,-0.14008822032349266,0.08708109788783061,0.22716931821132327
terser,2019-09-04T10:46:37.653Z,16,33,13,13,9,12,16,16,27,23,19,11,10,17,26,31,20,16.0,19.625,7.28991475552747,7.130167299179291,3.625,0.2265625,0.13543266769073223,0.13850837138508376,0.0,0.0,2.295834884791474,1.7642670478128466,-0.5315678369786274
graphql-flutter,2020-02-03T14:51:06.928Z,0,14,18,19,13,13,22,21,16,12,26,28,20,17,11,18,17,15.0,18.625,7.010196655077312,5.9985117201805025,3.625,0.24166666666666667,0.476813399778516,0.08226397258655328,0.0,0.0,2.1248929125027045,1.6465697881689858,-0.4783231243337187
lint-staged,2018-10-14T17:47:26.056Z,0,8,7,11,1,5,6,5,15,12,5,7,9,10,5,11,13,5.375,9.0,3.583194903195431,3.070597894314954,3.625,0.6744186046511628,0.005364593681700773,0.09235209235209238,0.0,0.0,0.47957642922329713,0.5137336640968259,0.03415723487352873
poliastro,2019-10-13T10:51:23.656Z,0,1,6,13,16,7,9,3,9,7,8,2,6,17,22,13,9,6.875,10.5,5.642631098546644,6.48074069840786,3.625,0.5272727272727272,0.11988889779130947,0.2449789439585358,0.0,0.0,0.7359893876564515,0.690279553562617,-0.045709834093834445
poliastro,2019-10-13T10:51:23.656Z,0,1,6,13,16,7,9,3,9,7,8,2,6,17,22,13,9,6.875,10.5,5.642631098546644,6.48074069840786,3.625,0.5272727272727272,0.11988889779130947,0.2449789439585358,0.0,0.0,0.7359893876564515,0.690279553562617,-0.045709834093834445
iplug2,2022-10-04T14:14:48.091Z,0,0,3,2,2,2,2,3,1,7,3,4,2,5,5,6,11,1.75,5.375,1.1649647450214349,2.774243783705493,3.625,2.0714285714285716,0.4912280701754388,0.2652745552977573,0.0,0.0,-0.14008822032349266,0.08708109788783061,0.22716931821132327
vue-stripe-checkout,2020-08-21T00:48:30.000Z,0,0,0,0,0,0,0,0,0,0,5,0,2,4,10,4,4,0.0,3.625,0.0,3.2043497223082786,3.625,inf,0.0,0.25051759834368537,0.0,0.0,-0.43923667182883946,-0.11888910648892574,0.3203475653399137
saasfly,2024-04-19T15:11:29.449Z,0,0,0,0,0,0,0,4,5,3,4,4,12,6,2,1,1,0.5,4.125,1.4142135623730951,3.603074084326168,3.625,7.25,0.3333333333333334,0.11010676622781164,0.0,0.0,-0.35376568568445466,-0.06004047666699535,0.2937252090174593
exchangeratehost,2021-04-09T16:40:50.520Z,0,0,0,0,0,0,0,1,2,3,4,4,6,3,3,5,1,0.125,3.625,0.3535533905932738,1.5059406173077154,3.5,28.0,0.3333333333333334,0.08436445444319461,0.0,0.0,-0.4178689252927433,-0.11888910648892574,0.2989798188038175
miso,2020-01-17T05:49:31.450Z,0,0,0,0,0,0,0,0,0,0,2,3,0,12,8,1,2,0.0,3.5,0.0,4.27617987059879,3.5,inf,0.0,0.06026785714285713,0.0,0.0,-0.43923667182883946,-0.13360126394440833,0.3056354078844311
react-calendar,2020-06-03T17:03:19.219Z,0,0,0,2,9,21,12,12,10,17,11,10,8,9,11,8,10,7.0,10.5,7.764387566686396,2.8784916685156974,3.5,0.5,0.6459602798465358,0.36945812807881795,0.0,0.0,0.7573571341925477,0.690279553562617,-0.06707758062993063
react-calendar,2020-06-03T17:03:19.219Z,0,0,0,2,9,21,12,12,10,17,11,10,8,9,11,8,10,7.0,10.5,7.764387566686396,2.8784916685156974,3.5,0.5,0.6459602798465358,0.36945812807881795,0.0,0.0,0.7573571341925477,0.690279553562617,-0.06707758062993063
react-dropzone,2018-02-26T13:13:39.857Z,0,2,9,14,8,7,6,8,5,12,8,6,3,7,14,10,21,6.75,10.125,4.301162633521313,5.5917669070569405,3.375,0.5,0.18826990255561687,0.2774197057463762,0.0,0.0,0.7146216411203552,0.6461430811961693,-0.06847855992418594
bootscore,2023-09-27T10:22:12.118Z,0,0,0,0,0,3,2,7,6,6,9,6,3,5,1,1,8,1.5,4.875,2.5071326821120348,2.9970223317724636,3.375,2.25,0.6255411255411257,0.14399318375461523,0.0,0.0,-0.18282371339568507,0.028232468065900226,0.21105618146158528
pest,2022-10-10T15:58:05.795Z,0,0,0,0,0,0,0,0,0,0,3,4,6,2,7,3,2,0.0,3.375,0.0,2.2638462845343543,3.375,inf,0.0,0.059897129583540716,0.0,0.0,-0.43923667182883946,-0.14831342139989093,0.2909232504289485
goober,2020-05-05T18:23:55.304Z,0,0,0,0,0,4,2,2,5,1,7,2,3,5,3,8,6,1.0,4.375,1.5118578920369088,2.5035688811888406,3.375,3.375,0.4821428571428571,0.2747252747252747,0.0,0.0,-0.26829469954006985,-0.03061616175603016,0.2376785377840397
heavy-division-simulations,2022-09-28T15:03:40.304Z,0,0,3,7,2,3,1,2,1,1,26,4,8,1,3,2,0,2.25,5.625,2.2519832529192065,8.60128727907299,3.375,1.5,0.032863849765258225,0.21572819328069157,0.0,0.0,-0.05461723417910787,0.11650541279879581,0.1711226469779037
jotai,2020-12-16T03:42:41.652Z,0,0,0,0,0,0,0,0,0,0,0,0,0,0,0,9,17,0.0,3.25,0.0,6.386369413502032,3.25,inf,0.0,0.5607538987574014,0.0,0.0,-0.43923667182883946,-0.16302557885537353,0.2762110929734659
jotai,2020-12-16T03:42:41.652Z,0,0,0,0,0,0,0,0,0,0,0,0,0,0,0,9,17,0.0,3.25,0.0,6.386369413502032,3.25,inf,0.0,0.5607538987574014,0.0,0.0,-0.43923667182883946,-0.16302557885537353,0.2762110929734659
decap,2024-02-27T11:33:47.679Z,0,0,1,13,8,23,7,15,26,18,16,17,9,7,6,7,13,8.375,11.625,8.245128431816138,4.955156044825574,3.25,0.3880597014925373,0.5053472925813352,0.45800865800865803,0.0,0.0,0.9924023460896059,0.8226889706619605,-0.16971337542764542
androidlocalizeplugin,2022-09-30T10:18:17.992Z,0,0,0,0,0,0,0,0,1,6,4,1,3,4,3,4,1,0.0,3.25,0.0,1.6690459207925603,3.25,inf,0.0,0.23931623931623944,0.0,0.0,-0.43923667182883946,-0.16302557885537353,0.2762110929734659
androidlocalizeplugin,2022-09-30T10:18:17.992Z,0,0,0,0,0,0,0,0,1,6,4,1,3,4,3,4,1,0.0,3.25,0.0,1.6690459207925603,3.25,inf,0.0,0.23931623931623944,0.0,0.0,-0.43923667182883946,-0.16302557885537353,0.2762110929734659
writefreely,2021-05-10T13:40:16.282Z,0,0,0,0,2,0,2,2,3,9,7,1,3,1,4,4,3,0.75,4.0,1.0350983390135313,2.7774602993176543,3.25,4.333333333333333,0.5365079365079365,0.27557319223985893,0.0,0.0,-0.3110301926122623,-0.07475263412247794,0.23627755848978432
craftjs,2020-07-12T13:49:54.415Z,0,0,0,5,4,10,2,12,8,8,6,1,8,4,7,16,9,4.125,7.375,4.6732521560777895,4.34042460069124,3.25,0.7878787878787878,0.5890666978156759,0.22753328819679533,0.0,0.0,0.26589896386233514,0.3224756171755522,0.05657665331321704
manyfold,2024-03-28T15:45:19.835Z,0,0,0,0,0,0,0,0,0,0,0,0,0,0,0,0,25,0.0,3.125,0.0,8.838834764831844,3.125,inf,0.0,0.3333333333333334,0.0,0.0,-0.43923667182883946,-0.17773773631085613,0.2614989355179833
dribdat,2020-12-29T16:39:03.015Z,0,0,0,0,0,0,0,0,4,2,2,1,8,2,7,2,1,0.0,3.125,0.0,2.748376143938713,3.125,inf,0.0,0.0028143645164921756,0.0,0.0,-0.43923667182883946,-0.17773773631085613,0.2614989355179833
effector,2020-10-17T11:48:19.833Z,0,0,0,0,1,4,0,2,4,6,5,5,1,5,3,5,2,0.875,4.0,1.4577379737113252,1.7728105208558367,3.125,3.5714285714285716,0.2917166866746698,0.24350649350649353,0.0,0.0,-0.28966244607616604,-0.07475263412247794,0.21490981195368808
greenshot,2019-09-18T00:33:48.616Z,0,0,0,0,0,0,0,0,0,0,0,0,0,0,4,15,6,0.0,3.125,0.0,5.330170192940773,3.125,inf,0.0,0.49806949806949813,0.0,0.0,-0.43923667182883946,-0.17773773631085613,0.2614989355179833
botamusique,2021-09-13T21:19:45.415Z,0,0,0,0,0,2,1,0,3,2,0,3,11,1,4,2,4,0.375,3.375,0.7440238091428449,3.37797487937881,3.0,8.0,0.18586789554531497,0.021536627170429992,0.0,0.0,-0.37513343222055084,-0.14831342139989093,0.22682001082065992
flyimg,2024-05-22T22:29:49.055Z,0,1,2,1,0,2,1,0,9,2,2,3,9,9,3,2,1,0.875,3.875,0.8345229603962802,3.2265638511757806,3.0,3.4285714285714284,0.0012210012210012214,0.004002287021154946,0.0,0.0,-0.28966244607616604,-0.08946479157796054,0.20019765449820548
blazorise,2022-06-01T08:32:00.756Z,0,0,0,0,0,0,0,0,0,0,0,0,0,0,0,0,24,0.0,3.0,0.0,8.48528137423857,3.0,inf,0.0,0.3333333333333334,0.0,0.0,-0.43923667182883946,-0.19244989376633873,0.24678677806250074
vue-material,2020-07-03T14:21:04.851Z,0,0,0,0,0,5,6,6,4,11,9,4,3,2,3,3,6,2.125,5.125,2.948970764763288,3.2705394924123103,3.0,1.411764705882353,0.7400997359929598,0.3784879561173384,0.0,0.0,-0.07598498071520407,0.05765678297686542,0.13364176369206948
vue-material,2020-07-03T14:21:04.851Z,0,0,0,0,0,5,6,6,4,11,9,4,3,2,3,3,6,2.125,5.125,2.948970764763288,3.2705394924123103,3.0,1.411764705882353,0.7400997359929598,0.3784879561173384,0.0,0.0,-0.07598498071520407,0.05765678297686542,0.13364176369206948
botamusique,2021-09-13T21:19:45.415Z,0,0,0,0,0,2,1,0,3,2,0,3,11,1,4,2,4,0.375,3.375,0.7440238091428449,3.37797487937881,3.0,8.0,0.18586789554531497,0.021536627170429992,0.0,0.0,-0.37513343222055084,-0.14831342139989093,0.22682001082065992
mapstruct,2023-09-02T15:04:59.773Z,0,11,22,21,16,11,12,16,17,23,18,25,9,14,14,15,15,13.625,16.625,6.94750726108704,5.208166663999915,3.0,0.22018348623853212,0.10994838186847064,0.30725101100347973,0.0,0.0,1.8898477006056462,1.4111752688812642,-0.478672431724382
mapstruct,2023-09-02T15:04:59.773Z,0,11,22,21,16,11,12,16,17,23,18,25,9,14,14,15,15,13.625,16.625,6.94750726108704,5.208166663999915,3.0,0.22018348623853212,0.10994838186847064,0.30725101100347973,0.0,0.0,1.8898477006056462,1.4111752688812642,-0.478672431724382
node-datachannel,2022-03-16T13:11:29.332Z,0,0,0,0,0,0,0,3,5,0,5,5,4,2,2,5,3,0.375,3.25,1.0606601717798212,1.8322507626258084,2.875,7.666666666666667,0.3333333333333334,0.025329280648429587,0.0,0.0,-0.37513343222055084,-0.16302557885537353,0.21210785336517732
cpeditor,2021-04-01T11:12:24.433Z,0,3,5,4,2,6,10,12,1,9,13,23,7,4,2,4,3,5.25,8.125,4.026696625558686,7.019106577254482,2.875,0.5476190476190477,0.7551919446192579,0.40402837466991154,0.0,0.0,0.45820868268720094,0.4107485619084477,-0.04746012077875322
awesome-ttrss,2019-07-23T07:11:34.572Z,0,0,0,0,0,0,0,0,0,0,0,0,1,5,7,4,6,0.0,2.875,0.0,2.948970764763288,2.875,inf,0.0,0.7400997359929598,0.0,0.0,-0.43923667182883946,-0.20716205122182133,0.23207462060701814
codecrumbs,2019-02-18T12:27:17.939Z,0,0,0,0,0,0,0,6,21,11,1,8,3,4,2,0,0,0.75,3.625,2.1213203435596424,3.9618718519695424,2.875,3.8333333333333335,0.3333333333333334,0.5309605070697221,0.0,0.0,-0.3110301926122623,-0.11888910648892574,0.19214108612333652
cadsketcher,2022-05-05T14:27:53.496Z,5,0,1,2,0,6,2,47,38,19,12,25,10,9,5,1,5,7.875,10.75,15.959211401927996,7.905694150420948,2.875,0.36507936507936506,0.33549677320272564,0.6230748299319728,0.0,0.0,0.906931359945221,0.7197038684735823,-0.18722749147163875
svgr,2018-09-26T14:08:30.564Z,0,0,6,5,20,7,11,9,21,8,23,10,8,6,6,10,10,7.25,10.125,6.453127702351561,5.462534733462636,2.875,0.39655172413793105,0.3776852078738872,0.12040124248382778,0.0,0.0,0.8000926272647401,0.6461430811961693,-0.1539495460685708
postcss,2019-12-23T19:20:30.096Z,0,10,2,2,1,3,6,0,5,2,4,6,8,3,3,5,16,3.0,5.875,3.4226138716316967,4.517821851923146,2.875,0.9583333333333334,0.0235191637630662,0.33000041661458995,0.0,0.0,0.07358924503746933,0.145929727709761,0.07234048267229168
advancedfx,2019-09-10T18:47:57.469Z,0,6,13,14,17,14,5,10,9,11,5,3,14,18,22,12,17,9.875,12.75,5.743008171432708,6.453127702351561,2.875,0.2911392405063291,0.12996622579730327,0.38887527566772845,0.0,0.0,1.2488153045227603,0.9550983877613037,-0.2937169167614566
mediasoup,2019-02-26T15:27:52.552Z,0,0,0,0,0,0,0,0,0,0,0,3,5,3,3,2,6,0.0,2.75,0.0,2.1213203435596424,2.75,inf,0.0,0.47241118669690113,0.0,0.0,-0.43923667182883946,-0.22187420867730392,0.21736246315153554
npkill,2019-08-28T20:24:55.399Z,0,0,0,0,0,0,0,0,25,1,3,1,7,1,3,4,2,0.0,2.75,0.0,2.052872551885702,2.75,inf,0.0,0.02905569007263923,0.0,0.0,-0.43923667182883946,-0.22187420867730392,0.21736246315153554
openml,2021-10-02T20:03:05.613Z,0,0,0,0,0,0,0,0,2,1,3,1,2,2,5,2,6,0.0,2.75,0.0,1.8322507626258084,2.75,inf,0.0,0.446808510638298,0.0,0.0,-0.43923667182883946,-0.22187420867730392,0.21736246315153554
arnft,2021-12-01T00:58:24.889Z,0,0,0,0,0,0,3,3,1,3,2,6,0,0,3,4,9,0.75,3.375,1.3887301496588271,3.020761493398643,2.625,3.5,0.5714285714285713,0.17230453825365763,0.0,0.0,-0.3110301926122623,-0.14831342139989093,0.16271677121237135
notepads,2021-07-15T16:05:15.685Z,0,0,0,9,17,11,14,11,12,10,8,4,10,15,7,10,19,7.75,10.375,6.840008354213778,4.68851179556401,2.625,0.3387096774193548,0.6423845874227554,0.29279331553905064,0.0,0.0,0.8855636134091248,0.6755673961071345,-0.20999621730199036
cadcad1,2020-05-17T10:34:51.778Z,0,0,0,0,0,0,0,0,0,0,5,4,1,4,1,2,4,0.0,2.625,0.0,1.8468119248354136,2.625,inf,0.0,0.012216404886561961,0.0,0.0,-0.43923667182883946,-0.2365863661327865,0.20265030569605297
timecat,2020-07-21T07:44:03.772Z,0,0,0,0,1,0,0,2,14,6,11,2,1,3,1,0,0,0.375,3.0,0.7440238091428449,3.779644730092272,2.625,7.0,0.34562211981566837,0.5716666666666668,0.0,0.0,-0.37513343222055084,-0.19244989376633873,0.18268353845421212
git-bug,2018-09-28T17:57:39.159Z,0,0,0,0,0,0,1,22,12,9,2,6,4,2,10,6,5,2.875,5.5,7.735585673643962,2.9277002188455996,2.625,0.9130434782608695,0.35925310141961886,0.0003968253968253968,0.0,0.0,0.052221498501373136,0.10179325534331321,0.049571756841940075
arnft,2021-12-01T00:58:24.889Z,0,0,0,0,0,0,3,3,1,3,2,6,0,0,3,4,9,0.75,3.375,1.3887301496588271,3.020761493398643,2.625,3.5,0.5714285714285713,0.17230453825365763,0.0,0.0,-0.3110301926122623,-0.14831342139989093,0.16271677121237135
swiftformat,2021-02-25T20:20:23.383Z,0,6,22,26,17,26,17,17,9,18,21,21,14,20,7,13,38,16.375,19.0,9.210824377561744,9.071147352221454,2.625,0.16030534351145037,0.31400908079502077,0.04232804232804234,0.0,0.0,2.3599381243997626,1.6907062605354335,-0.6692318638643291
nomacs,2020-08-21T11:54:14.449Z,0,0,0,0,13,15,13,21,15,9,12,7,8,14,9,9,15,7.75,10.375,8.64787339672097,2.9246489410818914,2.625,0.3387096774193548,0.8288988948014737,0.15120787354607815,0.0,0.0,0.8855636134091248,0.6755673961071345,-0.20999621730199036
gitoxide,2024-11-30T15:40:04.653Z,0,0,2,14,17,16,9,10,10,5,22,13,10,9,15,11,4,8.5,11.125,7.050835816716037,5.743008171432708,2.625,0.3088235294117647,0.4378762999452655,0.08376517905483799,0.0,0.0,1.013770092625702,0.76384034084003,-0.249929751785672
nodebook,2019-04-28T16:20:25.614Z,0,0,0,0,0,0,0,0,0,0,1,2,2,1,5,8,2,0.0,2.625,0.0,2.615202805574687,2.625,inf,0.0,0.40395374860126826,0.0,0.0,-0.43923667182883946,-0.2365863661327865,0.20265030569605297
nodebook,2019-04-28T16:20:25.614Z,0,0,0,0,0,0,0,0,0,0,1,2,2,1,5,8,2,0.0,2.625,0.0,2.615202805574687,2.625,inf,0.0,0.40395374860126826,0.0,0.0,-0.43923667182883946,-0.2365863661327865,0.20265030569605297
koel,2016-07-10T04:12:12.598Z,0,0,0,0,0,0,0,0,0,0,0,0,0,0,0,5,16,0.0,2.625,0.0,5.680480361981471,2.625,inf,0.0,0.49461090468284713,0.0,0.0,-0.43923667182883946,-0.2365863661327865,0.20265030569605297
jsts,2021-05-30T15:56:13.732Z,0,0,0,0,0,0,0,0,2,5,1,2,1,4,2,1,4,0.0,2.5,0.0,1.6035674514745462,2.5,inf,0.0,0.0052910052910052924,0.0,0.0,-0.43923667182883946,-0.2512985235882691,0.18793814824057037
openseadragon,2021-05-20T18:59:27.893Z,0,2,11,8,7,11,9,5,8,12,11,6,10,5,10,10,9,6.625,9.125,4.033343171967536,2.416461403433896,2.5,0.37735849056603776,0.24886310177199306,0.05257026357943788,0.0,0.0,0.693253894584259,0.5284458215523085,-0.16480807303195055
contributor-covenant,2019-11-09T18:25:50.632Z,0,0,0,0,0,0,0,0,2,3,1,1,1,2,1,10,1,0.0,2.5,0.0,3.116774889895918,2.5,inf,0.0,0.08963585434173674,0.0,0.0,-0.43923667182883946,-0.2512985235882691,0.18793814824057037
openseadragon,2021-05-20T18:59:27.893Z,0,2,11,8,7,11,9,5,8,12,11,6,10,5,10,10,9,6.625,9.125,4.033343171967536,2.416461403433896,2.5,0.37735849056603776,0.24886310177199306,0.05257026357943788,0.0,0.0,0.693253894584259,0.5284458215523085,-0.16480807303195055
letterpad,2021-07-08T19:57:30.980Z,0,0,0,0,0,0,0,0,0,0,0,0,0,0,0,0,19,0.0,2.375,0.0,6.7175144212722016,2.375,inf,0.0,0.3333333333333333,0.0,0.0,-0.43923667182883946,-0.2660106810437517,0.17322599078508777
javaparser,2023-11-22T05:53:27.922Z,0,0,8,19,12,8,5,8,18,13,7,7,13,13,10,7,9,7.5,9.875,6.233549779791836,2.7998724460742337,2.375,0.31666666666666665,0.11983543417366949,0.039158260114979936,0.0,0.0,0.8428281203369324,0.6167187662852041,-0.22610935405172838
javaparser,2023-11-22T05:53:27.922Z,0,0,8,19,12,8,5,8,18,13,7,7,13,13,10,7,9,7.5,9.875,6.233549779791836,2.7998724460742337,2.375,0.31666666666666665,0.11983543417366949,0.039158260114979936,0.0,0.0,0.8428281203369324,0.6167187662852041,-0.22610935405172838
stylus,2022-06-25T03:32:49.899Z,0,0,0,0,0,0,0,0,1,2,3,1,2,2,2,4,3,0.0,2.375,0.0,0.9161253813129042,2.375,inf,0.0,0.22796352583586635,0.0,0.0,-0.43923667182883946,-0.2660106810437517,0.17322599078508777
sinuous,2020-02-01T17:16:20.606Z,0,0,0,7,7,0,1,8,5,14,7,5,4,3,3,1,5,2.875,5.25,3.720119045714225,3.955105199973465,2.375,0.8260869565217391,0.2286328725038403,0.543596434007393,0.0,0.0,0.052221498501373136,0.07236894043234801,0.020147441930974876
hanami,2022-03-23T11:24:09.176Z,0,0,0,0,1,1,1,0,1,0,2,1,2,4,2,2,9,0.375,2.75,0.5175491695067657,2.7645717829090897,2.375,6.333333333333333,0.2571428571428572,0.5144637294170006,0.0,0.0,-0.37513343222055084,-0.22187420867730392,0.15325922354324692
fastapi-template,2022-11-04T10:12:28.990Z,0,0,0,0,0,0,0,0,0,3,0,1,5,2,1,4,3,0.0,2.375,0.0,1.6850180160122068,2.375,inf,0.0,0.08655286013776584,0.0,0.0,-0.43923667182883946,-0.2660106810437517,0.17322599078508777
letterpad,2021-07-08T19:57:30.980Z,0,0,0,0,0,0,0,0,0,0,0,0,0,0,0,0,19,0.0,2.375,0.0,6.7175144212722016,2.375,inf,0.0,0.3333333333333333,0.0,0.0,-0.43923667182883946,-0.2660106810437517,0.17322599078508777
bowser,2020-02-02T23:50:03.414Z,0,0,0,0,3,5,4,3,3,8,4,4,5,2,3,5,2,1.875,4.125,2.100170061141308,1.9594095320493146,2.25,1.2,0.6711008289955663,0.4095238095238095,0.0,0.0,-0.11872047378739646,-0.06004047666699535,0.05867999712040111
urduhack,2019-07-04T23:24:10.198Z,0,0,0,0,0,0,0,0,0,0,0,0,0,6,3,9,0,0.0,2.25,0.0,3.494894235064305,2.25,inf,0.0,0.25062656641604014,0.0,0.0,-0.43923667182883946,-0.2807228384992343,0.15851383332960517
accounts-js,2018-07-23T01:39:35.188Z,0,0,0,1,12,0,1,4,17,4,7,4,6,3,4,3,5,2.25,4.5,4.166190448976482,1.4142135623730951,2.25,1.0,0.09484616892024299,0.10884353741496598,0.0,0.0,-0.05461723417910787,-0.015904004300547562,0.03871322987856031
accounts-js,2018-07-23T01:39:35.188Z,0,0,0,1,12,0,1,4,17,4,7,4,6,3,4,3,5,2.25,4.5,4.166190448976482,1.4142135623730951,2.25,1.0,0.09484616892024299,0.10884353741496598,0.0,0.0,-0.05461723417910787,-0.015904004300547562,0.03871322987856031
urduhack,2019-07-04T23:24:10.198Z,0,0,0,0,0,0,0,0,0,0,0,0,0,6,3,9,0,0.0,2.25,0.0,3.494894235064305,2.25,inf,0.0,0.25062656641604014,0.0,0.0,-0.43923667182883946,-0.2807228384992343,0.15851383332960517
linearmouse,2022-02-16T10:38:20.445Z,2,2,1,2,0,5,11,9,10,4,2,5,7,12,9,5,6,4.0,6.25,4.0,3.1052950170405937,2.25,0.5625,0.5748299319727891,0.1865961199294533,0.0,0.0,0.24453121732623892,0.19006620007620878,-0.05446501725003014
nodejs-mobile,2023-09-27T12:58:51.255Z,0,0,0,0,0,0,0,1,3,6,2,2,4,0,2,2,1,0.125,2.375,0.3535533905932738,1.8468119248354136,2.25,18.0,0.3333333333333334,0.3792071802543007,0.0,0.0,-0.4178689252927433,-0.2660106810437517,0.15185824424899158
nodejs-mobile,2023-09-27T12:58:51.255Z,0,0,0,0,0,0,0,1,3,6,2,2,4,0,2,2,1,0.125,2.375,0.3535533905932738,1.8468119248354136,2.25,18.0,0.3333333333333334,0.3792071802543007,0.0,0.0,-0.4178689252927433,-0.2660106810437517,0.15185824424899158
octolinker,2017-08-13T19:58:49.085Z,0,0,0,0,0,0,0,0,0,0,0,0,3,5,6,4,0,0.0,2.25,0.0,2.5495097567963922,2.25,inf,0.0,0.20931449502878072,0.0,0.0,-0.43923667182883946,-0.2807228384992343,0.15851383332960517
markdown-it,2022-01-25T02:38:00.576Z,0,0,0,0,0,4,4,8,7,1,4,4,6,3,5,8,3,2.0,4.25,3.0237157840738176,2.1213203435596424,2.25,1.125,0.7202380952380955,0.2184429327286471,0.0,0.0,-0.09735272725130026,-0.04532831921151276,0.0520244080397875
community,2020-01-17T15:08:19.994Z,0,0,0,0,0,0,0,0,0,0,17,0,0,0,0,1,0,0.0,2.25,0.0,5.9701639125619606,2.25,inf,0.0,0.15268632503101442,0.0,0.0,-0.43923667182883946,-0.2807228384992343,0.15851383332960517
markdown-it,2022-01-25T02:38:00.576Z,0,0,0,0,0,4,4,8,7,1,4,4,6,3,5,8,3,2.0,4.25,3.0237157840738176,2.1213203435596424,2.25,1.125,0.7202380952380955,0.2184429327286471,0.0,0.0,-0.09735272725130026,-0.04532831921151276,0.0520244080397875
redux-requests,2020-10-13T09:15:23.306Z,0,0,0,1,2,2,1,2,3,5,5,7,6,3,0,0,0,1.0,3.25,0.9258200997725514,2.9154759474226504,2.25,2.25,0.6706349206349207,0.7058823529411764,0.0,0.0,-0.26829469954006985,-0.16302557885537353,0.10526912068469632
mytestedaspnet,2019-07-13T19:02:23.178Z,0,0,0,0,0,0,0,0,0,1,0,0,1,8,2,4,1,0.0,2.125,0.0,2.6958963523950885,2.125,inf,0.0,0.1274131274131274,0.0,0.0,-0.43923667182883946,-0.2954349959547169,0.14380167587412257
aq-org1,2024-09-09T13:08:13.682Z,0,4,0,0,2,2,1,0,11,8,6,3,2,4,1,1,1,1.125,3.25,1.4577379737113252,2.6049403612586386,2.125,1.8888888888888888,0.019607843137254905,0.7624060150375939,0.0,0.0,-0.24692695300397366,-0.16302557885537353,0.08390137414860013
eruda,2022-03-19T21:12:07.445Z,0,0,0,0,0,0,0,0,0,0,3,2,2,3,2,3,2,0.0,2.125,0.0,0.9910312089651149,2.125,inf,0.0,0.19480519480519481,0.0,0.0,-0.43923667182883946,-0.2954349959547169,0.14380167587412257
supertinyicons,2020-10-18T13:42:45.718Z,0,0,0,3,4,4,0,0,11,8,7,1,0,0,0,8,4,1.375,3.5,1.922609833384967,3.7032803990902057,2.125,1.5454545454545454,0.03887738670347367,0.04191468253968254,0.0,0.0,-0.20419145993178126,-0.13360126394440833,0.07059019598737293
theodinproject,2023-07-24T10:21:10.668Z,0,3,0,1,7,7,8,16,37,10,13,7,2,2,12,8,5,5.25,7.375,5.444525428617001,4.2067123233504535,2.125,0.40476190476190477,0.7715433161216295,0.09730431022055643,0.0,0.0,0.45820868268720094,0.3224756171755522,-0.13573306551164876
betterseqta-plus,2025-05-11T05:25:34.803Z,0,0,0,0,0,0,0,8,17,13,3,7,2,0,0,0,0,1.0,3.125,2.8284271247461903,4.6732521560777895,2.125,2.125,0.3333333333333334,0.6479383249620374,0.0,0.0,-0.26829469954006985,-0.17773773631085613,0.09055696322921372
formatjs,2022-08-08T09:25:26.399Z,0,0,0,4,13,20,13,8,11,8,12,9,4,9,17,6,10,7.25,9.375,7.535629654230248,3.9256482631170977,2.125,0.29310344827586204,0.5405810122791256,0.009325166914969929,0.0,0.0,0.8000926272647401,0.5578701364632737,-0.2422224908014664
betterseqta-plus,2025-05-11T05:25:34.803Z,0,0,0,0,0,0,0,8,17,13,3,7,2,0,0,0,0,1.0,3.125,2.8284271247461903,4.6732521560777895,2.125,2.125,0.3333333333333334,0.6479383249620374,0.0,0.0,-0.26829469954006985,-0.17773773631085613,0.09055696322921372
djangoextensions,2021-07-17T09:03:59.994Z,0,0,0,0,0,2,2,2,3,3,2,3,1,2,5,3,4,0.75,2.875,1.0350983390135313,1.2464234547582247,2.125,2.8333333333333335,0.7142857142857144,0.19759168035030106,0.0,0.0,-0.3110301926122623,-0.20716205122182133,0.10386814139044095
perfumejs,2019-07-22T22:29:07.318Z,0,0,0,0,1,0,2,3,0,2,7,4,3,2,2,1,2,0.75,2.875,1.1649647450214349,1.8850918886280925,2.125,2.8333333333333335,0.6416040100250628,0.3275903326154583,0.0,0.0,-0.3110301926122623,-0.20716205122182133,0.10386814139044095
aq-org1,2024-09-09T13:08:13.682Z,0,4,0,0,2,2,1,0,11,8,6,3,2,4,1,1,1,1.125,3.25,1.4577379737113252,2.6049403612586386,2.125,1.8888888888888888,0.019607843137254905,0.7624060150375939,0.0,0.0,-0.24692695300397366,-0.16302557885537353,0.08390137414860013
oatpp,2020-08-25T00:50:38.141Z,6,13,4,3,10,9,9,9,6,8,13,12,10,12,5,10,10,7.875,10.0,3.3139316313320126,2.5634797778466227,2.125,0.2698412698412698,0.04096012388695317,0.051759834368530024,0.0,0.0,0.906931359945221,0.6314309237406867,-0.27550043620453435
perfumejs,2019-07-22T22:29:07.318Z,0,0,0,0,1,0,2,3,0,2,7,4,3,2,2,1,2,0.75,2.875,1.1649647450214349,1.8850918886280925,2.125,2.8333333333333335,0.6416040100250628,0.3275903326154583,0.0,0.0,-0.3110301926122623,-0.20716205122182133,0.10386814139044095
muffon,2021-11-16T08:30:30.440Z,0,0,0,0,5,2,1,1,2,3,5,5,0,0,4,5,3,1.125,3.125,1.7268882005337973,2.100170061141308,2.0,1.7777777777777777,0.15084117479327064,0.0017351069982648936,0.0,0.0,-0.24692695300397366,-0.17773773631085613,0.06918921669311753
aframe,2024-11-22T20:27:48.276Z,0,0,0,0,1,5,4,10,8,3,5,7,4,4,5,5,3,2.5,4.5,3.625307868699863,1.3093073414159542,2.0,0.8,0.7269668737060043,0.01785714285714286,0.0,0.0,-0.011881741106915466,-0.015904004300547562,-0.004022263193632096
pelias,2020-08-30T01:45:39.372Z,0,0,0,0,0,0,0,0,2,3,4,2,1,0,5,0,1,0.0,2.0,0.0,1.8516401995451028,2.0,inf,0.0,0.16765873015873017,0.0,0.0,-0.43923667182883946,-0.3101471534101995,0.12908951841863997
oxygenjl,2024-05-27T15:34:47.480Z,0,0,0,0,0,0,0,6,3,6,2,1,8,1,2,0,2,0.75,2.75,2.1213203435596424,2.7645717829090897,2.0,2.6666666666666665,0.3333333333333334,0.1962616822429907,0.0,0.0,-0.3110301926122623,-0.22187420867730392,0.08915598393495835
sfml,2024-10-03T16:43:14.598Z,0,0,0,15,14,10,0,6,6,9,9,7,5,7,8,12,4,5.625,7.625,6.588680769753099,2.5035688811888406,2.0,0.35555555555555557,0.09874439286203993,0.030525030525030535,0.0,0.0,0.5223119222954895,0.3518999320865173,-0.17041199020897219
esp-rfid,2021-03-19T22:27:46.337Z,0,0,0,0,0,0,0,0,0,0,3,3,0,3,1,3,3,0.0,2.0,0.0,1.4142135623730951,2.0,inf,0.0,0.13775510204081629,0.0,0.0,-0.43923667182883946,-0.3101471534101995,0.12908951841863997
oxygenjl,2024-05-27T15:34:47.480Z,0,0,0,0,0,0,0,6,3,6,2,1,8,1,2,0,2,0.75,2.75,2.1213203435596424,2.7645717829090897,2.0,2.6666666666666665,0.3333333333333334,0.1962616822429907,0.0,0.0,-0.3110301926122623,-0.22187420867730392,0.08915598393495835
aframe,2024-11-22T20:27:48.276Z,0,0,0,0,1,5,4,10,8,3,5,7,4,4,5,5,3,2.5,4.5,3.625307868699863,1.3093073414159542,2.0,0.8,0.7269668737060043,0.01785714285714286,0.0,0.0,-0.011881741106915466,-0.015904004300547562,-0.004022263193632096
passwordless,2019-08-09T09:47:37.133Z,0,0,0,0,0,0,0,4,3,3,3,4,1,1,0,5,3,0.5,2.5,1.4142135623730951,1.6903085094570331,2.0,4.0,0.3333333333333334,0.0011904761904761906,0.0,0.0,-0.35376568568445466,-0.2512985235882691,0.10246716209618556
dynamoid,2022-04-01T04:03:15.563Z,0,0,0,0,0,0,0,0,1,2,0,4,1,1,4,0,4,0.0,2.0,0.0,1.7728105208558367,2.0,inf,0.0,0.05303030303030304,0.0,0.0,-0.43923667182883946,-0.3101471534101995,0.12908951841863997
validatorjs,2019-01-30T16:42:20.377Z,0,0,0,0,0,0,0,0,0,0,0,0,0,0,0,10,6,0.0,2.0,0.0,3.854496446637726,2.0,inf,0.0,0.4844322344322345,0.0,0.0,-0.43923667182883946,-0.3101471534101995,0.12908951841863997
asciidocfx,2018-08-05T19:48:45.651Z,0,0,0,0,9,2,0,7,11,4,10,2,3,7,2,5,0,2.25,4.125,3.6547425158474374,3.181980515339464,1.875,0.8333333333333334,0.2607588489941432,0.20164609053497945,0.0,0.0,-0.05461723417910787,-0.06004047666699535,-0.005423242487887482
pytables,2022-04-05T20:29:14.359Z,0,0,0,0,0,0,0,4,4,2,1,1,3,0,5,2,5,0.5,2.375,1.4142135623730951,1.8468119248354136,1.875,3.75,0.3333333333333334,0.3054101221640489,0.0,0.0,-0.35376568568445466,-0.2660106810437517,0.08775500464070296
patchfox,2019-06-12T02:20:10.332Z,0,0,0,0,0,0,0,0,0,0,2,0,4,5,1,1,2,0.0,1.875,0.0,1.807721533549109,1.875,inf,0.0,0.043976060369502995,0.0,0.0,-0.43923667182883946,-0.3248593108656821,0.11437736096315737
gowechat,2021-07-22T03:11:36.857Z,1,3,7,3,4,4,3,5,7,10,9,5,1,6,6,6,2,3.75,5.625,1.752549163769328,3.0676887530703443,1.875,0.5,0.11074197120708751,0.3586337760910817,0.0,0.0,0.20179572425404654,0.11650541279879581,-0.08529031145525073
alchemy_cms,2020-01-31T00:31:00.848Z,0,0,0,0,0,0,0,0,0,0,0,0,1,5,2,4,3,0.0,1.875,0.0,1.9594095320493146,1.875,inf,0.0,0.5760797342192692,0.0,0.0,-0.43923667182883946,-0.3248593108656821,0.11437736096315737
cloudbox,2019-11-10T15:43:14.984Z,0,1,4,2,5,7,7,4,3,4,8,5,7,3,12,4,2,3.75,5.625,2.6049403612586386,3.2486260832190936,1.875,0.5,0.6140350877192983,0.02328579485939892,0.0,0.0,0.20179572425404654,0.11650541279879581,-0.08529031145525073
cssnano,2019-07-01T11:51:15.656Z,0,0,0,0,7,8,6,3,3,0,10,9,7,4,3,3,3,3.0,4.875,3.505098327538656,3.440826312717007,1.875,0.625,0.4653931339977852,0.08798391151332328,0.0,0.0,0.07358924503746933,0.028232468065900226,-0.045356776971569104
asciidocfx,2018-08-05T19:48:45.651Z,0,0,0,0,9,2,0,7,11,4,10,2,3,7,2,5,0,2.25,4.125,3.6547425158474374,3.181980515339464,1.875,0.8333333333333334,0.2607588489941432,0.20164609053497945,0.0,0.0,-0.05461723417910787,-0.06004047666699535,-0.005423242487887482
warriorjs,2018-05-08T19:29:36.330Z,0,0,0,0,0,0,0,0,45,3,2,3,0,6,0,0,0,0.0,1.75,0.0,2.187627547301936,1.75,inf,0.0,0.20540156361051887,0.0,0.0,-0.43923667182883946,-0.3395714683211647,0.09966520350767477
breathe,2023-01-04T02:54:01.961Z,0,0,0,0,0,0,0,0,0,0,0,0,0,4,4,2,4,0.0,1.75,0.0,1.9820624179302297,1.75,inf,0.0,0.6311688311688312,0.0,0.0,-0.43923667182883946,-0.3395714683211647,0.09966520350767477
jrnl,2020-03-11T04:05:38.015Z,0,0,0,6,29,8,20,16,25,10,17,5,14,15,5,12,15,9.875,11.625,10.802612117975382,4.596194077712559,1.75,0.17721518987341772,0.48880387656210156,0.004870587288169706,0.0,0.0,1.2488153045227603,0.8226889706619605,-0.4261263338607999
komapper,2023-02-25T01:59:11.275Z,0,3,1,1,1,0,2,5,1,6,5,1,7,0,1,2,5,1.625,3.375,1.6850180160122068,2.669269563007828,1.75,1.0769230769230769,0.21832884097035046,0.10036997255042368,0.0,0.0,-0.16145596685958885,-0.14831342139989093,0.013142545459697924
chimeraos,2023-08-07T16:21:52.661Z,0,9,22,19,25,18,9,27,16,16,20,22,13,14,21,20,17,16.125,17.875,9.295736349838794,3.3567628964311944,1.75,0.10852713178294573,0.32955451244353917,0.001886650064146102,0.0,0.0,2.31720263132757,1.5582968434360902,-0.75890578789148
level,2018-01-25T15:03:28.860Z,0,0,0,0,1,3,1,2,4,7,1,3,7,0,2,1,0,0.875,2.625,1.1259916264596033,2.8753881725529062,1.75,2.0,0.5640509725016768,0.35801707291988083,0.0,0.0,-0.28966244607616604,-0.2365863661327865,0.05307607994337954
node-opcua,2021-03-08T03:35:49.184Z,0,0,11,16,11,3,11,7,17,10,13,6,10,4,5,12,13,7.375,9.125,5.8782285961479435,3.6425069859723185,1.75,0.23728813559322035,0.13842746400885936,0.003140421713772993,0.0,0.0,0.8214603738008363,0.5284458215523085,-0.2930145522485278
chameleon-ultra-gui,2023-08-04T09:49:29.331Z,0,0,0,0,0,21,9,18,31,23,15,6,6,5,1,3,3,6.0,7.75,8.928285709714139,7.459413994601529,1.75,0.2916666666666667,0.5841013824884793,0.7130020172382175,0.0,0.0,0.5864151619037782,0.3666120895419999,-0.21980307236177826
geolib,2019-10-19T12:03:06.394Z,0,0,0,0,0,0,0,0,0,4,0,2,2,1,0,2,2,0.0,1.625,0.0,1.3024701806293193,1.625,inf,0.0,0.0606516290726817,0.0,0.0,-0.43923667182883946,-0.3542836257766473,0.08495304605219217
vsformat,2021-03-15T22:00:05.244Z,0,0,0,0,0,0,0,0,0,0,0,0,0,0,4,5,4,0.0,1.625,0.0,2.2638462845343543,1.625,inf,0.0,0.7010121121619378,0.0,0.0,-0.43923667182883946,-0.3542836257766473,0.08495304605219217
flatgeobuf,2021-05-10T18:01:04.938Z,0,0,0,0,0,0,0,0,0,3,0,1,2,2,2,1,2,0.0,1.625,0.0,0.9161253813129042,1.625,inf,0.0,0.0010131712259371837,0.0,0.0,-0.43923667182883946,-0.3542836257766473,0.08495304605219217
flatgeobuf,2021-05-10T18:01:04.938Z,0,0,0,0,0,0,0,0,0,3,0,1,2,2,2,1,2,0.0,1.625,0.0,0.9161253813129042,1.625,inf,0.0,0.0010131712259371837,0.0,0.0,-0.43923667182883946,-0.3542836257766473,0.08495304605219217
farmos,2019-02-20T17:48:15.716Z,0,0,0,0,0,0,0,0,0,0,0,0,0,0,1,6,6,0.0,1.625,0.0,2.7222627143085005,1.625,inf,0.0,0.6454388984509467,0.0,0.0,-0.43923667182883946,-0.3542836257766473,0.08495304605219217
fre,2021-07-13T00:22:06.863Z,0,0,0,0,0,0,0,1,1,3,3,3,1,2,2,0,0,0.125,1.75,0.3535533905932738,1.2817398889233114,1.625,13.0,0.3333333333333334,0.7474120082815735,0.0,0.0,-0.4178689252927433,-0.3395714683211647,0.07829745697157858
drupal-recording-initiative,2019-01-07T23:59:20.040Z,0,0,0,0,0,0,0,0,11,4,4,1,0,0,0,1,3,0.0,1.625,0.0,1.7677669529663689,1.625,inf,0.0,0.17006802721088438,0.0,0.0,-0.43923667182883946,-0.3542836257766473,0.08495304605219217
vue-facing-decorator,2023-08-14T06:20:31.683Z,0,0,0,0,5,4,3,2,6,3,2,2,6,4,4,6,0,1.75,3.375,2.052872551885702,2.0658792662827956,1.625,0.9285714285714286,0.4269572235673932,0.0017931858936043044,0.0,0.0,-0.14008822032349266,-0.14831342139989093,-0.008225201076398264
devlopr-jekyll,2020-05-08T15:56:01.297Z,0,0,0,0,0,0,0,0,2,6,1,0,3,3,0,0,0,0.0,1.625,0.0,2.1998376563477846,1.625,inf,0.0,0.3881567387102443,0.0,0.0,-0.43923667182883946,-0.3542836257766473,0.08495304605219217
devlopr-jekyll,2020-05-08T15:56:01.297Z,0,0,0,0,0,0,0,0,2,6,1,0,3,3,0,0,0,0.0,1.625,0.0,2.1998376563477846,1.625,inf,0.0,0.3881567387102443,0.0,0.0,-0.43923667182883946,-0.3542836257766473,0.08495304605219217
geolib,2019-10-19T12:03:06.394Z,0,0,0,0,0,0,0,0,0,4,0,2,2,1,0,2,2,0.0,1.625,0.0,1.3024701806293193,1.625,inf,0.0,0.0606516290726817,0.0,0.0,-0.43923667182883946,-0.3542836257766473,0.08495304605219217
peercoin,2020-07-26T20:55:55.186Z,0,0,0,1,0,0,1,0,0,3,1,0,0,1,3,3,4,0.25,1.875,0.4629100498862757,1.5526475085202969,1.625,6.5,0.0634920634920635,0.2571428571428572,0.0,0.0,-0.3965011787566471,-0.3248593108656821,0.071641867890965
mypaint,2020-03-02T08:33:14.940Z,0,0,0,0,0,0,0,0,0,0,0,0,0,2,5,2,4,0.0,1.625,0.0,1.9955307206712847,1.625,inf,0.0,0.6459534486440318,0.0,0.0,-0.43923667182883946,-0.3542836257766473,0.08495304605219217
redux-devtools-extension,2016-11-03T15:52:23.487Z,0,0,0,0,0,0,0,0,0,0,0,0,0,0,4,5,4,0.0,1.625,0.0,2.2638462845343543,1.625,inf,0.0,0.7010121121619378,0.0,0.0,-0.43923667182883946,-0.3542836257766473,0.08495304605219217
aedes,2020-02-13T22:09:38.530Z,0,0,0,3,3,1,7,20,13,4,8,6,6,12,4,4,3,4.25,5.875,6.798108980759702,2.948970764763288,1.625,0.38235294117647056,0.5829837344520499,0.07128190085068936,0.0,0.0,0.2872667103984313,0.145929727709761,-0.14133698268867032
openhv,2023-04-08T16:08:58.534Z,0,0,0,28,8,2,0,4,4,1,2,8,5,2,11,6,20,5.25,6.875,9.617692030835672,6.289163014946538,1.625,0.30952380952380953,0.0018018018018018025,0.5435020960980328,0.0,0.0,0.45820868268720094,0.2636269873536218,-0.19458169533357916
pokeapi,2019-07-10T22:53:14.184Z,0,0,0,0,0,0,0,0,0,0,0,0,2,2,5,2,1,0.0,1.5,0.0,1.6903085094570331,1.5,inf,0.0,0.3047619047619048,0.0,0.0,-0.43923667182883946,-0.3689957832321299,0.07024088859670957
jaeles-project,2019-12-01T17:37:53.784Z,0,0,0,0,0,0,0,3,1,1,4,1,6,0,1,1,1,0.375,1.875,1.0606601717798212,2.03100960115899,1.5,4.0,0.3333333333333334,0.09090909090909091,0.0,0.0,-0.37513343222055084,-0.3248593108656821,0.05027412135486875
react-date-picker,2018-10-27T18:09:21.519Z,0,0,0,0,2,9,4,11,6,4,6,5,5,1,5,8,4,3.25,4.75,4.432026302139591,1.9820624179302297,1.5,0.46153846153846156,0.6872727272727275,0.007792207792207791,0.0,0.0,0.11632473810966173,0.013520310610417629,-0.10280442749924411
libgit2,2024-07-22T10:38:31.087Z,0,3,5,9,8,5,3,7,4,9,9,11,4,6,6,2,5,5.0,6.5,2.9760952365713798,2.9760952365713798,1.5,0.3,0.22119815668202766,0.554531490015361,0.0,0.0,0.4154731896150085,0.21949051498717398,-0.19598267462783453
hadolint,2023-05-23T21:03:15.283Z,0,0,0,0,3,6,4,5,4,2,2,2,8,1,7,5,3,2.25,3.75,2.5495097567963922,2.6049403612586386,1.5,0.6666666666666666,0.7556253270538984,0.11278195488721804,0.0,0.0,-0.05461723417910787,-0.10417694903344314,-0.049559714854335274
jaeles-project,2019-12-01T17:37:53.784Z,0,0,0,0,0,0,0,3,1,1,4,1,6,0,1,1,1,0.375,1.875,1.0606601717798212,2.03100960115899,1.5,4.0,0.3333333333333334,0.09090909090909091,0.0,0.0,-0.37513343222055084,-0.3248593108656821,0.05027412135486875
endpoints4s,2021-07-19T16:44:44.847Z,0,0,0,1,0,1,0,2,2,6,0,0,6,2,1,0,0,0.5,1.875,0.7559289460184544,2.6423744732991303,1.375,2.75,0.3809523809523811,0.22518572646449886,0.0,0.0,-0.35376568568445466,-0.3248593108656821,0.028906374818772562
arrow,2020-12-10T12:42:21.874Z,0,0,1,6,6,4,9,7,8,2,5,6,7,7,6,3,8,4.125,5.5,3.440826312717007,2.0701966780270626,1.375,0.3333333333333333,0.7619765855059973,0.2031746031746032,0.0,0.0,0.26589896386233514,0.10179325534331321,-0.16410570851902193
openchakra,2020-02-19T04:28:18.651Z,0,0,0,0,0,0,0,0,17,3,0,1,1,0,2,1,3,0.0,1.375,0.0,1.1877349391654206,1.375,inf,0.0,0.02953586497890297,0.0,0.0,-0.43923667182883946,-0.3837079406876125,0.05552873114122697
github-trending-api,2020-01-09T07:23:58.074Z,0,0,0,0,0,0,0,0,0,2,4,2,0,1,2,0,0,0.0,1.375,0.0,1.4078859531733587,1.375,inf,0.0,0.46718146718146736,0.0,0.0,-0.43923667182883946,-0.3837079406876125,0.05552873114122697
poweradmin,2022-01-27T02:34:13.532Z,0,0,0,0,0,0,0,0,0,0,0,0,0,0,0,2,9,0.0,1.375,0.0,3.1594529363709243,1.375,inf,0.0,0.45395689581736104,0.0,0.0,-0.43923667182883946,-0.3837079406876125,0.05552873114122697
lairdubois-opencutlist-sketchup-extension,2019-11-11T12:02:52.805Z,0,0,0,0,0,0,0,0,1,1,1,3,0,1,1,1,3,0.0,1.375,0.0,1.0606601717798212,1.375,inf,0.0,0.061224489795918366,0.0,0.0,-0.43923667182883946,-0.3837079406876125,0.05552873114122697
cp-algorithms,2024-02-28T14:11:57.074Z,0,0,3,4,9,3,1,6,2,3,8,4,2,4,2,4,10,3.25,4.625,3.1052950170405937,2.8753881725529062,1.375,0.4230769230769231,0.23844797178130514,0.06428057183996709,0.0,0.0,0.11632473810966173,-0.001191846845064967,-0.11751658495472671
stump,2022-10-07T16:46:44.505Z,0,0,0,0,0,0,0,17,10,1,0,0,0,10,11,4,2,2.125,3.5,6.010407640085654,4.535573676110727,1.375,0.6470588235294118,0.3333333333333334,0.2025462962962963,0.0,0.0,-0.07598498071520407,-0.13360126394440833,-0.05761628322920426
ellie,2017-12-07T19:28:17.395Z,0,0,0,0,0,0,7,0,3,1,1,1,1,12,1,0,1,0.875,2.25,2.4748737341529163,3.955105199973465,1.375,1.5714285714285714,0.17006802721088438,0.001956947162426615,0.0,0.0,-0.28966244607616604,-0.2807228384992343,0.00893960757693174
poweradmin,2022-01-27T02:34:13.532Z,0,0,0,0,0,0,0,0,0,0,0,0,0,0,0,2,9,0.0,1.375,0.0,3.1594529363709243,1.375,inf,0.0,0.45395689581736104,0.0,0.0,-0.43923667182883946,-0.3837079406876125,0.05552873114122697
bioicons,2024-04-18T09:47:24.557Z,0,0,0,0,0,0,0,0,3,5,0,0,0,1,2,2,1,0.0,1.375,0.0,1.6850180160122068,1.375,inf,0.0,0.03623839472896078,0.0,0.0,-0.43923667182883946,-0.3837079406876125,0.05552873114122697
github-trending-api,2020-01-09T07:23:58.074Z,0,0,0,0,0,0,0,0,0,2,4,2,0,1,2,0,0,0.0,1.375,0.0,1.4078859531733587,1.375,inf,0.0,0.46718146718146736,0.0,0.0,-0.43923667182883946,-0.3837079406876125,0.05552873114122697
stump,2022-10-07T16:46:44.505Z,0,0,0,0,0,0,0,17,10,1,0,0,0,10,11,4,2,2.125,3.5,6.010407640085654,4.535573676110727,1.375,0.6470588235294118,0.3333333333333334,0.2025462962962963,0.0,0.0,-0.07598498071520407,-0.13360126394440833,-0.05761628322920426
bazel-rules-authors-sig,2021-12-09T00:24:09.931Z,0,0,0,0,0,0,6,8,1,0,2,15,2,0,1,1,4,1.75,3.125,3.284161123592185,4.969550137731641,1.375,0.7857142857142857,0.5830968148848944,0.015184381778741868,0.0,0.0,-0.14008822032349266,-0.17773773631085613,-0.03764951598736346
koko-analytics,2022-08-17T13:08:54.894Z,0,0,0,0,0,0,0,0,0,0,2,1,2,1,2,0,2,0.0,1.25,0.0,0.8864052604279183,1.25,inf,0.0,0.03896103896103897,0.0,0.0,-0.43923667182883946,-0.3984200981430951,0.04081657368574437
pixieditor,2022-02-01T19:31:05.349Z,0,0,0,0,0,0,11,12,32,17,3,1,1,9,1,0,1,2.875,4.125,5.330170192940773,5.938674695827103,1.25,0.43478260869565216,0.5782826015384156,0.34143459915611823,0.0,0.0,0.052221498501373136,-0.06004047666699535,-0.11226197516836849
emplea_do,2018-06-06T03:01:30.620Z,0,0,0,0,0,0,0,0,0,0,4,4,2,0,0,0,0,0.0,1.25,0.0,1.8322507626258084,1.25,inf,0.0,0.29280648429584616,0.0,0.0,-0.43923667182883946,-0.3984200981430951,0.04081657368574437
gacp,2020-02-22T21:25:17.059Z,0,0,0,0,0,0,0,0,4,1,4,2,0,0,1,0,2,0.0,1.25,0.0,1.3887301496588271,1.25,inf,0.0,0.11287477954144623,0.0,0.0,-0.43923667182883946,-0.3984200981430951,0.04081657368574437
emplea_do,2018-06-06T03:01:30.620Z,0,0,0,0,0,0,0,0,0,0,4,4,2,0,0,0,0,0.0,1.25,0.0,1.8322507626258084,1.25,inf,0.0,0.29280648429584616,0.0,0.0,-0.43923667182883946,-0.3984200981430951,0.04081657368574437
hartex,2023-09-14T09:48:55.182Z,0,0,0,0,0,0,0,0,2,0,0,0,1,1,7,1,0,0.0,1.25,0.0,2.3754698783308412,1.25,inf,0.0,0.10186859553948165,0.0,0.0,-0.43923667182883946,-0.3984200981430951,0.04081657368574437
hartex,2023-09-14T09:48:55.182Z,0,0,0,0,0,0,0,0,2,0,0,0,1,1,7,1,0,0.0,1.25,0.0,2.3754698783308412,1.25,inf,0.0,0.10186859553948165,0.0,0.0,-0.43923667182883946,-0.3984200981430951,0.04081657368574437
revogrid,2022-08-15T13:07:11.927Z,0,0,0,0,0,6,10,10,9,5,1,7,6,4,8,2,3,3.25,4.5,4.652188425123938,2.449489742783178,1.25,0.38461538461538464,0.7482319660537481,0.009070294784580503,0.0,0.0,0.11632473810966173,-0.015904004300547562,-0.1322287424102093
javers,2019-07-14T11:35:08.638Z,0,0,0,5,11,7,5,8,4,5,8,4,7,8,1,6,7,4.5,5.75,4.174754056057845,2.3754698783308412,1.25,0.2777777777777778,0.5690866510538642,0.0024110910186859566,0.0,0.0,0.33000220347062376,0.1312175702542784,-0.19878463321634535
hartex,2023-09-14T09:48:55.182Z,0,0,0,0,0,0,0,0,2,0,0,0,1,1,7,1,0,0.0,1.25,0.0,2.3754698783308412,1.25,inf,0.0,0.10186859553948165,0.0,0.0,-0.43923667182883946,-0.3984200981430951,0.04081657368574437
revogrid,2022-08-15T13:07:11.927Z,0,0,0,0,0,6,10,10,9,5,1,7,6,4,8,2,3,3.25,4.5,4.652188425123938,2.449489742783178,1.25,0.38461538461538464,0.7482319660537481,0.009070294784580503,0.0,0.0,0.11632473810966173,-0.015904004300547562,-0.1322287424102093
revogrid,2022-08-15T13:07:11.927Z,0,0,0,0,0,6,10,10,9,5,1,7,6,4,8,2,3,3.25,4.5,4.652188425123938,2.449489742783178,1.25,0.38461538461538464,0.7482319660537481,0.009070294784580503,0.0,0.0,0.11632473810966173,-0.015904004300547562,-0.1322287424102093
bower,2017-04-07T00:12:10.581Z,0,0,0,0,0,1,7,13,3,4,5,4,2,5,8,3,0,2.625,3.875,4.838461975226661,2.3566016694748027,1.25,0.47619047619047616,0.604445897352076,0.08099831572500386,0.0,0.0,0.009486005429180733,-0.08946479157796054,-0.09895079700714128
hartex,2023-09-14T09:48:55.182Z,0,0,0,0,0,0,0,0,2,0,0,0,1,1,7,1,0,0.0,1.25,0.0,2.3754698783308412,1.25,inf,0.0,0.10186859553948165,0.0,0.0,-0.43923667182883946,-0.3984200981430951,0.04081657368574437
openglobusjs,2024-05-18T20:07:43.682Z,0,0,0,0,0,0,0,0,0,0,2,1,0,0,1,3,2,0.0,1.125,0.0,1.1259916264596033,1.125,inf,0.0,0.24211938296445337,0.0,0.0,-0.43923667182883946,-0.4131322555985777,0.026104416230261773
platypus,2021-05-03T05:09:58.730Z,0,0,0,0,0,0,0,0,0,0,0,0,0,0,0,3,6,0.0,1.125,0.0,2.2320714274285347,1.125,inf,0.0,0.5545314900153611,0.0,0.0,-0.43923667182883946,-0.4131322555985777,0.026104416230261773
chrome-react-ai,2019-09-23T13:03:14.362Z,0,0,0,0,0,0,10,3,5,12,8,1,0,1,0,0,0,1.625,2.75,3.543101950067402,4.621378891320518,1.125,0.6923076923076923,0.3414617625143942,0.6321070234113713,0.0,0.0,-0.16145596685958885,-0.22187420867730392,-0.060418241817715074
y-collective,2021-04-22T16:27:28.210Z,4,5,3,7,5,5,3,6,3,9,4,3,5,4,5,9,8,4.75,5.875,1.3887301496588271,2.416461403433896,1.125,0.23684210526315788,0.028218694885361557,0.07703509538371923,0.0,0.0,0.37273769654281613,0.145929727709761,-0.22680796883305512
leafletglify,2020-11-09T13:48:53.840Z,0,0,0,0,0,0,0,0,0,1,1,0,3,3,0,1,0,0.0,1.125,0.0,1.2464234547582247,1.125,inf,0.0,0.026819923371647524,0.0,0.0,-0.43923667182883946,-0.4131322555985777,0.026104416230261773
polka,2019-07-18T17:52:42.718Z,0,0,0,0,0,0,0,0,0,0,0,0,0,0,5,1,3,0.0,1.125,0.0,1.8850918886280925,1.125,inf,0.0,0.4022493419478344,0.0,0.0,-0.43923667182883946,-0.4131322555985777,0.026104416230261773
polka,2019-07-18T17:52:42.718Z,0,0,0,0,0,0,0,0,0,0,0,0,0,0,5,1,3,0.0,1.125,0.0,1.8850918886280925,1.125,inf,0.0,0.4022493419478344,0.0,0.0,-0.43923667182883946,-0.4131322555985777,0.026104416230261773
open-registry,2019-04-29T15:38:19.747Z,0,0,0,0,0,0,0,0,21,8,1,0,0,0,0,0,0,0.0,1.125,0.0,2.7998724460742337,1.125,inf,0.0,0.40362295259789577,0.0,0.0,-0.43923667182883946,-0.4131322555985777,0.026104416230261773
polka,2019-07-18T17:52:42.718Z,0,0,0,0,0,0,0,0,0,0,0,0,0,0,5,1,3,0.0,1.125,0.0,1.8850918886280925,1.125,inf,0.0,0.4022493419478344,0.0,0.0,-0.43923667182883946,-0.4131322555985777,0.026104416230261773
apiato,2018-03-02T01:40:54.281Z,0,0,0,14,15,12,6,5,7,12,12,8,8,8,8,2,3,6.5,7.625,6.414269805898185,3.6228441865473595,1.125,0.17307692307692307,0.215029761904762,0.8272756721736315,0.0,0.0,0.6718861480481629,0.3518999320865173,-0.3199862159616456
polka,2019-07-18T17:52:42.718Z,0,0,0,0,0,0,0,0,0,0,0,0,0,0,5,1,3,0.0,1.125,0.0,1.8850918886280925,1.125,inf,0.0,0.4022493419478344,0.0,0.0,-0.43923667182883946,-0.4131322555985777,0.026104416230261773
openglobusjs,2024-05-18T20:07:43.682Z,0,0,0,0,0,0,0,0,0,0,2,1,0,0,1,3,2,0.0,1.125,0.0,1.1259916264596033,1.125,inf,0.0,0.24211938296445337,0.0,0.0,-0.43923667182883946,-0.4131322555985777,0.026104416230261773
open_stt,2019-09-03T16:05:06.177Z,0,0,0,2,5,0,1,0,1,1,6,4,2,0,3,0,1,1.0,2.125,1.7728105208558367,2.100170061141308,1.125,1.125,0.017316017316017316,0.2361673414304994,0.0,0.0,-0.26829469954006985,-0.2954349959547169,-0.027140296414647047
platypus,2021-05-03T05:09:58.730Z,0,0,0,0,0,0,0,0,0,0,0,0,0,0,0,3,6,0.0,1.125,0.0,2.2320714274285347,1.125,inf,0.0,0.5545314900153611,0.0,0.0,-0.43923667182883946,-0.4131322555985777,0.026104416230261773
rrweb,2023-04-11T02:15:30.808Z,0,0,0,9,10,9,16,17,6,12,8,10,7,12,8,5,8,7.625,8.75,6.988510979764267,2.434865792722759,1.125,0.14754098360655737,0.8971707147209889,0.2776821572002295,0.0,0.0,0.8641958668730286,0.4843093491858607,-0.3798865176871679
chrome-react-ai,2019-09-23T13:03:14.362Z,0,0,0,0,0,0,10,3,5,12,8,1,0,1,0,0,0,1.625,2.75,3.543101950067402,4.621378891320518,1.125,0.6923076923076923,0.3414617625143942,0.6321070234113713,0.0,0.0,-0.16145596685958885,-0.22187420867730392,-0.060418241817715074
leafletglify,2020-11-09T13:48:53.840Z,0,0,0,0,0,0,0,0,0,1,1,0,3,3,0,1,0,0.0,1.125,0.0,1.2464234547582247,1.125,inf,0.0,0.026819923371647524,0.0,0.0,-0.43923667182883946,-0.4131322555985777,0.026104416230261773
kp-fan-world,2019-03-20T14:37:05.655Z,0,0,0,0,0,0,0,0,0,0,0,0,0,8,0,1,0,0.0,1.125,0.0,2.7998724460742337,1.125,inf,0.0,0.01833170625881332,0.0,0.0,-0.43923667182883946,-0.4131322555985777,0.026104416230261773
kp-fan-world,2019-03-20T14:37:05.655Z,0,0,0,0,0,0,0,0,0,0,0,0,0,8,0,1,0,0.0,1.125,0.0,2.7998724460742337,1.125,inf,0.0,0.01833170625881332,0.0,0.0,-0.43923667182883946,-0.4131322555985777,0.026104416230261773
frontpage,2024-10-24T23:06:09.659Z,0,0,0,0,0,0,0,2,5,1,1,0,0,0,4,3,1,0.25,1.25,0.7071067811865476,1.4880476182856899,1.0,4.0,0.3333333333333334,0.18586789554531497,0.0,0.0,-0.3965011787566471,-0.3984200981430951,-0.0019189193864480036
tampadevs,2023-01-06T22:20:11.777Z,0,0,0,0,0,0,7,0,6,3,2,5,2,0,2,1,0,0.875,1.875,2.4748737341529163,1.6420805617960925,1.0,1.1428571428571428,0.17006802721088438,0.43172500788394846,0.0,0.0,-0.28966244607616604,-0.3248593108656821,-0.03519686478951606
alfio,2019-08-25T15:29:57.540Z,0,0,10,4,7,8,8,19,13,17,11,5,12,5,8,3,3,7.0,8.0,6.117889458675387,4.985693819032899,1.0,0.14285714285714285,0.6565794256633953,0.6327312534209089,0.0,0.0,0.7573571341925477,0.3960364044529651,-0.36132072973958257
xlayers,2020-07-21T14:08:30.448Z,0,0,0,0,0,0,0,0,0,0,0,4,1,1,0,0,2,0.0,1.0,0.0,1.4142135623730951,1.0,inf,0.0,0.0017006802721088435,0.0,0.0,-0.43923667182883946,-0.42784441305406024,0.01139225877477923
timber,2023-02-03T21:08:23.250Z,5,3,4,3,8,7,5,4,2,4,3,9,7,4,4,10,6,4.875,5.875,1.807721533549109,2.5877458475338284,1.0,0.20512820512820512,0.0752016653655998,0.12203174603174603,0.0,0.0,0.3941054430789123,0.145929727709761,-0.2481757153691513
ants,2021-07-12T14:05:48.171Z,0,0,0,0,3,5,5,6,5,3,2,4,4,6,4,2,2,2.375,3.375,2.669269563007828,1.4078859531733587,1.0,0.42105263157894735,0.8622747344551857,0.010725010725010725,0.0,0.0,-0.033249487643011666,-0.14831342139989093,-0.11506393375687926
heylinda,2021-08-02T12:28:45.429Z,0,0,0,0,0,0,0,9,23,0,11,0,0,0,6,0,0,1.125,2.125,3.181980515339464,4.155461122770509,1.0,0.8888888888888888,0.3333333333333334,0.06741517703255036,0.0,0.0,-0.24692695300397366,-0.2954349959547169,-0.048508042950743235
xlayers,2020-07-21T14:08:30.448Z,0,0,0,0,0,0,0,0,0,0,0,4,1,1,0,0,2,0.0,1.0,0.0,1.4142135623730951,1.0,inf,0.0,0.0017006802721088435,0.0,0.0,-0.43923667182883946,-0.42784441305406024,0.01139225877477923
monotorrent,2020-02-03T15:58:10.734Z,0,0,0,6,1,11,10,7,7,13,8,6,6,1,3,5,1,4.375,5.375,4.68851179556401,3.9618718519695424,1.0,0.22857142857142856,0.6239217051564738,0.6917492821929683,0.0,0.0,0.3086344569345275,0.08708109788783061,-0.2215533590466969
frontpage,2024-10-24T23:06:09.659Z,0,0,0,0,0,0,0,2,5,1,1,0,0,0,4,3,1,0.25,1.25,0.7071067811865476,1.4880476182856899,1.0,4.0,0.3333333333333334,0.18586789554531497,0.0,0.0,-0.3965011787566471,-0.3984200981430951,-0.0019189193864480036
medoo,2019-11-12T11:14:08.632Z,0,0,0,0,0,0,0,0,0,0,0,0,0,0,0,3,5,0.0,1.0,0.0,1.927248223318863,1.0,inf,0.0,0.5723443223443225,0.0,0.0,-0.43923667182883946,-0.42784441305406024,0.01139225877477923
pongo2,2021-07-17T05:14:38.522Z,0,0,0,0,2,2,0,3,0,0,2,2,0,3,1,5,2,0.875,1.875,1.2464234547582247,1.6420805617960925,1.0,1.1428571428571428,0.46031746031746046,0.26521602018290763,0.0,0.0,-0.28966244607616604,-0.3248593108656821,-0.03519686478951606
ifme,2017-10-23T17:42:15.654Z,0,0,0,0,0,0,0,0,0,0,0,0,0,0,4,1,3,0.0,1.0,0.0,1.6035674514745462,1.0,inf,0.0,0.4775132275132275,0.0,0.0,-0.43923667182883946,-0.42784441305406024,0.01139225877477923
frontpage,2024-10-24T23:06:09.659Z,0,0,0,0,0,0,0,2,5,1,1,0,0,0,4,3,1,0.25,1.25,0.7071067811865476,1.4880476182856899,1.0,4.0,0.3333333333333334,0.18586789554531497,0.0,0.0,-0.3965011787566471,-0.3984200981430951,-0.0019189193864480036
xlayers,2020-07-21T14:08:30.448Z,0,0,0,0,0,0,0,0,0,0,0,4,1,1,0,0,2,0.0,1.0,0.0,1.4142135623730951,1.0,inf,0.0,0.0017006802721088435,0.0,0.0,-0.43923667182883946,-0.42784441305406024,0.01139225877477923
rslint,2020-10-29T18:38:45.288Z,0,0,0,0,0,0,0,6,24,3,0,4,3,0,2,2,0,0.75,1.75,2.1213203435596424,1.5811388300841898,1.0,1.3333333333333333,0.3333333333333334,0.13605442176870744,0.0,0.0,-0.3110301926122623,-0.3395714683211647,-0.028541275708902414
wee-slack,2021-07-17T06:57:31.148Z,0,0,0,0,0,0,0,0,0,4,1,0,1,0,0,1,0,0.0,0.875,0.0,1.3562026818605375,0.875,inf,0.0,0.3888118354137772,0.0,0.0,-0.43923667182883946,-0.44255657050954283,-0.0033198986807033704
cglm,2020-06-06T08:58:38.362Z,0,0,0,0,0,0,0,0,0,0,0,0,1,2,2,1,1,0.0,0.875,0.0,0.8345229603962802,0.875,inf,0.0,0.4407814407814407,0.0,0.0,-0.43923667182883946,-0.44255657050954283,-0.0033198986807033704
apollo-elements,2021-02-01T10:52:33.831Z,0,0,0,0,1,2,2,3,3,3,5,0,1,0,4,2,0,1.0,1.875,1.1952286093343936,1.9594095320493146,0.875,0.875,0.8595238095238095,0.13842746400885936,0.0,0.0,-0.26829469954006985,-0.3248593108656821,-0.056564611325612246
duostories,2023-08-17T00:11:01.343Z,0,0,0,0,0,0,1,0,0,0,0,5,0,2,1,0,0,0.125,1.0,0.3535533905932738,1.7728105208558367,0.875,7.0,0.1700680272108843,0.02705627705627705,0.0,0.0,-0.4178689252927433,-0.42784441305406024,-0.009975487761316959
just-the-docs,2023-01-24T16:00:40.613Z,0,0,6,6,10,7,4,15,14,10,7,9,6,5,7,8,3,6.0,6.875,4.985693819032899,2.2320714274285347,0.875,0.14583333333333334,0.5960591133004928,0.4439324116743474,0.0,0.0,0.5864151619037782,0.2636269873536218,-0.3227881745501564
tbox,2021-10-21T02:50:50.692Z,0,0,0,0,0,0,0,0,0,0,0,0,0,2,0,3,2,0.0,0.875,0.0,1.2464234547582247,0.875,inf,0.0,0.5259989053092502,0.0,0.0,-0.43923667182883946,-0.44255657050954283,-0.0033198986807033704
final-form,2018-03-02T16:34:28.982Z,0,0,0,0,3,16,9,8,4,9,4,4,6,3,6,4,7,4.5,5.375,5.9521904731427595,1.9955307206712847,0.875,0.19444444444444445,0.554531490015361,0.02583813794576127,0.0,0.0,0.33000220347062376,0.08708109788783061,-0.24292110558279315
doc-detective,2024-04-30T10:53:59.142Z,1,0,0,0,0,0,0,0,2,0,1,2,0,2,3,0,0,0.125,1.0,0.3535533905932738,1.1952286093343936,0.875,7.0,0.3333333333333334,0.0,0.0,0.0,-0.4178689252927433,-0.42784441305406024,-0.009975487761316959
ethical-source,2020-02-15T19:00:57.469Z,0,0,0,0,7,0,0,0,1,9,0,3,2,0,0,0,0,0.875,1.75,2.4748737341529163,3.1509635714446826,0.875,1.0,0.0068027210884353765,0.46899623158615966,0.0,0.0,-0.28966244607616604,-0.3395714683211647,-0.04990902224499866
dotenv,2019-12-19T10:53:26.030Z,0,0,0,0,0,0,0,0,0,0,0,0,0,0,0,3,4,0.0,0.875,0.0,1.6420805617960925,0.875,inf,0.0,0.5830968148848944,0.0,0.0,-0.43923667182883946,-0.44255657050954283,-0.0033198986807033704
apollo-elements,2021-02-01T10:52:33.831Z,0,0,0,0,1,2,2,3,3,3,5,0,1,0,4,2,0,1.0,1.875,1.1952286093343936,1.9594095320493146,0.875,0.875,0.8595238095238095,0.13842746400885936,0.0,0.0,-0.26829469954006985,-0.3248593108656821,-0.056564611325612246
listr2,2023-04-11T18:36:34.350Z,1,0,2,0,0,2,0,5,2,4,2,0,4,2,1,3,1,1.25,2.125,1.752549163769328,1.4577379737113252,0.875,0.7,0.21705426356589155,0.09003601440576232,0.0,0.0,-0.22555920646787747,-0.2954349959547169,-0.06987578948683942
blosc,2022-04-05T18:43:03.620Z,0,0,0,0,0,0,0,0,3,3,0,0,1,0,0,0,3,0.0,0.875,0.0,1.3562026818605375,0.875,inf,0.0,0.00046232085067036537,0.0,0.0,-0.43923667182883946,-0.44255657050954283,-0.0033198986807033704
java-jda,2021-12-08T00:31:08.361Z,0,0,15,18,12,10,5,19,14,13,15,11,12,8,8,9,10,9.875,10.75,7.548651724456683,2.4928469095164494,0.875,0.08860759493670886,0.28008834370476493,0.56048166392994,0.0,0.0,1.2488153045227603,0.7197038684735823,-0.5291114360491781
cglm,2020-06-06T08:58:38.362Z,0,0,0,0,0,0,0,0,0,0,0,0,1,2,2,1,1,0.0,0.875,0.0,0.8345229603962802,0.875,inf,0.0,0.4407814407814407,0.0,0.0,-0.43923667182883946,-0.44255657050954283,-0.0033198986807033704
react-window,2021-09-02T12:58:03.612Z,0,0,0,0,0,0,0,0,0,0,0,0,0,0,0,0,7,0.0,0.875,0.0,2.4748737341529163,0.875,inf,0.0,0.3333333333333334,0.0,0.0,-0.43923667182883946,-0.44255657050954283,-0.0033198986807033704
ng-matero,2020-02-05T02:59:24.724Z,0,1,0,3,2,4,2,4,3,4,5,5,1,3,3,0,1,2.0,2.75,1.6035674514745462,1.9086270308410553,0.75,0.375,0.6402116402116406,0.5835667600373482,0.0,0.0,-0.09735272725130026,-0.22187420867730392,-0.12452148142600367
pixi-viewport,2021-11-11T15:13:45.280Z,0,0,0,0,3,6,8,2,6,4,2,12,2,0,2,2,1,2.375,3.125,3.113908889391045,3.758324094593227,0.75,0.3157894736842105,0.49329123914759276,0.1691048100656192,0.0,0.0,-0.033249487643011666,-0.17773773631085613,-0.14448824866784446
kmon,2020-04-01T17:22:30.543Z,0,0,0,0,0,0,0,0,9,1,1,2,1,0,0,1,0,0.0,0.75,0.0,0.7071067811865476,0.75,inf,0.0,0.3333333333333334,0.0,0.0,-0.43923667182883946,-0.45726872796502543,-0.01803205613618597
extenject,2018-08-17T08:24:51.603Z,0,0,0,0,0,0,0,0,0,0,0,0,0,0,0,0,6,0.0,0.75,0.0,2.1213203435596424,0.75,inf,0.0,0.3333333333333334,0.0,0.0,-0.43923667182883946,-0.45726872796502543,-0.01803205613618597
lysand,2024-05-24T14:51:39.321Z,0,0,0,0,0,0,0,1,1,1,0,4,0,0,2,0,0,0.125,0.875,0.3535533905932738,1.4577379737113252,0.75,6.0,0.3333333333333334,0.06762705082032812,0.0,0.0,-0.4178689252927433,-0.44255657050954283,-0.02468764521679956
html-bundler-webpack-plugin,2023-10-17T09:45:49.407Z,0,3,5,3,5,2,1,2,9,7,7,4,2,2,3,1,1,2.625,3.375,1.7677669529663689,2.445841952609133,0.75,0.2857142857142857,0.002448979591836735,0.7995735607675906,0.0,0.0,0.009486005429180733,-0.14831342139989093,-0.15779942682907167
apiflask,2023-12-08T15:42:40.092Z,0,0,2,3,4,4,2,5,3,2,2,5,1,0,4,7,5,2.5,3.25,1.8516401995451028,2.3754698783308412,0.75,0.3,0.6706349206349207,0.2658227848101267,0.0,0.0,-0.011881741106915466,-0.16302557885537353,-0.15114383774845805
feedback-prime,2022-03-30T04:04:32.567Z,0,0,0,0,0,0,0,0,0,0,0,2,0,0,0,4,0,0.0,0.75,0.0,1.4880476182856899,0.75,inf,0.0,0.0752688172043011,0.0,0.0,-0.43923667182883946,-0.45726872796502543,-0.01803205613618597
extenject,2018-08-17T08:24:51.603Z,0,0,0,0,0,0,0,0,0,0,0,0,0,0,0,0,6,0.0,0.75,0.0,2.1213203435596424,0.75,inf,0.0,0.3333333333333334,0.0,0.0,-0.43923667182883946,-0.45726872796502543,-0.01803205613618597
anndatar,2024-07-24T14:37:55.820Z,0,0,0,0,0,0,0,0,0,0,0,0,0,0,0,0,6,0.0,0.75,0.0,2.1213203435596424,0.75,inf,0.0,0.3333333333333334,0.0,0.0,-0.43923667182883946,-0.45726872796502543,-0.01803205613618597
inotify-tools,2021-07-22T10:38:20.686Z,0,0,0,0,0,0,1,3,0,0,3,0,1,1,2,1,2,0.5,1.25,1.0690449676496976,1.0350983390135313,0.75,1.5,0.5029761904761905,0.07936507936507936,0.0,0.0,-0.35376568568445466,-0.3984200981430951,-0.044654412458640436
ng-matero,2020-02-05T02:59:24.724Z,0,1,0,3,2,4,2,4,3,4,5,5,1,3,3,0,1,2.0,2.75,1.6035674514745462,1.9086270308410553,0.75,0.375,0.6402116402116406,0.5835667600373482,0.0,0.0,-0.09735272725130026,-0.22187420867730392,-0.12452148142600367
cyclejs,2016-09-20T08:31:40.598Z,0,0,1,11,18,24,28,22,19,16,6,9,9,11,29,20,10,13.0,13.75,11.575836902790225,7.592289321598403,0.75,0.057692307692307696,0.8687430195958982,0.11949017525225702,0.0,0.0,1.7830089679251653,1.0727956474051645,-0.7102133205200007
sigstore,2023-06-16T16:31:46.925Z,0,0,0,0,0,5,24,8,6,4,17,7,4,6,1,3,1,4.625,5.375,8.399617338222702,5.1530157605591915,0.75,0.16216216216216217,0.4396837449229249,0.36663784545425443,0.0,0.0,0.35136995000671994,0.08708109788783061,-0.2642888521188893
laravel-zero,2021-07-17T06:12:11.451Z,0,0,0,0,0,0,0,0,0,0,0,0,0,0,0,2,4,0.0,0.75,0.0,1.4880476182856899,0.75,inf,0.0,0.554531490015361,0.0,0.0,-0.43923667182883946,-0.45726872796502543,-0.01803205613618597
chaoss-africa,2023-05-04T16:04:26.507Z,0,2,0,0,1,3,1,0,1,0,0,2,9,2,0,0,0,0.875,1.625,1.1259916264596033,3.113908889391045,0.75,0.8571428571428571,0.016767270288397047,0.014820661229501007,0.0,0.0,-0.28966244607616604,-0.3542836257766473,-0.06462117970048126
sigstore,2023-06-16T16:31:46.925Z,0,0,0,0,0,5,24,8,6,4,17,7,4,6,1,3,1,4.625,5.375,8.399617338222702,5.1530157605591915,0.75,0.16216216216216217,0.4396837449229249,0.36663784545425443,0.0,0.0,0.35136995000671994,0.08708109788783061,-0.2642888521188893
guiscrcpy,2021-04-12T16:26:57.193Z,0,4,2,0,2,5,5,5,2,4,6,2,2,1,5,5,4,2.875,3.625,2.1671244937540095,1.7677669529663689,0.75,0.2608695652173913,0.47093970668115154,0.002448979591836735,0.0,0.0,0.052221498501373136,-0.11888910648892574,-0.17111060499029887
suneditor,2021-04-10T14:26:31.953Z,0,0,15,26,14,20,23,39,34,28,22,29,27,12,8,10,7,17.125,17.875,13.097846060653309,9.553421227123671,0.75,0.043795620437956206,0.7577857415475822,0.7567711099309613,0.0,0.0,2.4881446036163397,1.5582968434360902,-0.9298477601802495
opt-out-tools,2020-01-07T14:41:13.272Z,0,0,0,0,0,0,5,20,8,28,1,1,0,0,0,0,0,3.125,3.75,7.039429765866794,9.808888097755306,0.625,0.2,0.4671814671814672,0.3678014635698379,0.0,0.0,0.09495699157356553,-0.10417694903344314,-0.19913394060700867
hydra-synth,2021-02-17T10:50:43.831Z,0,0,0,0,0,1,2,2,0,1,2,1,3,0,0,0,3,0.625,1.25,0.9161253813129042,1.2817398889233114,0.625,1.0,0.7386018237082068,0.0020703933747412014,0.0,0.0,-0.33239793914835847,-0.3984200981430951,-0.06602215899473662
reactfigma,2020-12-22T03:30:46.308Z,0,0,5,2,7,1,3,2,5,5,1,7,1,5,1,4,1,2.5,3.125,2.449489742783178,2.416461403433896,0.625,0.25,0.06859410430839005,0.10615989515072084,0.0,0.0,-0.011881741106915466,-0.17773773631085613,-0.16585599520394065
nginx-proxy-automation,2021-04-01T09:28:28.158Z,0,0,0,1,2,5,2,13,7,6,5,4,1,6,2,2,2,2.875,3.5,4.421942042651783,2.0,0.625,0.21739130434782608,0.5953033268101762,0.4115646258503402,0.0,0.0,0.052221498501373136,-0.13360126394440833,-0.18582276244578147
sudobot,2024-01-04T05:01:15.548Z,0,0,0,0,0,0,0,0,0,0,0,0,1,1,2,0,1,0.0,0.625,0.0,0.7440238091428449,0.625,inf,0.0,0.2596006144393241,0.0,0.0,-0.43923667182883946,-0.47198088542050803,-0.03274421359166857
ramda-adjunct,2021-07-09T07:37:55.835Z,0,0,0,0,0,0,0,0,0,0,0,0,1,1,3,0,0,0.0,0.625,0.0,1.0606601717798212,0.625,inf,0.0,0.061224489795918366,0.0,0.0,-0.43923667182883946,-0.47198088542050803,-0.03274421359166857
opt-out-tools,2020-01-07T14:41:13.272Z,0,0,0,0,0,0,5,20,8,28,1,1,0,0,0,0,0,3.125,3.75,7.039429765866794,9.808888097755306,0.625,0.2,0.4671814671814672,0.3678014635698379,0.0,0.0,0.09495699157356553,-0.10417694903344314,-0.19913394060700867
retrospring,2023-01-30T18:00:47.887Z,0,0,0,0,1,1,5,5,23,6,2,2,4,0,2,0,1,1.5,2.125,2.2038926600773587,2.03100960115899,0.625,0.4166666666666667,0.7170868347338938,0.494949494949495,0.0,0.0,-0.18282371339568507,-0.2954349959547169,-0.11261128255903183
applause-button,2019-02-25T20:33:39.781Z,0,0,0,0,0,0,0,0,3,0,1,1,1,0,2,0,0,0.0,0.625,0.0,0.7440238091428449,0.625,inf,0.0,0.013824884792626729,0.0,0.0,-0.43923667182883946,-0.47198088542050803,-0.03274421359166857
resilience-web,2021-10-25T11:58:20.550Z,0,0,0,0,0,0,4,5,3,0,0,1,6,1,3,2,1,1.125,1.75,2.100170061141308,1.9820624179302297,0.625,0.5555555555555556,0.5831887410834781,0.07012987012987013,0.0,0.0,-0.24692695300397366,-0.3395714683211647,-0.09264451531719103
doks,2021-10-06T10:30:43.810Z,1,5,9,4,14,7,2,5,11,4,4,13,7,6,8,3,7,5.875,6.5,4.155461122770509,3.1622776601683795,0.625,0.10638297872340426,0.01423154577239376,0.0,0.0,0.0,0.5650474153676819,0.21949051498717398,-0.3455569003805079
jmonkeyengine,2020-11-03T08:06:31.349Z,0,22,2,0,5,7,1,6,11,7,3,3,2,9,16,4,4,5.375,6.0,7.249384210301687,4.6598589800857395,0.625,0.11627906976744186,0.029917641538436655,0.035244360902255654,0.0,0.0,0.47957642922329713,0.16064188516524358,-0.31893454405805355
ihateregex,2020-02-17T12:07:51.308Z,0,0,2,0,0,0,0,2,14,4,1,2,0,2,0,0,0,0.5,1.125,0.9258200997725514,1.4577379737113252,0.625,1.25,0.0634920634920635,0.5478191276510604,0.0,0.0,-0.35376568568445466,-0.4131322555985777,-0.059366569914123035
augmented-ui,2019-09-25T18:14:45.096Z,0,0,0,0,0,0,0,0,1,1,0,0,3,1,0,0,0,0.0,0.625,0.0,1.0606601717798212,0.625,inf,0.0,0.061224489795918366,0.0,0.0,-0.43923667182883946,-0.47198088542050803,-0.03274421359166857
jekyll-admin,2020-02-28T23:19:26.971Z,0,0,0,1,0,3,0,0,1,1,2,1,0,3,1,0,0,0.5,1.0,1.0690449676496976,1.0690449676496976,0.5,1.0,0.04761904761904762,0.14583333333333334,0.0,0.0,-0.35376568568445466,-0.42784441305406024,-0.07407872736960558
fluentvalidation,2022-12-25T15:04:55.591Z,0,7,19,5,14,8,6,7,3,14,9,11,3,4,8,8,13,8.25,8.75,5.800246300189082,3.918819064098629,0.5,0.06060606060606061,0.01011020119300374,0.022148394241417495,0.0,0.0,0.9710345995535097,0.4843093491858607,-0.48672525036764896
fluentvalidation,2022-12-25T15:04:55.591Z,0,7,19,5,14,8,6,7,3,14,9,11,3,4,8,8,13,8.25,8.75,5.800246300189082,3.918819064098629,0.5,0.06060606060606061,0.01011020119300374,0.022148394241417495,0.0,0.0,0.9710345995535097,0.4843093491858607,-0.48672525036764896
ng-alain,2021-02-03T02:09:46.487Z,0,39,17,13,8,18,18,18,8,24,15,12,9,18,22,23,12,16.375,16.875,11.14754937835474,5.718079098038831,0.5,0.030534351145038167,0.0024702509254887466,0.0006501781488127747,0.0,0.0,2.3599381243997626,1.4405995837922294,-0.9193385406075332
britechartsorg,2021-10-06T13:51:25.105Z,0,0,0,0,0,0,0,1,11,1,0,1,1,2,0,0,0,0.125,0.625,0.3535533905932738,0.7440238091428449,0.5,4.0,0.3333333333333334,0.12442396313364054,0.0,0.0,-0.4178689252927433,-0.47198088542050803,-0.05411196012776476
noblox,2023-07-06T19:47:29.820Z,0,0,0,4,2,1,1,2,1,3,3,0,0,1,1,1,5,1.25,1.75,1.3887301496588271,1.752549163769328,0.5,0.4,0.17636684303350972,0.017718715393134,0.0,0.0,-0.22555920646787747,-0.3395714683211647,-0.11401226185328722
gerbera-io,2021-01-25T10:44:51.512Z,0,0,0,0,0,0,0,0,0,0,0,0,0,0,0,0,4,0.0,0.5,0.0,1.4142135623730951,0.5,inf,0.0,0.3333333333333334,0.0,0.0,-0.43923667182883946,-0.48669304287599063,-0.04745637104715117
ffpopup,2018-12-18T09:37:36.048Z,0,0,0,0,0,0,0,0,1,1,0,0,0,0,1,0,2,0.0,0.5,0.0,0.7559289460184544,0.5,inf,0.0,0.14880952380952384,0.0,0.0,-0.43923667182883946,-0.48669304287599063,-0.04745637104715117
laravel-s,2021-07-17T05:41:19.114Z,0,0,0,0,0,0,0,0,0,0,0,0,0,0,0,0,4,0.0,0.5,0.0,1.4142135623730951,0.5,inf,0.0,0.3333333333333334,0.0,0.0,-0.43923667182883946,-0.48669304287599063,-0.04745637104715117
sopel,2020-04-21T11:34:16.215Z,0,0,2,8,7,7,0,8,13,9,7,4,5,5,3,1,2,4.0,4.5,3.8172540616821107,2.6186146828319083,0.5,0.125,0.28594771241830064,0.8338293650793653,0.0,0.0,0.24453121732623892,-0.015904004300547562,-0.2604352216267865
tiktokshop-php,2023-04-27T13:57:03.496Z,0,0,0,0,3,0,1,0,0,0,0,0,0,0,2,3,3,0.5,1.0,1.0690449676496976,1.4142135623730951,0.5,1.0,0.04761904761904762,0.7500000000000001,0.0,0.0,-0.35376568568445466,-0.42784441305406024,-0.07407872736960558
meshtastic,2022-04-20T05:23:50.436Z,0,0,0,0,0,0,0,0,0,0,0,0,0,0,0,1,3,0.0,0.5,0.0,1.0690449676496976,0.5,inf,0.0,0.5029761904761905,0.0,0.0,-0.43923667182883946,-0.48669304287599063,-0.04745637104715117
geostyler,2023-05-23T06:54:52.580Z,0,2,7,2,0,0,1,1,13,9,0,2,0,1,0,5,0,1.625,2.125,2.326094212561969,3.2705394924123103,0.5,0.3076923076923077,0.06930693069306933,0.1469910167739884,0.0,0.0,-0.16145596685958885,-0.2954349959547169,-0.13397902909512804
code-settings-sync,2018-03-20T13:17:26.114Z,20,19,12,22,24,10,9,10,22,7,15,14,17,19,22,24,11,15.75,16.125,6.112048990080401,5.617256574927962,0.375,0.023809523809523808,0.3499954475097879,0.26412806209071077,0.0,0.0,2.2530993917192816,1.3523266390593338,-0.9007727526599478
litiengine,2020-10-05T07:30:13.664Z,0,0,0,0,0,0,0,0,0,0,0,0,0,0,0,0,3,0.0,0.375,0.0,1.0606601717798212,0.375,inf,0.0,0.3333333333333334,0.0,0.0,-0.43923667182883946,-0.5014052003314733,-0.062168528502633824
evershopcommerce,2024-05-10T07:50:39.332Z,0,14,11,6,15,6,4,15,14,4,8,13,20,4,12,7,6,8.875,9.25,5.667892024377317,5.4707011825333165,0.375,0.04225352112676056,0.06355382619974059,0.002841231958177065,0.0,0.0,1.0778733322339906,0.5431579790077911,-0.5347153532261996
ajv,2019-11-02T17:08:11.197Z,0,0,0,3,18,20,15,18,10,10,12,6,9,12,11,10,7,9.25,9.625,9.238892945431441,2.1998376563477846,0.375,0.04054054054054054,0.7588762701733411,0.029696011245826746,0.0,0.0,1.1419765718422792,0.5872944513742389,-0.5546821204680403
jest-preview,2022-05-28T11:58:26.039Z,0,0,0,0,0,0,0,38,11,15,10,10,4,1,1,0,0,4.75,5.125,13.435028842544403,5.767829500154901,0.375,0.07894736842105263,0.3333333333333333,0.8748051018582421,0.0,0.0,0.37273769654281613,0.05765678297686542,-0.3150809135659507
evershopcommerce,2024-05-10T07:50:39.332Z,0,14,11,6,15,6,4,15,14,4,8,13,20,4,12,7,6,8.875,9.25,5.667892024377317,5.4707011825333165,0.375,0.04225352112676056,0.06355382619974059,0.002841231958177065,0.0,0.0,1.0778733322339906,0.5431579790077911,-0.5347153532261996
spotmenu,2019-10-08T00:49:34.761Z,0,0,0,0,2,4,4,1,5,0,3,2,2,0,2,2,3,1.375,1.75,1.7677669529663689,1.1649647450214349,0.375,0.2727272727272727,0.4574149659863946,0.1228070175438597,0.0,0.0,-0.20419145993178126,-0.3395714683211647,-0.13538000838938344
gureum,2019-06-11T08:35:48.007Z,7,13,4,14,3,3,4,8,20,6,2,27,11,4,1,3,5,7.0,7.375,4.4077853201547175,8.501050355271232,0.375,0.05357142857142857,0.11834733893557425,0.0890606798686858,0.0,0.0,0.7573571341925477,0.3224756171755522,-0.4348815170169955
openpracticelibrary,2023-07-13T08:12:57.676Z,0,0,2,2,3,1,3,2,1,2,1,3,3,1,3,2,1,1.625,2.0,1.1877349391654206,0.9258200997725514,0.375,0.23076923076923078,0.4394213381555155,0.015873015873015876,0.0,0.0,-0.16145596685958885,-0.3101471534101995,-0.14869118655061064
amberelec,2022-04-17T04:34:40.098Z,0,0,2,7,3,0,0,2,1,4,2,3,0,2,1,4,1,1.75,2.125,2.434865792722759,1.4577379737113252,0.375,0.21428571428571427,0.0022948938611589216,0.09003601440576232,0.0,0.0,-0.14008822032349266,-0.2954349959547169,-0.15534677563122423
evershopcommerce,2024-05-10T07:50:39.332Z,0,14,11,6,15,6,4,15,14,4,8,13,20,4,12,7,6,8.875,9.25,5.667892024377317,5.4707011825333165,0.375,0.04225352112676056,0.06355382619974059,0.002841231958177065,0.0,0.0,1.0778733322339906,0.5431579790077911,-0.5347153532261996
splitjs,2018-01-16T17:29:08.074Z,0,0,1,4,2,2,1,7,6,2,1,3,2,4,4,1,3,2.125,2.5,2.3566016694748027,1.1952286093343936,0.375,0.17647058823529413,0.46317562394732836,0.08571428571428573,0.0,0.0,-0.07598498071520407,-0.2512985235882691,-0.17531354287306503
amplitudejs,2019-06-20T21:20:22.052Z,0,0,0,9,5,5,13,8,3,10,9,3,5,3,2,9,2,5.0,5.375,4.840306956027833,3.420004177106889,0.375,0.075,0.6324041811846691,0.2705198109778263,0.0,0.0,0.4154731896150085,0.08708109788783061,-0.32839209172717787
exercism,2019-04-04T14:13:52.136Z,0,0,0,0,0,0,0,0,0,0,0,0,0,0,0,0,3,0.0,0.375,0.0,1.0606601717798212,0.375,inf,0.0,0.3333333333333334,0.0,0.0,-0.43923667182883946,-0.5014052003314733,-0.062168528502633824
iris-social,2019-10-31T01:18:40.573Z,0,0,0,0,0,0,0,0,0,0,0,0,0,0,0,1,2,0.0,0.375,0.0,0.7440238091428449,0.375,inf,0.0,0.554531490015361,0.0,0.0,-0.43923667182883946,-0.5014052003314733,-0.062168528502633824
aspnetcore-developer-roadmap,2019-04-01T12:37:04.134Z,0,0,0,0,0,0,5,0,3,0,1,2,1,0,1,1,2,0.625,1.0,1.7677669529663689,0.7559289460184544,0.375,0.6,0.17006802721088438,0.14880952380952384,0.0,0.0,-0.33239793914835847,-0.42784441305406024,-0.09544647390570177
deaconsocial,2022-11-18T17:48:05.127Z,0,0,0,0,0,0,0,0,0,0,0,0,3,0,0,0,0,0.0,0.375,0.0,1.0606601717798212,0.375,inf,0.0,0.0068027210884353765,0.0,0.0,-0.43923667182883946,-0.5014052003314733,-0.062168528502633824
westpa,2021-09-01T17:06:53.041Z,0,0,0,0,0,0,0,0,0,0,1,0,1,1,0,0,0,0.0,0.375,0.0,0.5175491695067657,0.375,inf,0.0,0.07936507936507936,0.0,0.0,-0.43923667182883946,-0.5014052003314733,-0.062168528502633824
iris-social,2019-10-31T01:18:40.573Z,0,0,0,0,0,0,0,0,0,0,0,0,0,0,0,1,2,0.0,0.375,0.0,0.7440238091428449,0.375,inf,0.0,0.554531490015361,0.0,0.0,-0.43923667182883946,-0.5014052003314733,-0.062168528502633824
electrocrud,2019-10-26T11:04:29.841Z,0,0,0,0,0,0,0,0,0,0,0,0,0,0,0,0,2,0.0,0.25,0.0,0.7071067811865476,0.25,inf,0.0,0.3333333333333334,0.0,0.0,-0.43923667182883946,-0.5161173577869559,-0.07688068595811642
xgo,2022-08-31T00:20:42.719Z,0,0,0,0,0,0,0,0,0,0,0,1,0,0,1,0,0,0.0,0.25,0.0,0.4629100498862757,0.25,inf,0.0,0.0,0.0,0.0,-0.43923667182883946,-0.5161173577869559,-0.07688068595811642
bundle,2022-03-14T19:24:48.229Z,0,0,2,3,2,2,1,1,2,1,3,2,4,1,0,1,1,1.375,1.625,1.0606601717798212,1.3024701806293193,0.25,0.18181818181818182,0.09145880574452006,0.18095238095238092,0.0,0.0,-0.20419145993178126,-0.3542836257766473,-0.15009216584486604
electrocrud,2019-10-26T11:04:29.841Z,0,0,0,0,0,0,0,0,0,0,0,0,0,0,0,0,2,0.0,0.25,0.0,0.7071067811865476,0.25,inf,0.0,0.3333333333333334,0.0,0.0,-0.43923667182883946,-0.5161173577869559,-0.07688068595811642
beawitching,2023-05-02T23:28:41.164Z,0,0,0,0,1,9,0,2,0,3,2,6,2,0,1,0,0,1.5,1.75,3.116774889895918,2.052872551885702,0.25,0.16666666666666666,0.1544117647058824,0.4648910411622277,0.0,0.0,-0.18282371339568507,-0.3395714683211647,-0.15674775492547963
beawitching,2023-05-02T23:28:41.164Z,0,0,0,0,1,9,0,2,0,3,2,6,2,0,1,0,0,1.5,1.75,3.116774889895918,2.052872551885702,0.25,0.16666666666666666,0.1544117647058824,0.4648910411622277,0.0,0.0,-0.18282371339568507,-0.3395714683211647,-0.15674775492547963
rhash,2022-01-01T12:24:39.797Z,0,0,0,0,0,0,4,3,6,2,1,0,2,2,1,0,1,0.875,1.125,1.6420805617960925,0.8345229603962802,0.25,0.2857142857142857,0.5301166824345633,0.0989010989010989,0.0,0.0,-0.28966244607616604,-0.4131322555985777,-0.12346980952241166
bundle,2022-03-14T19:24:48.229Z,0,0,2,3,2,2,1,1,2,1,3,2,4,1,0,1,1,1.375,1.625,1.0606601717798212,1.3024701806293193,0.25,0.18181818181818182,0.09145880574452006,0.18095238095238092,0.0,0.0,-0.20419145993178126,-0.3542836257766473,-0.15009216584486604
phpshopify,2021-03-31T09:37:03.639Z,0,0,0,0,0,0,0,0,0,0,0,0,0,0,0,0,2,0.0,0.25,0.0,0.7071067811865476,0.25,inf,0.0,0.3333333333333334,0.0,0.0,-0.43923667182883946,-0.5161173577869559,-0.07688068595811642
xgo,2022-08-31T00:20:42.719Z,0,0,0,0,0,0,0,0,0,0,0,1,0,0,1,0,0,0.0,0.25,0.0,0.4629100498862757,0.25,inf,0.0,0.0,0.0,0.0,-0.43923667182883946,-0.5161173577869559,-0.07688068595811642
opencore-legacy-patcher,2023-06-12T19:20:54.139Z,0,0,0,0,0,0,0,0,1,0,0,1,0,0,1,0,0,0.0,0.25,0.0,0.4629100498862757,0.25,inf,0.0,0.0,0.0,0.0,-0.43923667182883946,-0.5161173577869559,-0.07688068595811642
coughcheckapp,2020-04-10T09:26:18.109Z,0,0,0,0,0,0,0,0,9,1,0,0,0,0,0,1,0,0.0,0.25,0.0,0.4629100498862757,0.25,inf,0.0,0.015873015873015876,0.0,0.0,-0.43923667182883946,-0.5161173577869559,-0.07688068595811642
focusmastodon,2024-06-14T02:36:32.494Z,0,0,0,0,0,0,0,0,0,1,0,0,0,1,0,0,0,0.0,0.25,0.0,0.4629100498862757,0.25,inf,0.0,0.14285714285714288,0.0,0.0,-0.43923667182883946,-0.5161173577869559,-0.07688068595811642
coughcheckapp,2020-04-10T09:26:18.109Z,0,0,0,0,0,0,0,0,9,1,0,0,0,0,0,1,0,0.0,0.25,0.0,0.4629100498862757,0.25,inf,0.0,0.015873015873015876,0.0,0.0,-0.43923667182883946,-0.5161173577869559,-0.07688068595811642
cannlytics-company,2022-04-21T19:42:11.934Z,0,0,0,0,0,0,0,0,0,0,0,0,2,0,0,0,0,0.0,0.25,0.0,0.7071067811865476,0.25,inf,0.0,0.006802721088435374,0.0,0.0,-0.43923667182883946,-0.5161173577869559,-0.07688068595811642
bundle,2022-03-14T19:24:48.229Z,0,0,2,3,2,2,1,1,2,1,3,2,4,1,0,1,1,1.375,1.625,1.0606601717798212,1.3024701806293193,0.25,0.18181818181818182,0.09145880574452006,0.18095238095238092,0.0,0.0,-0.20419145993178126,-0.3542836257766473,-0.15009216584486604
hypha,2021-02-03T15:41:32.581Z,0,0,0,0,0,0,0,0,0,0,0,1,0,0,0,0,0,0.0,0.125,0.0,0.3535533905932738,0.125,inf,0.0,0.061224489795918366,0.0,0.0,-0.43923667182883946,-0.5308295152424385,-0.09159284341359902
visualpython,2021-06-25T11:23:17.381Z,0,0,0,0,0,0,0,16,6,3,13,0,1,0,0,0,0,2.0,2.125,5.656854249492381,4.517821851923146,0.125,0.0625,0.3333333333333334,0.31533558305211856,0.0,0.0,-0.09735272725130026,-0.2954349959547169,-0.19808226870341664
mue,2022-11-02T18:21:53.746Z,0,0,0,0,4,0,0,0,1,1,3,0,0,1,0,0,0,0.5,0.625,1.4142135623730951,1.0606601717798212,0.125,0.25,0.006802721088435374,0.3333333333333334,0.0,0.0,-0.35376568568445466,-0.47198088542050803,-0.11821519973605338
spotiflyer,2021-05-10T18:41:38.094Z,0,0,0,0,0,0,0,0,0,0,0,1,0,0,0,0,0,0.0,0.125,0.0,0.3535533905932738,0.125,inf,0.0,0.061224489795918366,0.0,0.0,-0.43923667182883946,-0.5308295152424385,-0.09159284341359902
domino-ui,2024-02-22T15:25:19.493Z,0,0,0,0,11,18,8,4,10,1,4,13,4,3,6,8,3,5.125,5.25,6.706872807586473,3.770183777256185,0.125,0.024390243902439025,0.33439195447929076,0.008614501076812636,0.0,0.0,0.43684093615110475,0.07236894043234801,-0.36447199571875677
orcapods,2024-07-02T13:08:29.390Z,0,0,1,0,0,0,0,0,0,0,0,1,1,0,0,0,0,0.125,0.25,0.3535533905932738,0.4629100498862757,0.125,1.0,0.061224489795918366,0.0634920634920635,0.0,0.0,-0.4178689252927433,-0.5161173577869559,-0.09824843249421261
orcapods,2024-07-02T13:08:29.390Z,0,0,1,0,0,0,0,0,0,0,0,1,1,0,0,0,0,0.125,0.25,0.3535533905932738,0.4629100498862757,0.125,1.0,0.061224489795918366,0.0634920634920635,0.0,0.0,-0.4178689252927433,-0.5161173577869559,-0.09824843249421261
sgkit,2022-10-26T19:43:33.226Z,0,0,0,0,0,0,0,0,0,0,0,0,0,0,0,0,0,0.0,0.0,0.0,0.0,0.0,inf,0.0,0.0,0.0,0.0,-0.43923667182883946,-0.5455416726979211,-0.10630500086908162
umentorjs,2020-05-09T17:53:56.243Z,0,0,0,0,0,0,0,0,0,0,0,0,0,0,0,0,0,0.0,0.0,0.0,0.0,0.0,inf,0.0,0.0,0.0,0.0,-0.43923667182883946,-0.5455416726979211,-0.10630500086908162
sgkit,2022-10-26T19:43:33.226Z,0,0,0,0,0,0,0,0,0,0,0,0,0,0,0,0,0,0.0,0.0,0.0,0.0,0.0,inf,0.0,0.0,0.0,0.0,-0.43923667182883946,-0.5455416726979211,-0.10630500086908162
orangopus,2019-08-03T15:43:54.433Z,0,0,0,0,0,0,0,0,0,0,0,0,0,0,0,0,0,0.0,0.0,0.0,0.0,0.0,inf,0.0,0.0,0.0,0.0,-0.43923667182883946,-0.5455416726979211,-0.10630500086908162
countries-states-cities,2020-09-18T22:32:57.059Z,0,0,0,0,0,0,0,0,0,0,0,0,0,0,0,0,0,0.0,0.0,0.0,0.0,0.0,inf,0.0,0.0,0.0,0.0,-0.43923667182883946,-0.5455416726979211,-0.10630500086908162
jsstore,2020-05-16T11:14:04.256Z,0,0,0,0,0,0,0,0,0,0,0,0,0,0,0,0,0,0.0,0.0,0.0,0.0,0.0,inf,0.0,0.0,0.0,0.0,-0.43923667182883946,-0.5455416726979211,-0.10630500086908162
cocash,2022-02-19T17:21:43.292Z,0,0,0,0,0,0,0,0,0,0,0,0,0,0,0,0,0,0.0,0.0,0.0,0.0,0.0,inf,0.0,0.0,0.0,0.0,-0.43923667182883946,-0.5455416726979211,-0.10630500086908162
orangopus,2019-08-03T15:43:54.433Z,0,0,0,0,0,0,0,0,0,0,0,0,0,0,0,0,0,0.0,0.0,0.0,0.0,0.0,inf,0.0,0.0,0.0,0.0,-0.43923667182883946,-0.5455416726979211,-0.10630500086908162
openms,2021-06-11T01:53:34.360Z,0,0,0,0,0,0,0,0,0,0,0,0,0,0,0,0,0,0.0,0.0,0.0,0.0,0.0,inf,0.0,0.0,0.0,0.0,-0.43923667182883946,-0.5455416726979211,-0.10630500086908162
deck-of-cards,2019-06-02T21:01:29.038Z,0,0,0,0,0,0,0,0,0,0,0,0,0,0,0,0,0,0.0,0.0,0.0,0.0,0.0,inf,0.0,0.0,0.0,0.0,-0.43923667182883946,-0.5455416726979211,-0.10630500086908162
cadmium,2020-01-11T13:33:56.676Z,0,0,0,0,0,0,0,0,0,0,0,0,0,0,0,0,0,0.0,0.0,0.0,0.0,0.0,inf,0.0,0.0,0.0,0.0,-0.43923667182883946,-0.5455416726979211,-0.10630500086908162
inure,2023-02-02T05:07:13.813Z,0,0,0,0,0,2,9,5,3,1,0,2,2,2,6,2,1,2.0,2.0,3.3380918415851206,1.7728105208558367,0.0,0.0,0.5644078144078144,0.130952380952381,0.0,0.0,-0.09735272725130026,-0.3101471534101995,-0.21279442615889924
voca,2022-10-11T09:22:49.766Z,0,0,0,0,0,0,0,0,0,0,0,0,0,0,0,0,0,0.0,0.0,0.0,0.0,0.0,inf,0.0,0.0,0.0,0.0,-0.43923667182883946,-0.5455416726979211,-0.10630500086908162
simplestatemachine,2021-07-16T04:36:37.051Z,0,0,0,0,0,0,0,0,0,0,0,0,0,0,0,0,0,0.0,0.0,0.0,0.0,0.0,inf,0.0,0.0,0.0,0.0,-0.43923667182883946,-0.5455416726979211,-0.10630500086908162
nrjavaserial,2021-07-22T05:01:25.600Z,0,0,0,0,0,0,0,0,0,0,0,0,0,0,0,0,0,0.0,0.0,0.0,0.0,0.0,inf,0.0,0.0,0.0,0.0,-0.43923667182883946,-0.5455416726979211,-0.10630500086908162
deck-of-cards,2019-06-02T21:01:29.038Z,0,0,0,0,0,0,0,0,0,0,0,0,0,0,0,0,0,0.0,0.0,0.0,0.0,0.0,inf,0.0,0.0,0.0,0.0,-0.43923667182883946,-0.5455416726979211,-0.10630500086908162
formily,2020-01-02T05:23:05.486Z,0,0,0,0,0,0,0,0,0,0,0,0,0,0,0,0,0,0.0,0.0,0.0,0.0,0.0,inf,0.0,0.0,0.0,0.0,-0.43923667182883946,-0.5455416726979211,-0.10630500086908162
yii2-export,2020-03-18T15:40:35.401Z,0,0,0,0,0,0,0,0,0,0,0,0,0,0,0,0,0,0.0,0.0,0.0,0.0,0.0,inf,0.0,0.0,0.0,0.0,-0.43923667182883946,-0.5455416726979211,-0.10630500086908162
formily,2020-01-02T05:23:05.486Z,0,0,0,0,0,0,0,0,0,0,0,0,0,0,0,0,0,0.0,0.0,0.0,0.0,0.0,inf,0.0,0.0,0.0,0.0,-0.43923667182883946,-0.5455416726979211,-0.10630500086908162
pomoday-project,2021-07-19T01:32:34.252Z,0,0,0,0,0,0,0,0,0,0,0,0,0,0,0,0,0,0.0,0.0,0.0,0.0,0.0,inf,0.0,0.0,0.0,0.0,-0.43923667182883946,-0.5455416726979211,-0.10630500086908162
doocs-leetcode,2019-09-28T19:28:04.379Z,0,0,0,0,0,0,0,0,0,0,0,0,0,0,0,0,0,0.0,0.0,0.0,0.0,0.0,inf,0.0,0.0,0.0,0.0,-0.43923667182883946,-0.5455416726979211,-0.10630500086908162
saumyaquake,2023-10-25T23:55:46.444Z,0,0,0,0,0,0,0,0,0,0,0,0,0,0,0,0,0,0.0,0.0,0.0,0.0,0.0,inf,0.0,0.0,0.0,0.0,-0.43923667182883946,-0.5455416726979211,-0.10630500086908162
mattn-anko,2021-07-13T14:41:58.464Z,0,0,0,0,0,0,0,0,0,0,0,0,0,0,0,0,0,0.0,0.0,0.0,0.0,0.0,inf,0.0,0.0,0.0,0.0,-0.43923667182883946,-0.5455416726979211,-0.10630500086908162
libplacebo,2021-01-05T21:09:36.285Z,0,0,0,0,0,0,0,0,0,0,0,0,0,0,0,0,0,0.0,0.0,0.0,0.0,0.0,inf,0.0,0.0,0.0,0.0,-0.43923667182883946,-0.5455416726979211,-0.10630500086908162
surfacepsycho,2025-06-20T12:01:07.795Z,0,0,0,0,0,0,0,0,0,0,0,0,0,0,0,0,0,0.0,0.0,0.0,0.0,0.0,inf,0.0,0.0,0.0,0.0,-0.43923667182883946,-0.5455416726979211,-0.10630500086908162
podlite,2025-06-24T17:06:20.646Z,0,0,0,0,0,0,0,0,0,0,0,0,0,0,0,0,0,0.0,0.0,0.0,0.0,0.0,inf,0.0,0.0,0.0,0.0,-0.43923667182883946,-0.5455416726979211,-0.10630500086908162
deck-of-cards,2019-06-02T21:01:29.038Z,0,0,0,0,0,0,0,0,0,0,0,0,0,0,0,0,0,0.0,0.0,0.0,0.0,0.0,inf,0.0,0.0,0.0,0.0,-0.43923667182883946,-0.5455416726979211,-0.10630500086908162
cocash,2022-02-19T17:21:43.292Z,0,0,0,0,0,0,0,0,0,0,0,0,0,0,0,0,0,0.0,0.0,0.0,0.0,0.0,inf,0.0,0.0,0.0,0.0,-0.43923667182883946,-0.5455416726979211,-0.10630500086908162
bbchallenge,2024-09-12T14:43:56.913Z,0,0,0,0,0,0,0,0,0,0,0,0,0,0,0,0,0,0.0,0.0,0.0,0.0,0.0,inf,0.0,0.0,0.0,0.0,-0.43923667182883946,-0.5455416726979211,-0.10630500086908162
korge,2020-01-23T06:23:55.301Z,0,0,0,0,0,0,0,0,0,0,0,0,0,0,0,0,0,0.0,0.0,0.0,0.0,0.0,inf,0.0,0.0,0.0,0.0,-0.43923667182883946,-0.5455416726979211,-0.10630500086908162
cppjieba,2021-07-21T00:15:54.623Z,0,0,0,0,0,0,0,0,0,0,0,0,0,0,0,0,0,0.0,0.0,0.0,0.0,0.0,inf,0.0,0.0,0.0,0.0,-0.43923667182883946,-0.5455416726979211,-0.10630500086908162
gojieba,2021-07-06T15:03:39.442Z,0,0,0,0,0,0,0,0,0,0,0,0,0,0,0,0,0,0.0,0.0,0.0,0.0,0.0,inf,0.0,0.0,0.0,0.0,-0.43923667182883946,-0.5455416726979211,-0.10630500086908162
oi-wiki,2020-10-19T09:07:21.746Z,0,0,0,0,0,0,0,0,0,0,0,0,0,0,0,0,0,0.0,0.0,0.0,0.0,0.0,inf,0.0,0.0,0.0,0.0,-0.43923667182883946,-0.5455416726979211,-0.10630500086908162
sgkit,2022-10-26T19:43:33.226Z,0,0,0,0,0,0,0,0,0,0,0,0,0,0,0,0,0,0.0,0.0,0.0,0.0,0.0,inf,0.0,0.0,0.0,0.0,-0.43923667182883946,-0.5455416726979211,-0.10630500086908162
drupalnj,2022-06-06T20:57:04.148Z,0,0,0,0,0,0,0,0,0,0,0,0,0,0,0,0,0,0.0,0.0,0.0,0.0,0.0,inf,0.0,0.0,0.0,0.0,-0.43923667182883946,-0.5455416726979211,-0.10630500086908162
orangopus,2019-08-03T15:43:54.433Z,0,0,0,0,0,0,0,0,0,0,0,0,0,0,0,0,0,0.0,0.0,0.0,0.0,0.0,inf,0.0,0.0,0.0,0.0,-0.43923667182883946,-0.5455416726979211,-0.10630500086908162
pytition,2021-07-18T15:06:02.877Z,0,0,0,0,0,0,0,0,0,0,0,0,0,0,0,0,0,0.0,0.0,0.0,0.0,0.0,inf,0.0,0.0,0.0,0.0,-0.43923667182883946,-0.5455416726979211,-0.10630500086908162
cocash,2022-02-19T17:21:43.292Z,0,0,0,0,0,0,0,0,0,0,0,0,0,0,0,0,0,0.0,0.0,0.0,0.0,0.0,inf,0.0,0.0,0.0,0.0,-0.43923667182883946,-0.5455416726979211,-0.10630500086908162
fayettevillejs,2020-01-21T02:32:21.735Z,0,0,0,0,0,0,0,0,0,0,0,0,0,0,0,0,0,0.0,0.0,0.0,0.0,0.0,inf,0.0,0.0,0.0,0.0,-0.43923667182883946,-0.5455416726979211,-0.10630500086908162
libreplan,2024-08-02T13:34:23.538Z,0,0,0,0,0,0,0,0,0,0,0,0,0,0,0,0,0,0.0,0.0,0.0,0.0,0.0,inf,0.0,0.0,0.0,0.0,-0.43923667182883946,-0.5455416726979211,-0.10630500086908162
jsstore,2020-05-16T11:14:04.256Z,0,0,0,0,0,0,0,0,0,0,0,0,0,0,0,0,0,0.0,0.0,0.0,0.0,0.0,inf,0.0,0.0,0.0,0.0,-0.43923667182883946,-0.5455416726979211,-0.10630500086908162
rtklib-demo5,2021-11-25T11:13:40.041Z,0,0,0,0,0,0,0,0,0,0,0,0,0,0,0,0,0,0.0,0.0,0.0,0.0,0.0,inf,0.0,0.0,0.0,0.0,-0.43923667182883946,-0.5455416726979211,-0.10630500086908162
learning-rxjs,2021-07-19T00:51:48.915Z,0,0,0,0,0,0,0,0,0,0,0,0,0,0,0,0,0,0.0,0.0,0.0,0.0,0.0,inf,0.0,0.0,0.0,0.0,-0.43923667182883946,-0.5455416726979211,-0.10630500086908162
tone-row,2021-05-10T20:10:33.637Z,0,0,0,0,0,0,0,0,0,0,0,0,0,0,0,0,0,0.0,0.0,0.0,0.0,0.0,inf,0.0,0.0,0.0,0.0,-0.43923667182883946,-0.5455416726979211,-0.10630500086908162
tone-row,2021-05-10T20:10:33.637Z,0,0,0,0,0,0,0,0,0,0,0,0,0,0,0,0,0,0.0,0.0,0.0,0.0,0.0,inf,0.0,0.0,0.0,0.0,-0.43923667182883946,-0.5455416726979211,-0.10630500086908162
ofnusa,2021-08-17T15:11:42.739Z,0,0,0,0,0,0,0,0,0,0,0,0,0,0,0,0,0,0.0,0.0,0.0,0.0,0.0,inf,0.0,0.0,0.0,0.0,-0.43923667182883946,-0.5455416726979211,-0.10630500086908162
vue-popper,2019-12-01T00:29:41.439Z,0,0,0,0,0,0,0,0,0,0,0,0,0,0,0,0,0,0.0,0.0,0.0,0.0,0.0,inf,0.0,0.0,0.0,0.0,-0.43923667182883946,-0.5455416726979211,-0.10630500086908162
dowww,2021-07-19T16:42:17.987Z,0,0,0,0,0,0,0,0,0,0,0,0,0,0,0,0,0,0.0,0.0,0.0,0.0,0.0,inf,0.0,0.0,0.0,0.0,-0.43923667182883946,-0.5455416726979211,-0.10630500086908162
meta-system-engine,2025-04-02T14:07:21.693Z,0,0,0,0,0,0,0,0,0,0,0,0,0,0,0,0,0,0.0,0.0,0.0,0.0,0.0,inf,0.0,0.0,0.0,0.0,-0.43923667182883946,-0.5455416726979211,-0.10630500086908162
smproxy,2021-07-10T04:29:27.901Z,0,0,0,0,0,0,0,0,0,0,0,0,0,0,0,0,0,0.0,0.0,0.0,0.0,0.0,inf,0.0,0.0,0.0,0.0,-0.43923667182883946,-0.5455416726979211,-0.10630500086908162
learning-rxjs,2021-07-19T00:51:48.915Z,0,0,0,0,0,0,0,0,0,0,0,0,0,0,0,0,0,0.0,0.0,0.0,0.0,0.0,inf,0.0,0.0,0.0,0.0,-0.43923667182883946,-0.5455416726979211,-0.10630500086908162
yii2-export,2020-03-18T15:40:35.401Z,0,0,0,0,0,0,0,0,0,0,0,0,0,0,0,0,0,0.0,0.0,0.0,0.0,0.0,inf,0.0,0.0,0.0,0.0,-0.43923667182883946,-0.5455416726979211,-0.10630500086908162
hoplon,2019-07-07T14:29:33.460Z,0,0,0,0,0,0,0,0,0,0,0,0,0,0,0,0,0,0.0,0.0,0.0,0.0,0.0,inf,0.0,0.0,0.0,0.0,-0.43923667182883946,-0.5455416726979211,-0.10630500086908162
supabase-php,2022-12-12T20:26:41.542Z,0,0,0,0,0,0,0,0,0,0,0,0,0,0,0,0,0,0.0,0.0,0.0,0.0,0.0,inf,0.0,0.0,0.0,0.0,-0.43923667182883946,-0.5455416726979211,-0.10630500086908162
x6,2021-07-06T14:59:04.145Z,0,0,0,0,0,0,0,0,0,0,0,0,0,0,0,0,0,0.0,0.0,0.0,0.0,0.0,inf,0.0,0.0,0.0,0.0,-0.43923667182883946,-0.5455416726979211,-0.10630500086908162
hoplon,2019-07-07T14:29:33.460Z,0,0,0,0,0,0,0,0,0,0,0,0,0,0,0,0,0,0.0,0.0,0.0,0.0,0.0,inf,0.0,0.0,0.0,0.0,-0.43923667182883946,-0.5455416726979211,-0.10630500086908162
presentator,2022-10-31T15:17:36.966Z,0,0,0,0,0,0,0,0,0,0,0,0,0,0,0,0,0,0.0,0.0,0.0,0.0,0.0,inf,0.0,0.0,0.0,0.0,-0.43923667182883946,-0.5455416726979211,-0.10630500086908162
thegorgeouslogin,2019-10-28T23:42:08.451Z,0,0,0,0,0,0,0,0,0,0,0,0,0,0,0,0,0,0.0,0.0,0.0,0.0,0.0,inf,0.0,0.0,0.0,0.0,-0.43923667182883946,-0.5455416726979211,-0.10630500086908162
hoplon,2019-07-07T14:29:33.460Z,0,0,0,0,0,0,0,0,0,0,0,0,0,0,0,0,0,0.0,0.0,0.0,0.0,0.0,inf,0.0,0.0,0.0,0.0,-0.43923667182883946,-0.5455416726979211,-0.10630500086908162
x6,2021-07-06T14:59:04.145Z,0,0,0,0,0,0,0,0,0,0,0,0,0,0,0,0,0,0.0,0.0,0.0,0.0,0.0,inf,0.0,0.0,0.0,0.0,-0.43923667182883946,-0.5455416726979211,-0.10630500086908162
heti,2022-06-18T17:42:22.049Z,0,0,0,0,0,0,0,0,0,0,0,0,0,0,0,0,0,0.0,0.0,0.0,0.0,0.0,inf,0.0,0.0,0.0,0.0,-0.43923667182883946,-0.5455416726979211,-0.10630500086908162
saumyaquake,2023-10-25T23:55:46.444Z,0,0,0,0,0,0,0,0,0,0,0,0,0,0,0,0,0,0.0,0.0,0.0,0.0,0.0,inf,0.0,0.0,0.0,0.0,-0.43923667182883946,-0.5455416726979211,-0.10630500086908162
deep-cover,2021-07-08T09:26:34.383Z,0,0,0,0,0,0,0,0,0,0,0,0,0,0,0,0,0,0.0,0.0,0.0,0.0,0.0,inf,0.0,0.0,0.0,0.0,-0.43923667182883946,-0.5455416726979211,-0.10630500086908162
nosqlclient,2021-07-11T04:52:01.146Z,0,0,0,0,0,0,0,0,0,0,0,0,0,0,0,0,0,0.0,0.0,0.0,0.0,0.0,inf,0.0,0.0,0.0,0.0,-0.43923667182883946,-0.5455416726979211,-0.10630500086908162
inure,2023-02-02T05:07:13.813Z,0,0,0,0,0,2,9,5,3,1,0,2,2,2,6,2,1,2.0,2.0,3.3380918415851206,1.7728105208558367,0.0,0.0,0.5644078144078144,0.130952380952381,0.0,0.0,-0.09735272725130026,-0.3101471534101995,-0.21279442615889924
vue-popper,2019-12-01T00:29:41.439Z,0,0,0,0,0,0,0,0,0,0,0,0,0,0,0,0,0,0.0,0.0,0.0,0.0,0.0,inf,0.0,0.0,0.0,0.0,-0.43923667182883946,-0.5455416726979211,-0.10630500086908162
heti,2022-06-18T17:42:22.049Z,0,0,0,0,0,0,0,0,0,0,0,0,0,0,0,0,0,0.0,0.0,0.0,0.0,0.0,inf,0.0,0.0,0.0,0.0,-0.43923667182883946,-0.5455416726979211,-0.10630500086908162
heti,2022-06-18T17:42:22.049Z,0,0,0,0,0,0,0,0,0,0,0,0,0,0,0,0,0,0.0,0.0,0.0,0.0,0.0,inf,0.0,0.0,0.0,0.0,-0.43923667182883946,-0.5455416726979211,-0.10630500086908162
code-for-dayton,2023-11-07T23:56:41.226Z,0,0,0,0,0,0,0,0,0,0,0,0,0,0,0,0,0,0.0,0.0,0.0,0.0,0.0,inf,0.0,0.0,0.0,0.0,-0.43923667182883946,-0.5455416726979211,-0.10630500086908162
lukehaas,2024-06-03T13:34:56.943Z,0,0,0,0,0,0,0,0,0,0,0,0,0,0,0,0,0,0.0,0.0,0.0,0.0,0.0,inf,0.0,0.0,0.0,0.0,-0.43923667182883946,-0.5455416726979211,-0.10630500086908162
code-for-dayton,2023-11-07T23:56:41.226Z,0,0,0,0,0,0,0,0,0,0,0,0,0,0,0,0,0,0.0,0.0,0.0,0.0,0.0,inf,0.0,0.0,0.0,0.0,-0.43923667182883946,-0.5455416726979211,-0.10630500086908162
reia,2024-06-21T21:22:12.643Z,0,0,0,0,0,0,0,0,0,0,0,0,0,0,0,0,0,0.0,0.0,0.0,0.0,0.0,inf,0.0,0.0,0.0,0.0,-0.43923667182883946,-0.5455416726979211,-0.10630500086908162
fayettevillejs,2020-01-21T02:32:21.735Z,0,0,0,0,0,0,0,0,0,0,0,0,0,0,0,0,0,0.0,0.0,0.0,0.0,0.0,inf,0.0,0.0,0.0,0.0,-0.43923667182883946,-0.5455416726979211,-0.10630500086908162
inure,2023-02-02T05:07:13.813Z,0,0,0,0,0,2,9,5,3,1,0,2,2,2,6,2,1,2.0,2.0,3.3380918415851206,1.7728105208558367,0.0,0.0,0.5644078144078144,0.130952380952381,0.0,0.0,-0.09735272725130026,-0.3101471534101995,-0.21279442615889924
taro,2019-11-21T02:04:14.540Z,0,0,0,0,0,0,0,0,0,0,0,0,0,0,0,0,0,0.0,0.0,0.0,0.0,0.0,inf,0.0,0.0,0.0,0.0,-0.43923667182883946,-0.5455416726979211,-0.10630500086908162
supabase-php,2022-12-12T20:26:41.542Z,0,0,0,0,0,0,0,0,0,0,0,0,0,0,0,0,0,0.0,0.0,0.0,0.0,0.0,inf,0.0,0.0,0.0,0.0,-0.43923667182883946,-0.5455416726979211,-0.10630500086908162
clinical-meteor,2021-07-20T18:41:34.150Z,0,0,0,0,0,0,0,0,0,0,0,0,0,0,0,0,0,0.0,0.0,0.0,0.0,0.0,inf,0.0,0.0,0.0,0.0,-0.43923667182883946,-0.5455416726979211,-0.10630500086908162
translatr,2021-07-06T08:23:04.109Z,0,0,0,0,0,0,0,0,0,0,0,0,0,0,0,0,0,0.0,0.0,0.0,0.0,0.0,inf,0.0,0.0,0.0,0.0,-0.43923667182883946,-0.5455416726979211,-0.10630500086908162
awesome-ai-books,2021-07-22T03:18:24.109Z,0,0,0,0,0,0,0,0,0,0,0,0,0,0,0,0,0,0.0,0.0,0.0,0.0,0.0,inf,0.0,0.0,0.0,0.0,-0.43923667182883946,-0.5455416726979211,-0.10630500086908162
libplacebo,2021-01-05T21:09:36.285Z,0,0,0,0,0,0,0,0,0,0,0,0,0,0,0,0,0,0.0,0.0,0.0,0.0,0.0,inf,0.0,0.0,0.0,0.0,-0.43923667182883946,-0.5455416726979211,-0.10630500086908162
presentator,2022-10-31T15:17:36.966Z,0,0,0,0,0,0,0,0,0,0,0,0,0,0,0,0,0,0.0,0.0,0.0,0.0,0.0,inf,0.0,0.0,0.0,0.0,-0.43923667182883946,-0.5455416726979211,-0.10630500086908162
animatescroll,2021-07-24T23:44:47.372Z,0,0,0,0,0,0,0,0,0,0,0,0,0,0,0,0,0,0.0,0.0,0.0,0.0,0.0,inf,0.0,0.0,0.0,0.0,-0.43923667182883946,-0.5455416726979211,-0.10630500086908162
saumyaquake,2023-10-25T23:55:46.444Z,0,0,0,0,0,0,0,0,0,0,0,0,0,0,0,0,0,0.0,0.0,0.0,0.0,0.0,inf,0.0,0.0,0.0,0.0,-0.43923667182883946,-0.5455416726979211,-0.10630500086908162
tone-row,2021-05-10T20:10:33.637Z,0,0,0,0,0,0,0,0,0,0,0,0,0,0,0,0,0,0.0,0.0,0.0,0.0,0.0,inf,0.0,0.0,0.0,0.0,-0.43923667182883946,-0.5455416726979211,-0.10630500086908162
formily,2020-01-02T05:23:05.486Z,0,0,0,0,0,0,0,0,0,0,0,0,0,0,0,0,0,0.0,0.0,0.0,0.0,0.0,inf,0.0,0.0,0.0,0.0,-0.43923667182883946,-0.5455416726979211,-0.10630500086908162
codedrift,2025-01-04T07:04:21.825Z,0,0,0,0,0,0,0,0,0,0,0,0,0,0,0,0,0,0.0,0.0,0.0,0.0,0.0,inf,0.0,0.0,0.0,0.0,-0.43923667182883946,-0.5455416726979211,-0.10630500086908162
doocs-leetcode,2019-09-28T19:28:04.379Z,0,0,0,0,0,0,0,0,0,0,0,0,0,0,0,0,0,0.0,0.0,0.0,0.0,0.0,inf,0.0,0.0,0.0,0.0,-0.43923667182883946,-0.5455416726979211,-0.10630500086908162
pytition,2021-07-18T15:06:02.877Z,0,0,0,0,0,0,0,0,0,0,0,0,0,0,0,0,0,0.0,0.0,0.0,0.0,0.0,inf,0.0,0.0,0.0,0.0,-0.43923667182883946,-0.5455416726979211,-0.10630500086908162
shazziepurple,2024-03-25T17:09:04.592Z,0,0,0,0,0,0,0,0,0,0,0,0,0,0,0,0,0,0.0,0.0,0.0,0.0,0.0,inf,0.0,0.0,0.0,0.0,-0.43923667182883946,-0.5455416726979211,-0.10630500086908162
shirakumo,2021-11-23T13:45:25.440Z,0,0,0,0,0,0,0,0,0,0,0,0,0,0,0,0,0,0.0,0.0,0.0,0.0,0.0,inf,0.0,0.0,0.0,0.0,-0.43923667182883946,-0.5455416726979211,-0.10630500086908162
node-vault,2024-03-02T11:34:24.811Z,0,0,0,0,0,0,0,0,0,0,0,0,0,0,0,0,0,0.0,0.0,0.0,0.0,0.0,inf,0.0,0.0,0.0,0.0,-0.43923667182883946,-0.5455416726979211,-0.10630500086908162
mattn-emmet-vim,2022-12-26T07:59:38.853Z,0,0,0,0,0,0,0,0,0,0,0,0,0,0,0,0,0,0.0,0.0,0.0,0.0,0.0,inf,0.0,0.0,0.0,0.0,-0.43923667182883946,-0.5455416726979211,-0.10630500086908162
go-callvis,2020-12-31T17:03:52.263Z,0,0,0,0,0,0,0,0,0,0,0,0,0,0,0,0,0,0.0,0.0,0.0,0.0,0.0,inf,0.0,0.0,0.0,0.0,-0.43923667182883946,-0.5455416726979211,-0.10630500086908162
altdrag,2019-12-17T07:29:20.687Z,0,0,0,0,0,0,0,0,0,0,0,0,0,0,0,0,0,0.0,0.0,0.0,0.0,0.0,inf,0.0,0.0,0.0,0.0,-0.43923667182883946,-0.5455416726979211,-0.10630500086908162
hypergan-foundation,2023-05-01T09:54:39.443Z,0,0,0,0,0,0,0,0,0,0,0,0,0,0,0,0,0,0.0,0.0,0.0,0.0,0.0,inf,0.0,0.0,0.0,0.0,-0.43923667182883946,-0.5455416726979211,-0.10630500086908162
cloudflare-dyns,2023-06-20T06:07:25.814Z,0,0,0,0,0,0,0,0,0,0,0,0,0,0,0,0,0,0.0,0.0,0.0,0.0,0.0,inf,0.0,0.0,0.0,0.0,-0.43923667182883946,-0.5455416726979211,-0.10630500086908162
cyph,2019-02-09T17:22:07.983Z,0,0,0,0,0,0,0,0,0,0,0,0,0,0,0,0,0,0.0,0.0,0.0,0.0,0.0,inf,0.0,0.0,0.0,0.0,-0.43923667182883946,-0.5455416726979211,-0.10630500086908162
haskell-stripe,2021-07-13T16:06:31.154Z,0,0,0,0,0,0,0,0,0,0,0,0,0,0,0,0,0,0.0,0.0,0.0,0.0,0.0,inf,0.0,0.0,0.0,0.0,-0.43923667182883946,-0.5455416726979211,-0.10630500086908162
poolifier,2022-10-22T16:48:07.246Z,0,0,0,0,0,0,0,0,0,0,0,0,0,0,0,0,0,0.0,0.0,0.0,0.0,0.0,inf,0.0,0.0,0.0,0.0,-0.43923667182883946,-0.5455416726979211,-0.10630500086908162
dnnc,2022-03-25T11:14:26.025Z,0,0,0,0,0,0,0,0,0,0,0,0,0,0,0,0,0,0.0,0.0,0.0,0.0,0.0,inf,0.0,0.0,0.0,0.0,-0.43923667182883946,-0.5455416726979211,-0.10630500086908162
psake,2024-10-07T20:25:24.807Z,0,0,0,0,0,0,0,0,0,0,0,0,0,0,0,0,0,0.0,0.0,0.0,0.0,0.0,inf,0.0,0.0,0.0,0.0,-0.43923667182883946,-0.5455416726979211,-0.10630500086908162
wikicensorship,2022-08-14T16:13:52.536Z,0,0,0,0,0,0,0,0,0,0,0,0,0,0,0,0,0,0.0,0.0,0.0,0.0,0.0,inf,0.0,0.0,0.0,0.0,-0.43923667182883946,-0.5455416726979211,-0.10630500086908162
wiremocknet,2021-07-27T02:28:20.605Z,0,0,0,0,0,0,0,0,0,0,0,0,0,0,0,0,0,0.0,0.0,0.0,0.0,0.0,inf,0.0,0.0,0.0,0.0,-0.43923667182883946,-0.5455416726979211,-0.10630500086908162
wikicensorship,2022-08-14T16:13:52.536Z,0,0,0,0,0,0,0,0,0,0,0,0,0,0,0,0,0,0.0,0.0,0.0,0.0,0.0,inf,0.0,0.0,0.0,0.0,-0.43923667182883946,-0.5455416726979211,-0.10630500086908162
bassa,2021-07-20T18:35:08.203Z,0,0,0,0,0,0,0,0,0,0,0,0,0,0,0,0,0,0.0,0.0,0.0,0.0,0.0,inf,0.0,0.0,0.0,0.0,-0.43923667182883946,-0.5455416726979211,-0.10630500086908162
micro-web-stacks,2023-02-23T16:09:34.488Z,0,0,0,0,0,0,0,0,0,0,0,0,0,0,0,0,0,0.0,0.0,0.0,0.0,0.0,inf,0.0,0.0,0.0,0.0,-0.43923667182883946,-0.5455416726979211,-0.10630500086908162
go-api-boilerplate,2022-05-11T22:39:04.015Z,0,0,0,0,0,0,0,0,0,0,0,0,0,0,0,0,0,0.0,0.0,0.0,0.0,0.0,inf,0.0,0.0,0.0,0.0,-0.43923667182883946,-0.5455416726979211,-0.10630500086908162
go-mini-social-network,2021-07-21T01:58:58.149Z,0,0,0,0,0,0,0,0,0,0,0,0,0,0,0,0,0,0.0,0.0,0.0,0.0,0.0,inf,0.0,0.0,0.0,0.0,-0.43923667182883946,-0.5455416726979211,-0.10630500086908162
yii2-widget-fileinput,2021-08-19T07:58:31.300Z,0,0,0,0,0,0,0,0,0,0,0,0,0,0,0,0,0,0.0,0.0,0.0,0.0,0.0,inf,0.0,0.0,0.0,0.0,-0.43923667182883946,-0.5455416726979211,-0.10630500086908162
dnnc,2022-03-25T11:14:26.025Z,0,0,0,0,0,0,0,0,0,0,0,0,0,0,0,0,0,0.0,0.0,0.0,0.0,0.0,inf,0.0,0.0,0.0,0.0,-0.43923667182883946,-0.5455416726979211,-0.10630500086908162
carroted,2023-11-09T18:00:20.387Z,0,0,0,0,0,0,0,0,0,0,0,0,0,0,0,0,0,0.0,0.0,0.0,0.0,0.0,inf,0.0,0.0,0.0,0.0,-0.43923667182883946,-0.5455416726979211,-0.10630500086908162
openstl,2023-12-01T03:08:15.128Z,0,0,0,0,0,0,0,0,0,0,0,0,0,0,0,0,0,0.0,0.0,0.0,0.0,0.0,inf,0.0,0.0,0.0,0.0,-0.43923667182883946,-0.5455416726979211,-0.10630500086908162
shazziepurple,2024-03-25T17:09:04.592Z,0,0,0,0,0,0,0,0,0,0,0,0,0,0,0,0,0,0.0,0.0,0.0,0.0,0.0,inf,0.0,0.0,0.0,0.0,-0.43923667182883946,-0.5455416726979211,-0.10630500086908162
openstitching,2024-08-07T18:14:29.966Z,0,0,0,0,0,0,0,0,0,0,0,0,0,0,0,0,0,0.0,0.0,0.0,0.0,0.0,inf,0.0,0.0,0.0,0.0,-0.43923667182883946,-0.5455416726979211,-0.10630500086908162
centeredcollectionview,2021-07-11T16:05:05.114Z,0,0,0,0,0,0,0,0,0,0,0,0,0,0,0,0,0,0.0,0.0,0.0,0.0,0.0,inf,0.0,0.0,0.0,0.0,-0.43923667182883946,-0.5455416726979211,-0.10630500086908162
faction,2024-10-21T06:04:29.507Z,0,0,0,0,0,0,0,0,0,0,0,0,0,0,0,0,0,0.0,0.0,0.0,0.0,0.0,inf,0.0,0.0,0.0,0.0,-0.43923667182883946,-0.5455416726979211,-0.10630500086908162
codedrift,2025-01-04T07:04:21.825Z,0,0,0,0,0,0,0,0,0,0,0,0,0,0,0,0,0,0.0,0.0,0.0,0.0,0.0,inf,0.0,0.0,0.0,0.0,-0.43923667182883946,-0.5455416726979211,-0.10630500086908162
autospotting,2021-07-15T11:44:34.204Z,0,0,0,0,0,0,0,0,0,0,0,0,0,0,0,0,0,0.0,0.0,0.0,0.0,0.0,inf,0.0,0.0,0.0,0.0,-0.43923667182883946,-0.5455416726979211,-0.10630500086908162
hellomicroservice,2021-06-30T19:07:03.924Z,0,0,0,0,0,0,0,0,0,0,0,0,0,0,0,0,0,0.0,0.0,0.0,0.0,0.0,inf,0.0,0.0,0.0,0.0,-0.43923667182883946,-0.5455416726979211,-0.10630500086908162
bridge-foundry,2020-05-26T21:17:42.815Z,0,0,0,0,0,0,0,0,0,0,0,0,0,0,0,0,0,0.0,0.0,0.0,0.0,0.0,inf,0.0,0.0,0.0,0.0,-0.43923667182883946,-0.5455416726979211,-0.10630500086908162
trex,2021-07-03T06:47:19.490Z,0,0,0,0,0,0,0,0,0,0,0,0,0,0,0,0,0,0.0,0.0,0.0,0.0,0.0,inf,0.0,0.0,0.0,0.0,-0.43923667182883946,-0.5455416726979211,-0.10630500086908162
wizdwarfs,2021-07-03T14:38:44.955Z,0,0,0,0,0,0,0,0,0,0,0,0,0,0,0,0,0,0.0,0.0,0.0,0.0,0.0,inf,0.0,0.0,0.0,0.0,-0.43923667182883946,-0.5455416726979211,-0.10630500086908162
discordbm,2024-12-19T18:12:47.919Z,0,0,0,0,0,0,0,0,0,0,0,0,0,0,0,0,0,0.0,0.0,0.0,0.0,0.0,inf,0.0,0.0,0.0,0.0,-0.43923667182883946,-0.5455416726979211,-0.10630500086908162
django-river,2021-01-02T11:52:33.835Z,0,0,0,0,0,0,0,0,0,0,0,0,0,0,0,0,0,0.0,0.0,0.0,0.0,0.0,inf,0.0,0.0,0.0,0.0,-0.43923667182883946,-0.5455416726979211,-0.10630500086908162
live-captioning-initiative,2020-09-24T22:15:01.714Z,0,0,0,0,0,0,0,0,0,0,0,0,0,0,0,0,0,0.0,0.0,0.0,0.0,0.0,inf,0.0,0.0,0.0,0.0,-0.43923667182883946,-0.5455416726979211,-0.10630500086908162
jekyll-spaceship,2021-07-15T06:50:55.878Z,0,0,0,0,0,0,0,0,0,0,0,0,0,0,0,0,0,0.0,0.0,0.0,0.0,0.0,inf,0.0,0.0,0.0,0.0,-0.43923667182883946,-0.5455416726979211,-0.10630500086908162
mattn-emmet-vim,2022-12-26T07:59:38.853Z,0,0,0,0,0,0,0,0,0,0,0,0,0,0,0,0,0,0.0,0.0,0.0,0.0,0.0,inf,0.0,0.0,0.0,0.0,-0.43923667182883946,-0.5455416726979211,-0.10630500086908162
gngr,2021-02-10T07:44:34.846Z,0,0,0,0,0,0,0,0,0,0,0,0,0,0,0,0,0,0.0,0.0,0.0,0.0,0.0,inf,0.0,0.0,0.0,0.0,-0.43923667182883946,-0.5455416726979211,-0.10630500086908162
xupdate,2021-07-20T19:27:30.615Z,0,0,0,0,0,0,0,0,0,0,0,0,0,0,0,0,0,0.0,0.0,0.0,0.0,0.0,inf,0.0,0.0,0.0,0.0,-0.43923667182883946,-0.5455416726979211,-0.10630500086908162
fexo,2021-07-13T15:01:45.001Z,0,0,0,0,0,0,0,0,0,0,0,0,0,0,0,0,0,0.0,0.0,0.0,0.0,0.0,inf,0.0,0.0,0.0,0.0,-0.43923667182883946,-0.5455416726979211,-0.10630500086908162
oss-code-ge,2023-05-23T16:07:30.407Z,0,0,0,0,0,0,0,0,0,0,0,0,0,0,0,0,0,0.0,0.0,0.0,0.0,0.0,inf,0.0,0.0,0.0,0.0,-0.43923667182883946,-0.5455416726979211,-0.10630500086908162
openstitching,2024-08-07T18:14:29.966Z,0,0,0,0,0,0,0,0,0,0,0,0,0,0,0,0,0,0.0,0.0,0.0,0.0,0.0,inf,0.0,0.0,0.0,0.0,-0.43923667182883946,-0.5455416726979211,-0.10630500086908162
nodejieba,2021-07-19T11:55:42.274Z,0,0,0,0,0,0,0,0,0,0,0,0,0,0,0,0,0,0.0,0.0,0.0,0.0,0.0,inf,0.0,0.0,0.0,0.0,-0.43923667182883946,-0.5455416726979211,-0.10630500086908162
bootstrap-popover-x,2021-07-13T15:59:22.293Z,0,0,0,0,0,0,0,0,0,0,0,0,0,0,0,0,0,0.0,0.0,0.0,0.0,0.0,inf,0.0,0.0,0.0,0.0,-0.43923667182883946,-0.5455416726979211,-0.10630500086908162
carroted,2023-11-09T18:00:20.387Z,0,0,0,0,0,0,0,0,0,0,0,0,0,0,0,0,0,0.0,0.0,0.0,0.0,0.0,inf,0.0,0.0,0.0,0.0,-0.43923667182883946,-0.5455416726979211,-0.10630500086908162
openstitching,2024-08-07T18:14:29.966Z,0,0,0,0,0,0,0,0,0,0,0,0,0,0,0,0,0,0.0,0.0,0.0,0.0,0.0,inf,0.0,0.0,0.0,0.0,-0.43923667182883946,-0.5455416726979211,-0.10630500086908162
osgeo,2021-05-10T21:11:57.893Z,0,0,0,0,0,0,0,0,0,0,0,0,0,0,0,0,0,0.0,0.0,0.0,0.0,0.0,inf,0.0,0.0,0.0,0.0,-0.43923667182883946,-0.5455416726979211,-0.10630500086908162
hellomicroservice,2021-06-30T19:07:03.924Z,0,0,0,0,0,0,0,0,0,0,0,0,0,0,0,0,0,0.0,0.0,0.0,0.0,0.0,inf,0.0,0.0,0.0,0.0,-0.43923667182883946,-0.5455416726979211,-0.10630500086908162
shazziepurple,2024-03-25T17:09:04.592Z,0,0,0,0,0,0,0,0,0,0,0,0,0,0,0,0,0,0.0,0.0,0.0,0.0,0.0,inf,0.0,0.0,0.0,0.0,-0.43923667182883946,-0.5455416726979211,-0.10630500086908162
rtl-styling-101,2023-07-02T13:49:12.494Z,0,0,0,0,0,0,0,0,0,0,0,0,0,0,0,0,0,0.0,0.0,0.0,0.0,0.0,inf,0.0,0.0,0.0,0.0,-0.43923667182883946,-0.5455416726979211,-0.10630500086908162
pytition,2021-07-18T15:06:02.877Z,0,0,0,0,0,0,0,0,0,0,0,0,0,0,0,0,0,0.0,0.0,0.0,0.0,0.0,inf,0.0,0.0,0.0,0.0,-0.43923667182883946,-0.5455416726979211,-0.10630500086908162
drutopia,2022-05-24T20:38:09.488Z,0,0,0,0,0,0,0,0,0,0,0,0,0,0,0,0,0,0.0,0.0,0.0,0.0,0.0,inf,0.0,0.0,0.0,0.0,-0.43923667182883946,-0.5455416726979211,-0.10630500086908162
lomoware,2023-01-24T10:37:04.800Z,0,0,0,0,0,0,0,0,0,0,0,0,0,0,0,0,0,0.0,0.0,0.0,0.0,0.0,inf,0.0,0.0,0.0,0.0,-0.43923667182883946,-0.5455416726979211,-0.10630500086908162
lomoware,2023-01-24T10:37:04.800Z,0,0,0,0,0,0,0,0,0,0,0,0,0,0,0,0,0,0.0,0.0,0.0,0.0,0.0,inf,0.0,0.0,0.0,0.0,-0.43923667182883946,-0.5455416726979211,-0.10630500086908162
effectivemoderncppchinese,2022-06-20T15:07:14.968Z,0,0,3,1,2,0,1,3,1,0,0,0,2,3,0,3,2,1.25,1.25,1.2817398889233114,1.3887301496588271,0.0,0.0,0.16770186335403728,0.39682539682539697,0.0,0.0,-0.22555920646787747,-0.3984200981430951,-0.17286089167521762
opensuspect,2021-03-23T05:05:37.691Z,0,0,0,0,0,0,0,0,0,0,0,0,0,0,0,0,0,0.0,0.0,0.0,0.0,0.0,inf,0.0,0.0,0.0,0.0,-0.43923667182883946,-0.5455416726979211,-0.10630500086908162
matter,2022-01-27T02:33:32.072Z,0,0,0,0,0,0,0,0,0,0,0,0,0,0,0,0,0,0.0,0.0,0.0,0.0,0.0,inf,0.0,0.0,0.0,0.0,-0.43923667182883946,-0.5455416726979211,-0.10630500086908162
rss-bridge,2022-03-05T11:22:14.384Z,0,0,0,0,0,0,0,0,0,0,0,0,0,0,0,0,0,0.0,0.0,0.0,0.0,0.0,inf,0.0,0.0,0.0,0.0,-0.43923667182883946,-0.5455416726979211,-0.10630500086908162
intelligo,2019-04-17T01:54:28.551Z,0,0,0,0,0,0,0,0,0,0,0,0,0,0,0,0,0,0.0,0.0,0.0,0.0,0.0,inf,0.0,0.0,0.0,0.0,-0.43923667182883946,-0.5455416726979211,-0.10630500086908162
pona,2023-06-30T13:39:32.470Z,0,0,0,0,0,0,0,0,0,0,0,0,0,0,0,0,0,0.0,0.0,0.0,0.0,0.0,inf,0.0,0.0,0.0,0.0,-0.43923667182883946,-0.5455416726979211,-0.10630500086908162
poolifier,2022-10-22T16:48:07.246Z,0,0,0,0,0,0,0,0,0,0,0,0,0,0,0,0,0,0.0,0.0,0.0,0.0,0.0,inf,0.0,0.0,0.0,0.0,-0.43923667182883946,-0.5455416726979211,-0.10630500086908162
piximagepicker,2023-12-03T20:11:25.111Z,0,0,0,0,0,0,0,0,0,0,0,0,0,0,0,0,0,0.0,0.0,0.0,0.0,0.0,inf,0.0,0.0,0.0,0.0,-0.43923667182883946,-0.5455416726979211,-0.10630500086908162
typetura,2022-10-13T21:19:27.908Z,0,0,0,0,0,0,0,0,0,0,0,0,0,0,0,0,0,0.0,0.0,0.0,0.0,0.0,inf,0.0,0.0,0.0,0.0,-0.43923667182883946,-0.5455416726979211,-0.10630500086908162
shirakumo,2021-11-23T13:45:25.440Z,0,0,0,0,0,0,0,0,0,0,0,0,0,0,0,0,0,0.0,0.0,0.0,0.0,0.0,inf,0.0,0.0,0.0,0.0,-0.43923667182883946,-0.5455416726979211,-0.10630500086908162
envio,2024-10-28T17:10:17.438Z,0,0,0,0,0,0,0,0,0,0,0,0,0,0,0,0,0,0.0,0.0,0.0,0.0,0.0,inf,0.0,0.0,0.0,0.0,-0.43923667182883946,-0.5455416726979211,-0.10630500086908162
_rpisurv_,2020-12-28T23:55:00.453Z,0,0,0,0,0,0,0,0,0,0,0,0,0,0,0,0,0,0.0,0.0,0.0,0.0,0.0,inf,0.0,0.0,0.0,0.0,-0.43923667182883946,-0.5455416726979211,-0.10630500086908162
matter,2022-01-27T02:33:32.072Z,0,0,0,0,0,0,0,0,0,0,0,0,0,0,0,0,0,0.0,0.0,0.0,0.0,0.0,inf,0.0,0.0,0.0,0.0,-0.43923667182883946,-0.5455416726979211,-0.10630500086908162
wiremocknet,2021-07-27T02:28:20.605Z,0,0,0,0,0,0,0,0,0,0,0,0,0,0,0,0,0,0.0,0.0,0.0,0.0,0.0,inf,0.0,0.0,0.0,0.0,-0.43923667182883946,-0.5455416726979211,-0.10630500086908162
statecraft,2019-12-08T00:04:48.611Z,0,0,0,0,0,0,0,0,0,0,0,0,0,0,0,0,0,0.0,0.0,0.0,0.0,0.0,inf,0.0,0.0,0.0,0.0,-0.43923667182883946,-0.5455416726979211,-0.10630500086908162
piximagepicker,2023-12-03T20:11:25.111Z,0,0,0,0,0,0,0,0,0,0,0,0,0,0,0,0,0,0.0,0.0,0.0,0.0,0.0,inf,0.0,0.0,0.0,0.0,-0.43923667182883946,-0.5455416726979211,-0.10630500086908162
openstl,2023-12-01T03:08:15.128Z,0,0,0,0,0,0,0,0,0,0,0,0,0,0,0,0,0,0.0,0.0,0.0,0.0,0.0,inf,0.0,0.0,0.0,0.0,-0.43923667182883946,-0.5455416726979211,-0.10630500086908162
wiremocknet,2021-07-27T02:28:20.605Z,0,0,0,0,0,0,0,0,0,0,0,0,0,0,0,0,0,0.0,0.0,0.0,0.0,0.0,inf,0.0,0.0,0.0,0.0,-0.43923667182883946,-0.5455416726979211,-0.10630500086908162
wikicensorship,2022-08-14T16:13:52.536Z,0,0,0,0,0,0,0,0,0,0,0,0,0,0,0,0,0,0.0,0.0,0.0,0.0,0.0,inf,0.0,0.0,0.0,0.0,-0.43923667182883946,-0.5455416726979211,-0.10630500086908162
openintents,2019-12-20T08:12:00.336Z,0,0,0,0,0,0,0,0,0,0,0,0,0,0,0,0,0,0.0,0.0,0.0,0.0,0.0,inf,0.0,0.0,0.0,0.0,-0.43923667182883946,-0.5455416726979211,-0.10630500086908162
effectivemoderncppchinese,2022-06-20T15:07:14.968Z,0,0,3,1,2,0,1,3,1,0,0,0,2,3,0,3,2,1.25,1.25,1.2817398889233114,1.3887301496588271,0.0,0.0,0.16770186335403728,0.39682539682539697,0.0,0.0,-0.22555920646787747,-0.3984200981430951,-0.17286089167521762
pona,2023-06-30T13:39:32.470Z,0,0,0,0,0,0,0,0,0,0,0,0,0,0,0,0,0,0.0,0.0,0.0,0.0,0.0,inf,0.0,0.0,0.0,0.0,-0.43923667182883946,-0.5455416726979211,-0.10630500086908162
soupault,2022-01-27T02:33:46.391Z,0,0,0,0,0,0,0,0,0,0,0,0,0,0,0,0,0,0.0,0.0,0.0,0.0,0.0,inf,0.0,0.0,0.0,0.0,-0.43923667182883946,-0.5455416726979211,-0.10630500086908162
pona,2023-06-30T13:39:32.470Z,0,0,0,0,0,0,0,0,0,0,0,0,0,0,0,0,0,0.0,0.0,0.0,0.0,0.0,inf,0.0,0.0,0.0,0.0,-0.43923667182883946,-0.5455416726979211,-0.10630500086908162
packem,2023-08-01T11:21:51.323Z,0,0,0,0,0,0,0,0,0,0,0,0,0,0,0,0,0,0.0,0.0,0.0,0.0,0.0,inf,0.0,0.0,0.0,0.0,-0.43923667182883946,-0.5455416726979211,-0.10630500086908162
mac-cleanup,2021-02-28T15:39:01.522Z,0,0,0,0,0,0,0,0,0,0,0,0,0,0,0,0,0,0.0,0.0,0.0,0.0,0.0,inf,0.0,0.0,0.0,0.0,-0.43923667182883946,-0.5455416726979211,-0.10630500086908162
web-shells,2020-10-30T10:00:05.912Z,0,0,0,0,0,0,0,0,0,0,0,0,0,0,0,0,0,0.0,0.0,0.0,0.0,0.0,inf,0.0,0.0,0.0,0.0,-0.43923667182883946,-0.5455416726979211,-0.10630500086908162
openstl,2023-12-01T03:08:15.128Z,0,0,0,0,0,0,0,0,0,0,0,0,0,0,0,0,0,0.0,0.0,0.0,0.0,0.0,inf,0.0,0.0,0.0,0.0,-0.43923667182883946,-0.5455416726979211,-0.10630500086908162
food-for-homeless,2020-11-04T03:43:24.109Z,0,0,0,0,0,0,0,0,0,0,0,0,0,0,0,0,0,0.0,0.0,0.0,0.0,0.0,inf,0.0,0.0,0.0,0.0,-0.43923667182883946,-0.5455416726979211,-0.10630500086908162
jira-plugin,2020-04-28T13:47:53.482Z,0,0,0,0,0,0,0,0,0,0,0,0,0,0,0,0,0,0.0,0.0,0.0,0.0,0.0,inf,0.0,0.0,0.0,0.0,-0.43923667182883946,-0.5455416726979211,-0.10630500086908162
portable-utf8,2023-11-01T19:08:12.219Z,0,0,0,0,0,0,0,0,0,0,0,0,0,0,0,0,0,0.0,0.0,0.0,0.0,0.0,inf,0.0,0.0,0.0,0.0,-0.43923667182883946,-0.5455416726979211,-0.10630500086908162
jira-plugin,2020-04-28T13:47:53.482Z,0,0,0,0,0,0,0,0,0,0,0,0,0,0,0,0,0,0.0,0.0,0.0,0.0,0.0,inf,0.0,0.0,0.0,0.0,-0.43923667182883946,-0.5455416726979211,-0.10630500086908162
wiremocknet,2021-07-27T02:28:20.605Z,0,0,0,0,0,0,0,0,0,0,0,0,0,0,0,0,0,0.0,0.0,0.0,0.0,0.0,inf,0.0,0.0,0.0,0.0,-0.43923667182883946,-0.5455416726979211,-0.10630500086908162
terraforge3d,2022-08-05T20:51:23.317Z,0,0,0,0,0,0,0,0,0,0,0,0,0,0,0,0,0,0.0,0.0,0.0,0.0,0.0,inf,0.0,0.0,0.0,0.0,-0.43923667182883946,-0.5455416726979211,-0.10630500086908162
vite-plugin-rsw,2021-06-29T11:53:44.512Z,0,0,0,0,0,0,0,0,0,0,0,0,0,0,0,0,0,0.0,0.0,0.0,0.0,0.0,inf,0.0,0.0,0.0,0.0,-0.43923667182883946,-0.5455416726979211,-0.10630500086908162
openstl,2023-12-01T03:08:15.128Z,0,0,0,0,0,0,0,0,0,0,0,0,0,0,0,0,0,0.0,0.0,0.0,0.0,0.0,inf,0.0,0.0,0.0,0.0,-0.43923667182883946,-0.5455416726979211,-0.10630500086908162
portable-utf8,2023-11-01T19:08:12.219Z,0,0,0,0,0,0,0,0,0,0,0,0,0,0,0,0,0,0.0,0.0,0.0,0.0,0.0,inf,0.0,0.0,0.0,0.0,-0.43923667182883946,-0.5455416726979211,-0.10630500086908162
moeoverflow,2019-05-26T16:14:14.186Z,0,0,0,0,0,0,0,0,0,0,0,0,0,0,0,0,0,0.0,0.0,0.0,0.0,0.0,inf,0.0,0.0,0.0,0.0,-0.43923667182883946,-0.5455416726979211,-0.10630500086908162
moeoverflow,2019-05-26T16:14:14.186Z,0,0,0,0,0,0,0,0,0,0,0,0,0,0,0,0,0,0.0,0.0,0.0,0.0,0.0,inf,0.0,0.0,0.0,0.0,-0.43923667182883946,-0.5455416726979211,-0.10630500086908162
interview,2021-07-15T16:04:02.688Z,0,0,0,0,0,0,0,0,0,0,0,0,0,0,0,0,0,0.0,0.0,0.0,0.0,0.0,inf,0.0,0.0,0.0,0.0,-0.43923667182883946,-0.5455416726979211,-0.10630500086908162
aqurusmc,2024-01-27T18:07:10.990Z,0,0,0,0,0,0,0,0,0,0,0,0,0,0,0,0,0,0.0,0.0,0.0,0.0,0.0,inf,0.0,0.0,0.0,0.0,-0.43923667182883946,-0.5455416726979211,-0.10630500086908162
airform,2021-07-21T23:28:42.189Z,0,0,0,0,0,0,0,0,0,0,0,0,0,0,0,0,0,0.0,0.0,0.0,0.0,0.0,inf,0.0,0.0,0.0,0.0,-0.43923667182883946,-0.5455416726979211,-0.10630500086908162
nsfwfilter,2023-01-14T07:56:23.833Z,0,0,0,0,0,0,0,0,0,0,0,0,0,0,0,0,0,0.0,0.0,0.0,0.0,0.0,inf,0.0,0.0,0.0,0.0,-0.43923667182883946,-0.5455416726979211,-0.10630500086908162
intelligo,2019-04-17T01:54:28.551Z,0,0,0,0,0,0,0,0,0,0,0,0,0,0,0,0,0,0.0,0.0,0.0,0.0,0.0,inf,0.0,0.0,0.0,0.0,-0.43923667182883946,-0.5455416726979211,-0.10630500086908162
devs-with-disabilities,2019-08-28T17:41:25.763Z,0,0,0,0,0,0,0,0,0,0,0,0,0,0,0,0,0,0.0,0.0,0.0,0.0,0.0,inf,0.0,0.0,0.0,0.0,-0.43923667182883946,-0.5455416726979211,-0.10630500086908162
questgenai,2021-06-25T12:41:11.035Z,0,0,0,0,0,0,0,0,0,0,0,0,0,0,0,0,0,0.0,0.0,0.0,0.0,0.0,inf,0.0,0.0,0.0,0.0,-0.43923667182883946,-0.5455416726979211,-0.10630500086908162
persiandate4mysql,2023-03-01T16:12:35.796Z,0,0,0,0,0,0,0,0,0,0,0,0,0,0,0,0,0,0.0,0.0,0.0,0.0,0.0,inf,0.0,0.0,0.0,0.0,-0.43923667182883946,-0.5455416726979211,-0.10630500086908162
openintents,2019-12-20T08:12:00.336Z,0,0,0,0,0,0,0,0,0,0,0,0,0,0,0,0,0,0.0,0.0,0.0,0.0,0.0,inf,0.0,0.0,0.0,0.0,-0.43923667182883946,-0.5455416726979211,-0.10630500086908162
centeredcollectionview,2021-07-11T16:05:05.114Z,0,0,0,0,0,0,0,0,0,0,0,0,0,0,0,0,0,0.0,0.0,0.0,0.0,0.0,inf,0.0,0.0,0.0,0.0,-0.43923667182883946,-0.5455416726979211,-0.10630500086908162
webqit,2022-09-17T02:49:49.461Z,0,0,0,0,0,0,0,0,0,0,0,0,0,0,0,0,0,0.0,0.0,0.0,0.0,0.0,inf,0.0,0.0,0.0,0.0,-0.43923667182883946,-0.5455416726979211,-0.10630500086908162
gltfforue4,2021-09-16T13:30:24.604Z,0,0,0,0,0,0,0,0,0,0,0,0,0,0,0,0,0,0.0,0.0,0.0,0.0,0.0,inf,0.0,0.0,0.0,0.0,-0.43923667182883946,-0.5455416726979211,-0.10630500086908162
github-readme-activity-graph,2024-06-12T03:29:10.129Z,0,0,0,0,0,0,0,0,0,0,0,0,0,0,0,0,0,0.0,0.0,0.0,0.0,0.0,inf,0.0,0.0,0.0,0.0,-0.43923667182883946,-0.5455416726979211,-0.10630500086908162
librebooks,2020-06-27T23:47:56.503Z,0,0,0,0,0,0,0,0,0,0,0,0,0,0,0,0,0,0.0,0.0,0.0,0.0,0.0,inf,0.0,0.0,0.0,0.0,-0.43923667182883946,-0.5455416726979211,-0.10630500086908162
puppeteer-screen-recorder,2023-11-11T18:07:37.557Z,0,0,0,0,0,0,0,0,0,0,0,0,0,0,0,0,0,0.0,0.0,0.0,0.0,0.0,inf,0.0,0.0,0.0,0.0,-0.43923667182883946,-0.5455416726979211,-0.10630500086908162
puppeteer-screen-recorder,2023-11-11T18:07:37.557Z,0,0,0,0,0,0,0,0,0,0,0,0,0,0,0,0,0,0.0,0.0,0.0,0.0,0.0,inf,0.0,0.0,0.0,0.0,-0.43923667182883946,-0.5455416726979211,-0.10630500086908162
python-sortedcontainers,2019-01-24T04:54:47.271Z,0,0,0,0,0,0,0,0,0,0,0,0,0,0,0,0,0,0.0,0.0,0.0,0.0,0.0,inf,0.0,0.0,0.0,0.0,-0.43923667182883946,-0.5455416726979211,-0.10630500086908162
python-sortedcontainers,2019-01-24T04:54:47.271Z,0,0,0,0,0,0,0,0,0,0,0,0,0,0,0,0,0,0.0,0.0,0.0,0.0,0.0,inf,0.0,0.0,0.0,0.0,-0.43923667182883946,-0.5455416726979211,-0.10630500086908162
jodd,2021-07-19T04:17:10.934Z,0,0,0,0,0,0,0,0,0,0,0,0,0,0,0,0,0,0.0,0.0,0.0,0.0,0.0,inf,0.0,0.0,0.0,0.0,-0.43923667182883946,-0.5455416726979211,-0.10630500086908162
circuitverse,2020-05-12T18:32:08.035Z,0,0,0,0,0,0,0,0,0,0,0,0,0,0,0,0,0,0.0,0.0,0.0,0.0,0.0,inf,0.0,0.0,0.0,0.0,-0.43923667182883946,-0.5455416726979211,-0.10630500086908162
azerothcore,2020-08-09T18:17:35.271Z,0,0,0,0,0,0,0,0,0,0,0,0,0,0,0,0,0,0.0,0.0,0.0,0.0,0.0,inf,0.0,0.0,0.0,0.0,-0.43923667182883946,-0.5455416726979211,-0.10630500086908162
rgeo,2024-10-15T00:56:43.686Z,0,0,0,0,0,0,0,0,0,0,0,0,0,0,0,0,0,0.0,0.0,0.0,0.0,0.0,inf,0.0,0.0,0.0,0.0,-0.43923667182883946,-0.5455416726979211,-0.10630500086908162
rgeo,2024-10-15T00:56:43.686Z,0,0,0,0,0,0,0,0,0,0,0,0,0,0,0,0,0,0.0,0.0,0.0,0.0,0.0,inf,0.0,0.0,0.0,0.0,-0.43923667182883946,-0.5455416726979211,-0.10630500086908162
circuitverse,2020-05-12T18:32:08.035Z,0,0,0,0,0,0,0,0,0,0,0,0,0,0,0,0,0,0.0,0.0,0.0,0.0,0.0,inf,0.0,0.0,0.0,0.0,-0.43923667182883946,-0.5455416726979211,-0.10630500086908162
swarmlet,2021-07-18T13:48:38.230Z,0,0,0,0,0,0,0,0,0,0,0,0,0,0,0,0,0,0.0,0.0,0.0,0.0,0.0,inf,0.0,0.0,0.0,0.0,-0.43923667182883946,-0.5455416726979211,-0.10630500086908162
sollet,2021-12-07T13:34:52.079Z,0,0,0,0,0,0,0,0,0,0,0,0,0,0,0,0,0,0.0,0.0,0.0,0.0,0.0,inf,0.0,0.0,0.0,0.0,-0.43923667182883946,-0.5455416726979211,-0.10630500086908162
automatio,2024-07-24T20:06:58.063Z,0,0,0,0,0,0,0,0,0,0,0,0,0,0,0,0,0,0.0,0.0,0.0,0.0,0.0,inf,0.0,0.0,0.0,0.0,-0.43923667182883946,-0.5455416726979211,-0.10630500086908162
vscodebeautify,2021-07-19T04:00:40.688Z,0,0,0,0,0,0,0,0,0,0,0,0,0,0,0,0,0,0.0,0.0,0.0,0.0,0.0,inf,0.0,0.0,0.0,0.0,-0.43923667182883946,-0.5455416726979211,-0.10630500086908162
azerothcore,2020-08-09T18:17:35.271Z,0,0,0,0,0,0,0,0,0,0,0,0,0,0,0,0,0,0.0,0.0,0.0,0.0,0.0,inf,0.0,0.0,0.0,0.0,-0.43923667182883946,-0.5455416726979211,-0.10630500086908162
project-atlantis,2022-09-07T23:08:12.151Z,0,0,0,0,0,0,0,0,0,0,0,0,0,0,0,0,0,0.0,0.0,0.0,0.0,0.0,inf,0.0,0.0,0.0,0.0,-0.43923667182883946,-0.5455416726979211,-0.10630500086908162
graphql-java,2019-03-27T07:45:06.180Z,0,0,0,0,0,0,0,0,0,0,0,0,0,0,0,0,0,0.0,0.0,0.0,0.0,0.0,inf,0.0,0.0,0.0,0.0,-0.43923667182883946,-0.5455416726979211,-0.10630500086908162
urlpattern-polyfill,2022-10-04T14:05:29.838Z,0,0,0,0,0,0,0,0,0,0,0,0,0,0,0,0,0,0.0,0.0,0.0,0.0,0.0,inf,0.0,0.0,0.0,0.0,-0.43923667182883946,-0.5455416726979211,-0.10630500086908162
nginx-admins-handbook,2020-03-13T18:16:37.163Z,0,0,0,0,0,0,0,0,0,0,0,0,0,0,0,0,0,0.0,0.0,0.0,0.0,0.0,inf,0.0,0.0,0.0,0.0,-0.43923667182883946,-0.5455416726979211,-0.10630500086908162
standard-readme,2021-07-13T04:38:13.332Z,0,0,0,0,0,0,0,0,0,0,0,0,0,0,0,0,0,0.0,0.0,0.0,0.0,0.0,inf,0.0,0.0,0.0,0.0,-0.43923667182883946,-0.5455416726979211,-0.10630500086908162
vue-drag-resize,2021-04-10T13:32:48.000Z,0,0,1,3,1,2,2,4,5,5,1,0,1,3,1,2,0,1.625,1.625,1.4078859531733587,1.6850180160122068,0.0,0.0,0.6525096525096525,0.1871817909553759,0.0,0.0,-0.16145596685958885,-0.3542836257766473,-0.19282765891705844
awesome-python,2019-11-12T01:27:10.336Z,0,0,0,0,0,0,0,0,0,0,0,0,0,0,0,0,0,0.0,0.0,0.0,0.0,0.0,inf,0.0,0.0,0.0,0.0,-0.43923667182883946,-0.5455416726979211,-0.10630500086908162
project-atlantis,2022-09-07T23:08:12.151Z,0,0,0,0,0,0,0,0,0,0,0,0,0,0,0,0,0,0.0,0.0,0.0,0.0,0.0,inf,0.0,0.0,0.0,0.0,-0.43923667182883946,-0.5455416726979211,-0.10630500086908162
teamo1,2019-02-07T19:02:59.540Z,0,0,0,0,0,0,0,0,0,0,0,0,0,0,0,0,0,0.0,0.0,0.0,0.0,0.0,inf,0.0,0.0,0.0,0.0,-0.43923667182883946,-0.5455416726979211,-0.10630500086908162
thegorgeouslogin,2019-10-28T23:42:08.451Z,0,0,0,0,0,0,0,0,0,0,0,0,0,0,0,0,0,0.0,0.0,0.0,0.0,0.0,inf,0.0,0.0,0.0,0.0,-0.43923667182883946,-0.5455416726979211,-0.10630500086908162
carroted,2023-11-09T18:00:20.387Z,0,0,0,0,0,0,0,0,0,0,0,0,0,0,0,0,0,0.0,0.0,0.0,0.0,0.0,inf,0.0,0.0,0.0,0.0,-0.43923667182883946,-0.5455416726979211,-0.10630500086908162
jsontokotlin,2021-07-19T12:21:00.187Z,0,0,0,0,0,0,7,1,2,1,1,1,3,0,0,0,2,1.0,1.0,2.449489742783178,1.0690449676496976,0.0,0.0,0.2500000000000001,0.011904761904761906,0.0,0.0,-0.26829469954006985,-0.42784441305406024,-0.1595497135139904
jaime-olivares-opensource,2021-07-08T08:58:15.866Z,0,0,0,0,0,0,0,0,0,0,0,0,0,0,0,0,0,0.0,0.0,0.0,0.0,0.0,inf,0.0,0.0,0.0,0.0,-0.43923667182883946,-0.5455416726979211,-0.10630500086908162
psake,2024-10-07T20:25:24.807Z,0,0,0,0,0,0,0,0,0,0,0,0,0,0,0,0,0,0.0,0.0,0.0,0.0,0.0,inf,0.0,0.0,0.0,0.0,-0.43923667182883946,-0.5455416726979211,-0.10630500086908162
magnify,2021-07-22T05:35:22.552Z,0,0,0,0,0,0,0,0,0,0,0,0,0,0,0,0,0,0.0,0.0,0.0,0.0,0.0,inf,0.0,0.0,0.0,0.0,-0.43923667182883946,-0.5455416726979211,-0.10630500086908162
pyparsing,2024-07-18T07:17:42.032Z,0,0,0,0,0,0,0,0,0,0,0,0,0,0,0,0,0,0.0,0.0,0.0,0.0,0.0,inf,0.0,0.0,0.0,0.0,-0.43923667182883946,-0.5455416726979211,-0.10630500086908162
animatescroll,2021-07-24T23:44:47.372Z,0,0,0,0,0,0,0,0,0,0,0,0,0,0,0,0,0,0.0,0.0,0.0,0.0,0.0,inf,0.0,0.0,0.0,0.0,-0.43923667182883946,-0.5455416726979211,-0.10630500086908162
cezerin2,2019-05-13T05:32:30.062Z,0,0,0,0,0,0,0,0,0,0,0,0,0,0,0,0,0,0.0,0.0,0.0,0.0,0.0,inf,0.0,0.0,0.0,0.0,-0.43923667182883946,-0.5455416726979211,-0.10630500086908162
mongodb-memory-server,2020-12-21T01:11:12.286Z,0,0,0,0,0,0,0,0,0,0,0,0,0,0,0,0,0,0.0,0.0,0.0,0.0,0.0,inf,0.0,0.0,0.0,0.0,-0.43923667182883946,-0.5455416726979211,-0.10630500086908162
onedark-pro,2021-07-06T14:56:57.118Z,0,0,0,0,0,0,0,0,0,0,0,0,0,0,0,0,0,0.0,0.0,0.0,0.0,0.0,inf,0.0,0.0,0.0,0.0,-0.43923667182883946,-0.5455416726979211,-0.10630500086908162
taro,2019-11-21T02:04:14.540Z,0,0,0,0,0,0,0,0,0,0,0,0,0,0,0,0,0,0.0,0.0,0.0,0.0,0.0,inf,0.0,0.0,0.0,0.0,-0.43923667182883946,-0.5455416726979211,-0.10630500086908162
vue-functional-calendar,2021-07-14T22:47:01.624Z,0,0,0,0,0,0,0,0,0,0,0,0,0,0,0,0,0,0.0,0.0,0.0,0.0,0.0,inf,0.0,0.0,0.0,0.0,-0.43923667182883946,-0.5455416726979211,-0.10630500086908162
vue-functional-calendar,2021-07-14T22:47:01.624Z,0,0,0,0,0,0,0,0,0,0,0,0,0,0,0,0,0,0.0,0.0,0.0,0.0,0.0,inf,0.0,0.0,0.0,0.0,-0.43923667182883946,-0.5455416726979211,-0.10630500086908162
cert-manager,2022-06-13T22:03:51.501Z,0,0,0,0,0,0,0,0,0,0,0,0,0,0,0,0,0,0.0,0.0,0.0,0.0,0.0,inf,0.0,0.0,0.0,0.0,-0.43923667182883946,-0.5455416726979211,-0.10630500086908162
vue-functional-calendar,2021-07-14T22:47:01.624Z,0,0,0,0,0,0,0,0,0,0,0,0,0,0,0,0,0,0.0,0.0,0.0,0.0,0.0,inf,0.0,0.0,0.0,0.0,-0.43923667182883946,-0.5455416726979211,-0.10630500086908162
yii2-export,2020-03-18T15:40:35.401Z,0,0,0,0,0,0,0,0,0,0,0,0,0,0,0,0,0,0.0,0.0,0.0,0.0,0.0,inf,0.0,0.0,0.0,0.0,-0.43923667182883946,-0.5455416726979211,-0.10630500086908162
vue-functional-calendar,2021-07-14T22:47:01.624Z,0,0,0,0,0,0,0,0,0,0,0,0,0,0,0,0,0,0.0,0.0,0.0,0.0,0.0,inf,0.0,0.0,0.0,0.0,-0.43923667182883946,-0.5455416726979211,-0.10630500086908162
jsontokotlin,2021-07-19T12:21:00.187Z,0,0,0,0,0,0,7,1,2,1,1,1,3,0,0,0,2,1.0,1.0,2.449489742783178,1.0690449676496976,0.0,0.0,0.2500000000000001,0.011904761904761906,0.0,0.0,-0.26829469954006985,-0.42784441305406024,-0.1595497135139904
libhydrogen,2020-06-05T05:32:11.461Z,0,0,0,0,0,0,0,0,0,0,0,0,0,0,0,0,0,0.0,0.0,0.0,0.0,0.0,inf,0.0,0.0,0.0,0.0,-0.43923667182883946,-0.5455416726979211,-0.10630500086908162
broadband-institute,2022-03-29T20:08:14.858Z,0,0,0,0,0,0,0,0,0,0,0,0,0,0,0,0,0,0.0,0.0,0.0,0.0,0.0,inf,0.0,0.0,0.0,0.0,-0.43923667182883946,-0.5455416726979211,-0.10630500086908162
libhydrogen,2020-06-05T05:32:11.461Z,0,0,0,0,0,0,0,0,0,0,0,0,0,0,0,0,0,0.0,0.0,0.0,0.0,0.0,inf,0.0,0.0,0.0,0.0,-0.43923667182883946,-0.5455416726979211,-0.10630500086908162
indigenamarket,2022-02-21T00:28:18.975Z,0,0,0,0,0,0,0,0,0,0,0,0,0,0,0,0,0,0.0,0.0,0.0,0.0,0.0,inf,0.0,0.0,0.0,0.0,-0.43923667182883946,-0.5455416726979211,-0.10630500086908162
knowlo,2020-02-01T21:55:05.552Z,0,0,0,0,0,0,0,0,0,0,0,0,0,0,0,0,0,0.0,0.0,0.0,0.0,0.0,inf,0.0,0.0,0.0,0.0,-0.43923667182883946,-0.5455416726979211,-0.10630500086908162
taro,2019-11-21T02:04:14.540Z,0,0,0,0,0,0,0,0,0,0,0,0,0,0,0,0,0,0.0,0.0,0.0,0.0,0.0,inf,0.0,0.0,0.0,0.0,-0.43923667182883946,-0.5455416726979211,-0.10630500086908162
node-argon2,2021-08-14T07:04:21.598Z,0,0,0,0,0,0,0,0,0,0,0,0,0,0,0,0,0,0.0,0.0,0.0,0.0,0.0,inf,0.0,0.0,0.0,0.0,-0.43923667182883946,-0.5455416726979211,-0.10630500086908162
live-code-london,2024-04-30T22:15:44.299Z,0,0,0,0,0,0,0,0,0,0,0,0,0,0,0,0,0,0.0,0.0,0.0,0.0,0.0,inf,0.0,0.0,0.0,0.0,-0.43923667182883946,-0.5455416726979211,-0.10630500086908162
we-cropper,2019-12-08T05:28:38.715Z,0,0,0,0,0,0,0,0,0,0,0,0,0,0,0,0,0,0.0,0.0,0.0,0.0,0.0,inf,0.0,0.0,0.0,0.0,-0.43923667182883946,-0.5455416726979211,-0.10630500086908162
owasp-crs,2021-01-04T14:31:47.525Z,0,0,0,0,0,0,0,0,0,0,0,0,0,0,0,0,0,0.0,0.0,0.0,0.0,0.0,inf,0.0,0.0,0.0,0.0,-0.43923667182883946,-0.5455416726979211,-0.10630500086908162
tenzing,2022-04-22T16:15:04.260Z,0,0,0,0,0,0,0,0,0,0,0,0,0,0,0,0,0,0.0,0.0,0.0,0.0,0.0,inf,0.0,0.0,0.0,0.0,-0.43923667182883946,-0.5455416726979211,-0.10630500086908162
grassmannjl,2020-07-03T20:28:20.647Z,0,0,0,0,0,0,0,0,0,0,0,0,0,0,0,0,0,0.0,0.0,0.0,0.0,0.0,inf,0.0,0.0,0.0,0.0,-0.43923667182883946,-0.5455416726979211,-0.10630500086908162
grassmannjl,2020-07-03T20:28:20.647Z,0,0,0,0,0,0,0,0,0,0,0,0,0,0,0,0,0,0.0,0.0,0.0,0.0,0.0,inf,0.0,0.0,0.0,0.0,-0.43923667182883946,-0.5455416726979211,-0.10630500086908162
saltlakecityfightingcovid,2020-04-15T22:42:45.807Z,0,0,0,0,0,0,0,0,1,0,0,0,0,0,0,0,0,0.0,0.0,0.0,0.0,0.0,inf,0.0,0.0,0.0,0.0,-0.43923667182883946,-0.5455416726979211,-0.10630500086908162
django-phone-verify,2022-01-23T13:09:47.610Z,0,0,0,0,0,0,0,0,0,0,0,0,0,0,0,0,0,0.0,0.0,0.0,0.0,0.0,inf,0.0,0.0,0.0,0.0,-0.43923667182883946,-0.5455416726979211,-0.10630500086908162
home-assistant-cli,2024-03-29T08:04:13.578Z,0,0,0,0,0,0,0,0,0,0,0,0,0,0,0,0,0,0.0,0.0,0.0,0.0,0.0,inf,0.0,0.0,0.0,0.0,-0.43923667182883946,-0.5455416726979211,-0.10630500086908162
grassmannjl,2020-07-03T20:28:20.647Z,0,0,0,0,0,0,0,0,0,0,0,0,0,0,0,0,0,0.0,0.0,0.0,0.0,0.0,inf,0.0,0.0,0.0,0.0,-0.43923667182883946,-0.5455416726979211,-0.10630500086908162
fotorama,2019-02-01T11:40:29.786Z,0,0,0,0,0,0,0,0,0,0,0,0,0,0,0,0,0,0.0,0.0,0.0,0.0,0.0,inf,0.0,0.0,0.0,0.0,-0.43923667182883946,-0.5455416726979211,-0.10630500086908162
photoviewer,2022-02-01T15:13:29.532Z,0,0,0,0,0,0,0,0,0,0,0,0,0,0,0,0,0,0.0,0.0,0.0,0.0,0.0,inf,0.0,0.0,0.0,0.0,-0.43923667182883946,-0.5455416726979211,-0.10630500086908162
substats,2021-07-10T09:21:56.643Z,0,0,0,0,0,0,0,0,0,0,0,0,0,0,0,0,0,0.0,0.0,0.0,0.0,0.0,inf,0.0,0.0,0.0,0.0,-0.43923667182883946,-0.5455416726979211,-0.10630500086908162
airform,2021-07-21T23:28:42.189Z,0,0,0,0,0,0,0,0,0,0,0,0,0,0,0,0,0,0.0,0.0,0.0,0.0,0.0,inf,0.0,0.0,0.0,0.0,-0.43923667182883946,-0.5455416726979211,-0.10630500086908162
jekyll-spaceship,2021-07-15T06:50:55.878Z,0,0,0,0,0,0,0,0,0,0,0,0,0,0,0,0,0,0.0,0.0,0.0,0.0,0.0,inf,0.0,0.0,0.0,0.0,-0.43923667182883946,-0.5455416726979211,-0.10630500086908162
bassa,2021-07-20T18:35:08.203Z,0,0,0,0,0,0,0,0,0,0,0,0,0,0,0,0,0,0.0,0.0,0.0,0.0,0.0,inf,0.0,0.0,0.0,0.0,-0.43923667182883946,-0.5455416726979211,-0.10630500086908162
schemathesis,2021-04-01T11:08:47.672Z,0,0,0,0,0,0,0,0,0,0,0,0,0,0,0,0,0,0.0,0.0,0.0,0.0,0.0,inf,0.0,0.0,0.0,0.0,-0.43923667182883946,-0.5455416726979211,-0.10630500086908162
swiftui,2021-08-08T10:48:47.278Z,0,0,0,0,0,0,0,0,0,0,0,0,0,0,0,0,0,0.0,0.0,0.0,0.0,0.0,inf,0.0,0.0,0.0,0.0,-0.43923667182883946,-0.5455416726979211,-0.10630500086908162
substats,2021-07-10T09:21:56.643Z,0,0,0,0,0,0,0,0,0,0,0,0,0,0,0,0,0,0.0,0.0,0.0,0.0,0.0,inf,0.0,0.0,0.0,0.0,-0.43923667182883946,-0.5455416726979211,-0.10630500086908162
discordbm,2024-12-19T18:12:47.919Z,0,0,0,0,0,0,0,0,0,0,0,0,0,0,0,0,0,0.0,0.0,0.0,0.0,0.0,inf,0.0,0.0,0.0,0.0,-0.43923667182883946,-0.5455416726979211,-0.10630500086908162
kitx,2024-03-08T15:47:31.526Z,0,0,0,0,0,0,0,0,0,0,0,0,0,0,0,0,0,0.0,0.0,0.0,0.0,0.0,inf,0.0,0.0,0.0,0.0,-0.43923667182883946,-0.5455416726979211,-0.10630500086908162
kashgari,2021-07-21T04:14:53.788Z,0,0,0,0,0,0,0,0,0,0,0,0,0,0,0,0,0,0.0,0.0,0.0,0.0,0.0,inf,0.0,0.0,0.0,0.0,-0.43923667182883946,-0.5455416726979211,-0.10630500086908162
fieldsets,2021-07-08T01:39:39.061Z,0,0,0,0,0,0,0,0,0,0,0,0,0,0,0,0,0,0.0,0.0,0.0,0.0,0.0,inf,0.0,0.0,0.0,0.0,-0.43923667182883946,-0.5455416726979211,-0.10630500086908162
tmodloader,2021-07-21T02:02:24.109Z,0,0,0,0,0,0,0,0,0,0,0,0,0,0,0,0,0,0.0,0.0,0.0,0.0,0.0,inf,0.0,0.0,0.0,0.0,-0.43923667182883946,-0.5455416726979211,-0.10630500086908162
substitute-js,2024-02-07T01:11:45.040Z,0,0,0,0,0,0,0,0,0,0,0,0,0,0,0,0,0,0.0,0.0,0.0,0.0,0.0,inf,0.0,0.0,0.0,0.0,-0.43923667182883946,-0.5455416726979211,-0.10630500086908162
gnet,2020-12-07T04:38:57.007Z,0,5,8,6,8,2,9,15,4,7,7,7,6,8,1,13,4,6.625,6.625,4.596194077712559,3.420004177106889,0.0,0.0,0.47824336835325865,0.0035623409669211206,0.0,0.0,0.693253894584259,0.23420267244265658,-0.45905122214160243
webqit,2022-09-17T02:49:49.461Z,0,0,0,0,0,0,0,0,0,0,0,0,0,0,0,0,0,0.0,0.0,0.0,0.0,0.0,inf,0.0,0.0,0.0,0.0,-0.43923667182883946,-0.5455416726979211,-0.10630500086908162
vue-gallery,2019-12-24T12:35:56.484Z,0,0,0,0,0,0,0,0,0,0,0,0,0,0,0,0,0,0.0,0.0,0.0,0.0,0.0,inf,0.0,0.0,0.0,0.0,-0.43923667182883946,-0.5455416726979211,-0.10630500086908162
wifi-passview,2021-07-13T20:54:56.724Z,0,0,0,0,0,0,0,0,0,0,0,0,0,0,0,0,0,0.0,0.0,0.0,0.0,0.0,inf,0.0,0.0,0.0,0.0,-0.43923667182883946,-0.5455416726979211,-0.10630500086908162
dts-bundle-generator,2022-06-04T23:41:21.275Z,0,0,0,0,0,0,0,0,0,0,0,0,0,0,0,0,0,0.0,0.0,0.0,0.0,0.0,inf,0.0,0.0,0.0,0.0,-0.43923667182883946,-0.5455416726979211,-0.10630500086908162
sharpetronics,2023-04-19T22:40:53.353Z,0,0,0,0,0,0,0,0,0,0,0,0,0,0,0,0,0,0.0,0.0,0.0,0.0,0.0,inf,0.0,0.0,0.0,0.0,-0.43923667182883946,-0.5455416726979211,-0.10630500086908162
cloudmusic-vscode,2021-03-29T01:26:08.806Z,0,0,0,0,0,0,0,0,0,0,0,0,0,0,0,0,0,0.0,0.0,0.0,0.0,0.0,inf,0.0,0.0,0.0,0.0,-0.43923667182883946,-0.5455416726979211,-0.10630500086908162
create-nw-react-app,2021-07-20T02:37:50.484Z,0,0,0,0,0,0,0,0,0,0,0,0,0,0,0,0,0,0.0,0.0,0.0,0.0,0.0,inf,0.0,0.0,0.0,0.0,-0.43923667182883946,-0.5455416726979211,-0.10630500086908162
cloudmusic-vscode,2021-03-29T01:26:08.806Z,0,0,0,0,0,0,0,0,0,0,0,0,0,0,0,0,0,0.0,0.0,0.0,0.0,0.0,inf,0.0,0.0,0.0,0.0,-0.43923667182883946,-0.5455416726979211,-0.10630500086908162
cloudmusic-vscode,2021-03-29T01:26:08.806Z,0,0,0,0,0,0,0,0,0,0,0,0,0,0,0,0,0,0.0,0.0,0.0,0.0,0.0,inf,0.0,0.0,0.0,0.0,-0.43923667182883946,-0.5455416726979211,-0.10630500086908162
pyinquirer,2021-05-19T01:57:21.848Z,0,0,0,0,0,0,0,0,0,0,0,0,0,0,0,0,0,0.0,0.0,0.0,0.0,0.0,inf,0.0,0.0,0.0,0.0,-0.43923667182883946,-0.5455416726979211,-0.10630500086908162
create-nw-react-app,2021-07-20T02:37:50.484Z,0,0,0,0,0,0,0,0,0,0,0,0,0,0,0,0,0,0.0,0.0,0.0,0.0,0.0,inf,0.0,0.0,0.0,0.0,-0.43923667182883946,-0.5455416726979211,-0.10630500086908162
project-atlantis,2022-09-07T23:08:12.151Z,0,0,0,0,0,0,0,0,0,0,0,0,0,0,0,0,0,0.0,0.0,0.0,0.0,0.0,inf,0.0,0.0,0.0,0.0,-0.43923667182883946,-0.5455416726979211,-0.10630500086908162
chinachu,2020-07-11T08:39:45.245Z,0,0,0,0,0,0,0,0,0,0,0,0,0,0,0,0,0,0.0,0.0,0.0,0.0,0.0,inf,0.0,0.0,0.0,0.0,-0.43923667182883946,-0.5455416726979211,-0.10630500086908162
we-cropper,2019-12-08T05:28:38.715Z,0,0,0,0,0,0,0,0,0,0,0,0,0,0,0,0,0,0.0,0.0,0.0,0.0,0.0,inf,0.0,0.0,0.0,0.0,-0.43923667182883946,-0.5455416726979211,-0.10630500086908162
photoslider,2019-01-09T09:56:47.458Z,0,0,0,0,0,0,0,0,0,0,0,0,0,0,0,0,0,0.0,0.0,0.0,0.0,0.0,inf,0.0,0.0,0.0,0.0,-0.43923667182883946,-0.5455416726979211,-0.10630500086908162
live-code-london,2024-04-30T22:15:44.299Z,0,0,0,0,0,0,0,0,0,0,0,0,0,0,0,0,0,0.0,0.0,0.0,0.0,0.0,inf,0.0,0.0,0.0,0.0,-0.43923667182883946,-0.5455416726979211,-0.10630500086908162
zookeeper-docker,2021-08-02T05:28:06.280Z,0,0,0,0,0,0,0,0,0,0,0,0,0,0,0,0,0,0.0,0.0,0.0,0.0,0.0,inf,0.0,0.0,0.0,0.0,-0.43923667182883946,-0.5455416726979211,-0.10630500086908162
vim-table-mode,2021-01-24T19:22:41.715Z,0,0,0,0,0,0,0,0,0,0,0,0,0,0,0,0,0,0.0,0.0,0.0,0.0,0.0,inf,0.0,0.0,0.0,0.0,-0.43923667182883946,-0.5455416726979211,-0.10630500086908162
vscodebeautify,2021-07-19T04:00:40.688Z,0,0,0,0,0,0,0,0,0,0,0,0,0,0,0,0,0,0.0,0.0,0.0,0.0,0.0,inf,0.0,0.0,0.0,0.0,-0.43923667182883946,-0.5455416726979211,-0.10630500086908162
v-selectpage,2021-07-21T23:29:52.495Z,0,0,0,0,0,0,0,0,0,0,0,0,0,0,0,0,0,0.0,0.0,0.0,0.0,0.0,inf,0.0,0.0,0.0,0.0,-0.43923667182883946,-0.5455416726979211,-0.10630500086908162
copyissue-xcode-plugin,2021-07-17T05:41:06.289Z,0,0,0,0,0,0,0,0,0,0,0,0,0,0,0,0,0,0.0,0.0,0.0,0.0,0.0,inf,0.0,0.0,0.0,0.0,-0.43923667182883946,-0.5455416726979211,-0.10630500086908162
sharpetronics,2023-04-19T22:40:53.353Z,0,0,0,0,0,0,0,0,0,0,0,0,0,0,0,0,0,0.0,0.0,0.0,0.0,0.0,inf,0.0,0.0,0.0,0.0,-0.43923667182883946,-0.5455416726979211,-0.10630500086908162
sharpetronics,2023-04-19T22:40:53.353Z,0,0,0,0,0,0,0,0,0,0,0,0,0,0,0,0,0,0.0,0.0,0.0,0.0,0.0,inf,0.0,0.0,0.0,0.0,-0.43923667182883946,-0.5455416726979211,-0.10630500086908162
nest-cloud,2020-02-22T23:12:07.968Z,0,0,0,0,0,0,0,0,0,0,0,0,0,0,0,0,0,0.0,0.0,0.0,0.0,0.0,inf,0.0,0.0,0.0,0.0,-0.43923667182883946,-0.5455416726979211,-0.10630500086908162
schemathesis,2021-04-01T11:08:47.672Z,0,0,0,0,0,0,0,0,0,0,0,0,0,0,0,0,0,0.0,0.0,0.0,0.0,0.0,inf,0.0,0.0,0.0,0.0,-0.43923667182883946,-0.5455416726979211,-0.10630500086908162
tysimulator,2021-07-13T00:06:54.476Z,0,0,0,0,0,0,0,0,0,0,0,0,0,0,0,0,0,0.0,0.0,0.0,0.0,0.0,inf,0.0,0.0,0.0,0.0,-0.43923667182883946,-0.5455416726979211,-0.10630500086908162
go-admin,2021-01-26T04:08:23.268Z,0,0,0,0,0,0,0,0,0,0,0,0,0,0,0,0,0,0.0,0.0,0.0,0.0,0.0,inf,0.0,0.0,0.0,0.0,-0.43923667182883946,-0.5455416726979211,-0.10630500086908162
openshelter,2023-08-15T18:55:16.881Z,0,0,0,0,0,0,0,0,4,0,0,0,0,0,0,0,0,0.0,0.0,0.0,0.0,0.0,inf,0.0,0.0,0.0,0.0,-0.43923667182883946,-0.5455416726979211,-0.10630500086908162
vajrahackingasdfg,2021-03-15T18:32:33.161Z,0,0,0,0,0,0,0,0,0,0,0,0,0,0,0,0,0,0.0,0.0,0.0,0.0,0.0,inf,0.0,0.0,0.0,0.0,-0.43923667182883946,-0.5455416726979211,-0.10630500086908162
logseq,2020-09-22T11:25:49.718Z,0,0,0,0,0,0,0,0,0,0,0,0,0,0,0,0,0,0.0,0.0,0.0,0.0,0.0,inf,0.0,0.0,0.0,0.0,-0.43923667182883946,-0.5455416726979211,-0.10630500086908162
codingcoach-io,2023-08-02T12:06:16.462Z,0,0,0,0,0,0,0,0,0,0,0,0,0,0,0,0,0,0.0,0.0,0.0,0.0,0.0,inf,0.0,0.0,0.0,0.0,-0.43923667182883946,-0.5455416726979211,-0.10630500086908162
create-react-app,2019-08-12T09:36:37.398Z,0,0,0,0,0,0,0,0,0,0,0,0,0,0,0,0,0,0.0,0.0,0.0,0.0,0.0,inf,0.0,0.0,0.0,0.0,-0.43923667182883946,-0.5455416726979211,-0.10630500086908162
censusreporter,2021-01-29T20:39:47.184Z,0,0,0,0,0,0,0,0,0,0,0,0,0,0,0,0,0,0.0,0.0,0.0,0.0,0.0,inf,0.0,0.0,0.0,0.0,-0.43923667182883946,-0.5455416726979211,-0.10630500086908162
marktext,2018-05-08T18:24:53.865Z,0,0,0,0,0,0,0,0,0,0,0,0,0,0,0,0,0,0.0,0.0,0.0,0.0,0.0,inf,0.0,0.0,0.0,0.0,-0.43923667182883946,-0.5455416726979211,-0.10630500086908162
tabler,2018-08-29T22:57:31.821Z,0,0,0,0,0,0,0,0,0,0,0,0,0,0,0,0,0,0.0,0.0,0.0,0.0,0.0,inf,0.0,0.0,0.0,0.0,-0.43923667182883946,-0.5455416726979211,-0.10630500086908162
quicksilver,2022-02-01T03:27:21.249Z,0,0,0,0,0,0,0,0,0,0,0,0,0,0,0,0,0,0.0,0.0,0.0,0.0,0.0,inf,0.0,0.0,0.0,0.0,-0.43923667182883946,-0.5455416726979211,-0.10630500086908162
nvim-treesitter,2021-07-06T16:53:02.962Z,0,0,0,0,0,0,0,0,0,0,0,0,0,0,0,0,0,0.0,0.0,0.0,0.0,0.0,inf,0.0,0.0,0.0,0.0,-0.43923667182883946,-0.5455416726979211,-0.10630500086908162
fossbilling,2022-05-23T19:17:16.885Z,0,0,0,0,0,0,0,0,0,0,0,0,0,0,0,0,0,0.0,0.0,0.0,0.0,0.0,inf,0.0,0.0,0.0,0.0,-0.43923667182883946,-0.5455416726979211,-0.10630500086908162
hoppscotch,2019-10-14T16:13:59.176Z,0,0,0,0,0,0,0,0,0,0,0,0,0,0,0,0,0,0.0,0.0,0.0,0.0,0.0,inf,0.0,0.0,0.0,0.0,-0.43923667182883946,-0.5455416726979211,-0.10630500086908162
wp-graphql,2019-03-28T18:45:27.637Z,0,0,0,0,0,0,0,0,0,0,0,0,0,0,0,0,0,0.0,0.0,0.0,0.0,0.0,inf,0.0,0.0,0.0,0.0,-0.43923667182883946,-0.5455416726979211,-0.10630500086908162
bcneng,2022-04-06T12:13:52.711Z,0,0,0,0,0,0,0,0,0,0,0,0,0,0,0,0,0,0.0,0.0,0.0,0.0,0.0,inf,0.0,0.0,0.0,0.0,-0.43923667182883946,-0.5455416726979211,-0.10630500086908162
selenium,2023-09-12T17:47:37.067Z,0,0,0,0,0,0,0,0,0,0,0,0,0,0,0,0,0,0.0,0.0,0.0,0.0,0.0,inf,0.0,0.0,0.0,0.0,-0.43923667182883946,-0.5455416726979211,-0.10630500086908162
ngxs,2018-04-08T02:12:47.664Z,0,0,0,0,0,0,0,0,0,0,0,0,0,0,0,0,0,0.0,0.0,0.0,0.0,0.0,inf,0.0,0.0,0.0,0.0,-0.43923667182883946,-0.5455416726979211,-0.10630500086908162
nusmods,2018-08-26T17:50:14.028Z,0,0,0,0,0,0,0,0,0,0,0,0,0,0,0,0,0,0.0,0.0,0.0,0.0,0.0,inf,0.0,0.0,0.0,0.0,-0.43923667182883946,-0.5455416726979211,-0.10630500086908162
lfortran,2022-04-05T20:08:53.196Z,0,0,0,0,0,0,0,0,0,0,0,0,0,0,0,0,0,0.0,0.0,0.0,0.0,0.0,inf,0.0,0.0,0.0,0.0,-0.43923667182883946,-0.5455416726979211,-0.10630500086908162
starship,2020-02-28T10:42:21.362Z,0,0,0,0,0,0,0,0,0,0,0,0,0,0,0,0,0,0.0,0.0,0.0,0.0,0.0,inf,0.0,0.0,0.0,0.0,-0.43923667182883946,-0.5455416726979211,-0.10630500086908162
emberjs,2020-01-07T01:08:54.734Z,0,0,0,0,0,0,0,0,0,0,0,0,0,0,0,0,0,0.0,0.0,0.0,0.0,0.0,inf,0.0,0.0,0.0,0.0,-0.43923667182883946,-0.5455416726979211,-0.10630500086908162
zulip,2019-03-24T03:00:06.127Z,0,0,0,0,0,0,0,0,0,0,0,0,0,0,0,0,0,0.0,0.0,0.0,0.0,0.0,inf,0.0,0.0,0.0,0.0,-0.43923667182883946,-0.5455416726979211,-0.10630500086908162
pre-commit,2018-11-02T03:09:53.665Z,0,0,0,0,0,0,0,0,0,0,0,0,0,0,0,0,0,0.0,0.0,0.0,0.0,0.0,inf,0.0,0.0,0.0,0.0,-0.43923667182883946,-0.5455416726979211,-0.10630500086908162
react-native-iap,2018-08-13T16:14:47.214Z,0,0,0,0,0,0,0,0,0,0,0,0,0,0,0,0,0,0.0,0.0,0.0,0.0,0.0,inf,0.0,0.0,0.0,0.0,-0.43923667182883946,-0.5455416726979211,-0.10630500086908162
zrythm,2020-04-13T13:19:09.046Z,0,0,0,0,0,0,0,0,0,0,0,0,0,0,0,0,0,0.0,0.0,0.0,0.0,0.0,inf,0.0,0.0,0.0,0.0,-0.43923667182883946,-0.5455416726979211,-0.10630500086908162
external-secrets-org,2021-06-30T13:00:56.431Z,0,0,0,0,0,0,0,0,0,0,0,0,0,0,0,0,0,0.0,0.0,0.0,0.0,0.0,inf,0.0,0.0,0.0,0.0,-0.43923667182883946,-0.5455416726979211,-0.10630500086908162
cinny,2021-09-19T18:59:15.653Z,0,0,0,0,0,0,0,0,0,0,0,0,0,0,0,0,0,0.0,0.0,0.0,0.0,0.0,inf,0.0,0.0,0.0,0.0,-0.43923667182883946,-0.5455416726979211,-0.10630500086908162
dearpygui,2021-03-09T01:05:52.668Z,0,0,0,0,0,0,0,0,0,0,0,0,0,0,0,0,0,0.0,0.0,0.0,0.0,0.0,inf,0.0,0.0,0.0,0.0,-0.43923667182883946,-0.5455416726979211,-0.10630500086908162
tsed,2018-03-14T13:56:31.211Z,0,0,0,0,0,0,0,0,0,0,0,0,0,0,0,0,0,0.0,0.0,0.0,0.0,0.0,inf,0.0,0.0,0.0,0.0,-0.43923667182883946,-0.5455416726979211,-0.10630500086908162
supabase-supasquad,2021-06-23T05:00:35.976Z,0,0,0,0,0,0,0,0,0,0,0,0,0,0,0,0,0,0.0,0.0,0.0,0.0,0.0,inf,0.0,0.0,0.0,0.0,-0.43923667182883946,-0.5455416726979211,-0.10630500086908162
tsed,2018-03-14T13:56:31.211Z,0,0,0,0,0,0,0,0,0,0,0,0,0,0,0,0,0,0.0,0.0,0.0,0.0,0.0,inf,0.0,0.0,0.0,0.0,-0.43923667182883946,-0.5455416726979211,-0.10630500086908162
vitest,2023-03-24T16:21:26.270Z,0,0,0,0,0,0,0,0,0,0,0,0,0,0,0,0,0,0.0,0.0,0.0,0.0,0.0,inf,0.0,0.0,0.0,0.0,-0.43923667182883946,-0.5455416726979211,-0.10630500086908162
the-london-django-meetup-group,2018-05-09T10:00:46.742Z,0,0,0,0,0,0,0,0,0,0,0,0,0,0,0,0,0,0.0,0.0,0.0,0.0,0.0,inf,0.0,0.0,0.0,0.0,-0.43923667182883946,-0.5455416726979211,-0.10630500086908162
m68k-llvm-dev,2022-01-14T20:22:30.612Z,0,0,0,0,0,0,0,0,0,0,0,0,0,0,0,0,0,0.0,0.0,0.0,0.0,0.0,inf,0.0,0.0,0.0,0.0,-0.43923667182883946,-0.5455416726979211,-0.10630500086908162
lvgl,2021-02-03T10:36:13.452Z,0,0,0,0,0,0,0,0,0,0,0,0,0,0,0,0,0,0.0,0.0,0.0,0.0,0.0,inf,0.0,0.0,0.0,0.0,-0.43923667182883946,-0.5455416726979211,-0.10630500086908162
julialang,2021-06-15T20:37:53.501Z,0,0,0,0,0,0,0,0,0,0,0,0,0,0,0,0,0,0.0,0.0,0.0,0.0,0.0,inf,0.0,0.0,0.0,0.0,-0.43923667182883946,-0.5455416726979211,-0.10630500086908162
ant-design-vue,2018-09-06T00:41:55.764Z,0,0,0,0,0,0,0,0,0,0,0,0,0,0,0,0,0,0.0,0.0,0.0,0.0,0.0,inf,0.0,0.0,0.0,0.0,-0.43923667182883946,-0.5455416726979211,-0.10630500086908162
merveilles,2020-05-26T18:16:15.729Z,0,0,0,0,0,0,0,0,0,0,0,0,0,0,0,0,0,0.0,0.0,0.0,0.0,0.0,inf,0.0,0.0,0.0,0.0,-0.43923667182883946,-0.5455416726979211,-0.10630500086908162
ant-design,2019-05-03T19:33:11.235Z,0,0,0,0,0,0,0,0,0,0,0,0,0,0,0,0,0,0.0,0.0,0.0,0.0,0.0,inf,0.0,0.0,0.0,0.0,-0.43923667182883946,-0.5455416726979211,-0.10630500086908162
nextauth,2021-07-05T15:57:53.124Z,0,0,0,0,0,0,0,0,0,0,0,0,0,0,0,0,0,0.0,0.0,0.0,0.0,0.0,inf,0.0,0.0,0.0,0.0,-0.43923667182883946,-0.5455416726979211,-0.10630500086908162
altair,2018-04-09T20:55:13.657Z,0,0,0,0,0,0,0,0,0,0,0,0,0,0,0,0,0,0.0,0.0,0.0,0.0,0.0,inf,0.0,0.0,0.0,0.0,-0.43923667182883946,-0.5455416726979211,-0.10630500086908162
task,2018-04-23T15:30:55.969Z,0,0,0,0,0,0,0,0,0,0,0,0,0,0,0,0,0,0.0,0.0,0.0,0.0,0.0,inf,0.0,0.0,0.0,0.0,-0.43923667182883946,-0.5455416726979211,-0.10630500086908162
clojure-lsp,2021-01-10T02:03:17.960Z,0,0,0,0,0,0,0,0,0,0,0,0,0,0,0,0,0,0.0,0.0,0.0,0.0,0.0,inf,0.0,0.0,0.0,0.0,-0.43923667182883946,-0.5455416726979211,-0.10630500086908162
fakerjs,2017-02-22T13:38:55.200Z,0,0,0,0,0,0,0,0,0,0,0,0,0,0,0,0,0,0.0,0.0,0.0,0.0,0.0,inf,0.0,0.0,0.0,0.0,-0.43923667182883946,-0.5455416726979211,-0.10630500086908162
nix-errors-enhancement,2020-03-12T14:42:45.424Z,0,0,0,0,0,0,0,0,3,0,0,0,0,0,0,0,0,0.0,0.0,0.0,0.0,0.0,inf,0.0,0.0,0.0,0.0,-0.43923667182883946,-0.5455416726979211,-0.10630500086908162
react-native-elements,2017-04-16T07:36:50.231Z,0,0,0,0,0,0,0,0,0,0,0,0,0,0,0,0,0,0.0,0.0,0.0,0.0,0.0,inf,0.0,0.0,0.0,0.0,-0.43923667182883946,-0.5455416726979211,-0.10630500086908162
codeceptjs,2020-11-16T13:18:25.237Z,0,0,0,0,0,0,0,0,0,0,0,0,0,0,0,0,0,0.0,0.0,0.0,0.0,0.0,inf,0.0,0.0,0.0,0.0,-0.43923667182883946,-0.5455416726979211,-0.10630500086908162
monnaie-libre,2018-06-13T18:24:34.193Z,0,0,0,0,0,0,0,0,0,0,0,0,0,0,0,0,0,0.0,0.0,0.0,0.0,0.0,inf,0.0,0.0,0.0,0.0,-0.43923667182883946,-0.5455416726979211,-0.10630500086908162
communitybridge,2022-03-08T11:38:57.114Z,0,0,0,0,0,0,0,0,0,0,0,0,0,0,0,0,0,0.0,0.0,0.0,0.0,0.0,inf,0.0,0.0,0.0,0.0,-0.43923667182883946,-0.5455416726979211,-0.10630500086908162
clap,2020-08-14T09:39:33.988Z,0,0,0,0,0,0,0,0,0,0,0,0,0,0,0,0,0,0.0,0.0,0.0,0.0,0.0,inf,0.0,0.0,0.0,0.0,-0.43923667182883946,-0.5455416726979211,-0.10630500086908162
remmina,2021-06-02T23:48:08.795Z,0,0,0,0,0,0,0,0,0,0,0,0,0,0,0,0,0,0.0,0.0,0.0,0.0,0.0,inf,0.0,0.0,0.0,0.0,-0.43923667182883946,-0.5455416726979211,-0.10630500086908162
betterdisplay,2021-10-28T17:10:29.989Z,0,0,0,0,0,0,0,0,0,0,0,0,0,0,0,0,0,0.0,0.0,0.0,0.0,0.0,inf,0.0,0.0,0.0,0.0,-0.43923667182883946,-0.5455416726979211,-0.10630500086908162
sequelize,2021-10-07T19:51:56.840Z,0,0,0,0,0,0,0,0,0,0,0,0,0,0,0,0,0,0.0,0.0,0.0,0.0,0.0,inf,0.0,0.0,0.0,0.0,-0.43923667182883946,-0.5455416726979211,-0.10630500086908162
vite,2023-02-06T02:20:16.680Z,0,0,0,0,0,0,0,0,0,0,0,0,0,0,0,0,0,0.0,0.0,0.0,0.0,0.0,inf,0.0,0.0,0.0,0.0,-0.43923667182883946,-0.5455416726979211,-0.10630500086908162
xmake,2019-09-05T06:58:05.080Z,0,0,0,0,0,0,0,0,0,0,0,0,0,0,0,0,0,0.0,0.0,0.0,0.0,0.0,inf,0.0,0.0,0.0,0.0,-0.43923667182883946,-0.5455416726979211,-0.10630500086908162
cronus,2022-08-10T12:11:17.423Z,0,0,0,0,0,0,0,0,0,0,0,0,0,0,0,0,0,0.0,0.0,0.0,0.0,0.0,inf,0.0,0.0,0.0,0.0,-0.43923667182883946,-0.5455416726979211,-0.10630500086908162
erxes,2018-01-15T22:38:40.546Z,0,0,0,0,0,0,0,0,0,0,0,0,0,0,0,0,0,0.0,0.0,0.0,0.0,0.0,inf,0.0,0.0,0.0,0.0,-0.43923667182883946,-0.5455416726979211,-0.10630500086908162
masscode,2021-04-29T19:08:39.551Z,0,0,0,0,0,0,0,0,0,0,0,0,0,0,0,0,0,0.0,0.0,0.0,0.0,0.0,inf,0.0,0.0,0.0,0.0,-0.43923667182883946,-0.5455416726979211,-0.10630500086908162
independent-solid-test-suite,2021-05-06T10:31:58.632Z,0,0,0,0,0,0,0,0,0,0,0,0,0,0,0,0,0,0.0,0.0,0.0,0.0,0.0,inf,0.0,0.0,0.0,0.0,-0.43923667182883946,-0.5455416726979211,-0.10630500086908162
electron-react-boilerplate-594,2017-05-06T22:25:58.385Z,0,0,0,0,0,0,0,0,0,0,0,0,0,0,0,0,0,0.0,0.0,0.0,0.0,0.0,inf,0.0,0.0,0.0,0.0,-0.43923667182883946,-0.5455416726979211,-0.10630500086908162
dosbox-staging,2021-05-11T21:26:58.073Z,0,0,0,0,0,0,0,0,0,0,0,0,0,0,0,0,0,0.0,0.0,0.0,0.0,0.0,inf,0.0,0.0,0.0,0.0,-0.43923667182883946,-0.5455416726979211,-0.10630500086908162
kcanotify,2019-06-18T16:21:39.570Z,0,0,0,0,0,0,0,0,0,0,0,0,0,0,0,0,0,0.0,0.0,0.0,0.0,0.0,inf,0.0,0.0,0.0,0.0,-0.43923667182883946,-0.5455416726979211,-0.10630500086908162
thelounge,2018-03-26T18:32:27.641Z,0,0,0,0,0,0,0,0,0,0,0,0,0,0,0,0,0,0.0,0.0,0.0,0.0,0.0,inf,0.0,0.0,0.0,0.0,-0.43923667182883946,-0.5455416726979211,-0.10630500086908162
synfig,2020-04-15T21:36:30.861Z,0,0,0,0,0,0,0,0,0,0,0,0,0,0,0,0,0,0.0,0.0,0.0,0.0,0.0,inf,0.0,0.0,0.0,0.0,-0.43923667182883946,-0.5455416726979211,-0.10630500086908162
graphql-net,2020-05-13T23:39:32.988Z,0,0,0,0,0,0,0,0,0,0,0,0,0,0,0,0,0,0.0,0.0,0.0,0.0,0.0,inf,0.0,0.0,0.0,0.0,-0.43923667182883946,-0.5455416726979211,-0.10630500086908162
email-markup-consortium,2022-06-29T16:03:37.062Z,0,0,0,0,0,0,0,0,0,0,0,0,0,0,0,0,0,0.0,0.0,0.0,0.0,0.0,inf,0.0,0.0,0.0,0.0,-0.43923667182883946,-0.5455416726979211,-0.10630500086908162
kornia,2021-05-22T10:17:27.484Z,0,0,0,0,0,0,0,0,0,0,0,0,0,0,0,0,0,0.0,0.0,0.0,0.0,0.0,inf,0.0,0.0,0.0,0.0,-0.43923667182883946,-0.5455416726979211,-0.10630500086908162
phpbb,2023-01-12T22:58:41.661Z,0,0,0,0,0,0,0,0,0,0,0,0,0,0,0,0,0,0.0,0.0,0.0,0.0,0.0,inf,0.0,0.0,0.0,0.0,-0.43923667182883946,-0.5455416726979211,-0.10630500086908162
opendevufcg,2021-02-26T02:39:59.600Z,0,0,0,0,0,0,0,0,0,0,0,0,0,0,0,0,0,0.0,0.0,0.0,0.0,0.0,inf,0.0,0.0,0.0,0.0,-0.43923667182883946,-0.5455416726979211,-0.10630500086908162
swiper,2021-01-29T07:03:01.329Z,0,0,0,0,0,0,0,0,0,0,0,0,0,0,0,0,0,0.0,0.0,0.0,0.0,0.0,inf,0.0,0.0,0.0,0.0,-0.43923667182883946,-0.5455416726979211,-0.10630500086908162
suitecrm,2019-07-09T12:53:56.888Z,0,0,0,0,0,0,0,0,0,0,0,0,0,0,0,0,0,0.0,0.0,0.0,0.0,0.0,inf,0.0,0.0,0.0,0.0,-0.43923667182883946,-0.5455416726979211,-0.10630500086908162
simple-icons,2021-05-08T00:15:16.465Z,0,0,0,0,0,0,0,0,0,0,0,0,0,0,0,0,0,0.0,0.0,0.0,0.0,0.0,inf,0.0,0.0,0.0,0.0,-0.43923667182883946,-0.5455416726979211,-0.10630500086908162
simple-icons,2021-05-08T00:15:16.465Z,0,0,0,0,0,0,0,0,0,0,0,0,0,0,0,0,0,0.0,0.0,0.0,0.0,0.0,inf,0.0,0.0,0.0,0.0,-0.43923667182883946,-0.5455416726979211,-0.10630500086908162
openshopchannel,2022-10-18T17:57:00.775Z,0,0,0,0,0,0,0,0,0,0,0,0,0,0,0,0,0,0.0,0.0,0.0,0.0,0.0,inf,0.0,0.0,0.0,0.0,-0.43923667182883946,-0.5455416726979211,-0.10630500086908162
24pullrequests,2017-07-11T10:12:53.828Z,0,0,0,0,0,0,0,0,0,0,0,0,0,0,0,0,0,0.0,0.0,0.0,0.0,0.0,inf,0.0,0.0,0.0,0.0,-0.43923667182883946,-0.5455416726979211,-0.10630500086908162
matplotlib,2022-04-05T20:09:36.646Z,0,0,0,0,0,0,0,0,0,0,0,0,0,0,0,0,0,0.0,0.0,0.0,0.0,0.0,inf,0.0,0.0,0.0,0.0,-0.43923667182883946,-0.5455416726979211,-0.10630500086908162
babel,2017-04-01T16:52:19.229Z,0,0,0,0,0,0,0,0,0,0,0,0,0,0,0,0,0,0.0,0.0,0.0,0.0,0.0,inf,0.0,0.0,0.0,0.0,-0.43923667182883946,-0.5455416726979211,-0.10630500086908162
embroidermodder,2021-11-05T17:22:04.886Z,0,0,0,0,0,0,0,0,0,0,0,0,0,0,0,0,0,0.0,0.0,0.0,0.0,0.0,inf,0.0,0.0,0.0,0.0,-0.43923667182883946,-0.5455416726979211,-0.10630500086908162
msys2,2022-03-22T08:09:54.212Z,0,0,0,0,0,0,0,0,0,0,0,0,0,0,0,0,0,0.0,0.0,0.0,0.0,0.0,inf,0.0,0.0,0.0,0.0,-0.43923667182883946,-0.5455416726979211,-0.10630500086908162
bokeh,2022-04-05T18:44:21.948Z,0,0,0,0,0,0,0,0,0,0,0,0,0,0,0,0,0,0.0,0.0,0.0,0.0,0.0,inf,0.0,0.0,0.0,0.0,-0.43923667182883946,-0.5455416726979211,-0.10630500086908162
css-doodle,2019-09-05T18:53:57.410Z,0,0,0,0,0,0,0,0,0,0,0,0,0,0,0,0,0,0.0,0.0,0.0,0.0,0.0,inf,0.0,0.0,0.0,0.0,-0.43923667182883946,-0.5455416726979211,-0.10630500086908162
sapphiredev,2021-12-05T21:40:41.936Z,0,0,0,0,0,0,0,0,0,0,0,0,0,0,0,0,0,0.0,0.0,0.0,0.0,0.0,inf,0.0,0.0,0.0,0.0,-0.43923667182883946,-0.5455416726979211,-0.10630500086908162
cboard,2018-02-19T22:04:43.764Z,0,0,0,0,0,0,0,0,0,0,0,0,0,0,0,0,0,0.0,0.0,0.0,0.0,0.0,inf,0.0,0.0,0.0,0.0,-0.43923667182883946,-0.5455416726979211,-0.10630500086908162
homepage,2024-02-04T13:54:25.403Z,0,0,0,0,0,0,0,0,0,0,0,0,0,0,0,0,0,0.0,0.0,0.0,0.0,0.0,inf,0.0,0.0,0.0,0.0,-0.43923667182883946,-0.5455416726979211,-0.10630500086908162
galacean,2021-07-15T06:24:33.904Z,0,0,0,0,0,0,0,0,0,0,0,0,0,0,0,0,0,0.0,0.0,0.0,0.0,0.0,inf,0.0,0.0,0.0,0.0,-0.43923667182883946,-0.5455416726979211,-0.10630500086908162
hardkoded-projects,2019-02-01T22:00:33.572Z,0,0,0,0,0,0,0,0,0,0,0,0,0,0,0,0,0,0.0,0.0,0.0,0.0,0.0,inf,0.0,0.0,0.0,0.0,-0.43923667182883946,-0.5455416726979211,-0.10630500086908162
hardkoded-projects,2019-02-01T22:00:33.572Z,0,0,0,0,0,0,0,0,0,0,0,0,0,0,0,0,0,0.0,0.0,0.0,0.0,0.0,inf,0.0,0.0,0.0,0.0,-0.43923667182883946,-0.5455416726979211,-0.10630500086908162
chatwoot,2021-04-19T10:07:08.051Z,0,0,0,0,0,0,0,0,0,0,0,0,0,0,0,0,0,0.0,0.0,0.0,0.0,0.0,inf,0.0,0.0,0.0,0.0,-0.43923667182883946,-0.5455416726979211,-0.10630500086908162
dbatools,2019-07-09T15:13:59.442Z,0,0,0,0,0,0,0,0,0,0,0,0,0,0,0,0,0,0.0,0.0,0.0,0.0,0.0,inf,0.0,0.0,0.0,0.0,-0.43923667182883946,-0.5455416726979211,-0.10630500086908162
dbatools,2019-07-09T15:13:59.442Z,0,0,0,0,0,0,0,0,0,0,0,0,0,0,0,0,0,0.0,0.0,0.0,0.0,0.0,inf,0.0,0.0,0.0,0.0,-0.43923667182883946,-0.5455416726979211,-0.10630500086908162
modulestf,2019-06-08T14:48:53.633Z,0,0,0,0,0,0,0,0,0,0,0,0,0,0,0,0,0,0.0,0.0,0.0,0.0,0.0,inf,0.0,0.0,0.0,0.0,-0.43923667182883946,-0.5455416726979211,-0.10630500086908162
gdal,2022-04-05T19:42:02.897Z,0,0,0,0,0,0,0,0,0,0,0,0,0,0,0,0,0,0.0,0.0,0.0,0.0,0.0,inf,0.0,0.0,0.0,0.0,-0.43923667182883946,-0.5455416726979211,-0.10630500086908162
vllm,2024-05-01T07:26:22.904Z,0,0,0,0,0,0,0,0,0,0,0,0,0,0,0,0,0,0.0,0.0,0.0,0.0,0.0,inf,0.0,0.0,0.0,0.0,-0.43923667182883946,-0.5455416726979211,-0.10630500086908162
lark,2021-03-23T02:21:36.503Z,0,0,0,0,0,0,0,0,0,0,0,0,0,0,0,0,0,0.0,0.0,0.0,0.0,0.0,inf,0.0,0.0,0.0,0.0,-0.43923667182883946,-0.5455416726979211,-0.10630500086908162
cassowary,2022-02-22T16:30:29.591Z,0,0,0,0,0,0,0,0,0,0,0,0,0,0,0,0,0,0.0,0.0,0.0,0.0,0.0,inf,0.0,0.0,0.0,0.0,-0.43923667182883946,-0.5455416726979211,-0.10630500086908162
pymc,2021-06-14T21:27:30.439Z,0,0,0,0,0,0,0,0,0,0,0,0,0,0,0,0,0,0.0,0.0,0.0,0.0,0.0,inf,0.0,0.0,0.0,0.0,-0.43923667182883946,-0.5455416726979211,-0.10630500086908162
policyengine,2024-03-04T02:37:03.519Z,0,0,0,0,0,0,0,0,0,0,0,0,0,0,0,0,0,0.0,0.0,0.0,0.0,0.0,inf,0.0,0.0,0.0,0.0,-0.43923667182883946,-0.5455416726979211,-0.10630500086908162
translation-plugin,2020-02-18T18:41:53.428Z,0,0,0,0,0,0,0,0,0,0,0,0,0,0,0,0,0,0.0,0.0,0.0,0.0,0.0,inf,0.0,0.0,0.0,0.0,-0.43923667182883946,-0.5455416726979211,-0.10630500086908162
coding-grace,2020-01-17T22:52:58.494Z,0,0,0,0,0,0,0,0,0,0,0,0,0,0,0,0,0,0.0,0.0,0.0,0.0,0.0,inf,0.0,0.0,0.0,0.0,-0.43923667182883946,-0.5455416726979211,-0.10630500086908162
itk,2022-04-11T13:13:02.834Z,0,0,0,0,0,0,0,0,0,0,0,0,0,0,0,0,0,0.0,0.0,0.0,0.0,0.0,inf,0.0,0.0,0.0,0.0,-0.43923667182883946,-0.5455416726979211,-0.10630500086908162
mybb,2018-03-28T21:14:27.996Z,0,0,0,0,0,0,0,0,0,0,0,0,0,0,0,0,0,0.0,0.0,0.0,0.0,0.0,inf,0.0,0.0,0.0,0.0,-0.43923667182883946,-0.5455416726979211,-0.10630500086908162
webrecorder,2022-01-11T02:56:03.970Z,0,0,0,0,0,0,0,0,0,0,0,0,0,0,0,0,0,0.0,0.0,0.0,0.0,0.0,inf,0.0,0.0,0.0,0.0,-0.43923667182883946,-0.5455416726979211,-0.10630500086908162
mybb,2018-03-28T21:14:27.996Z,0,0,0,0,0,0,0,0,0,0,0,0,0,0,0,0,0,0.0,0.0,0.0,0.0,0.0,inf,0.0,0.0,0.0,0.0,-0.43923667182883946,-0.5455416726979211,-0.10630500086908162
kitspace,2019-02-12T20:17:30.972Z,0,0,0,0,0,0,0,0,0,0,0,0,0,0,0,0,0,0.0,0.0,0.0,0.0,0.0,inf,0.0,0.0,0.0,0.0,-0.43923667182883946,-0.5455416726979211,-0.10630500086908162
typedclojure,2020-02-17T15:17:27.042Z,0,0,0,0,0,0,0,0,0,0,0,0,0,0,0,0,0,0.0,0.0,0.0,0.0,0.0,inf,0.0,0.0,0.0,0.0,-0.43923667182883946,-0.5455416726979211,-0.10630500086908162
heroui,2022-02-18T11:57:02.937Z,0,0,0,0,0,0,0,0,0,0,0,0,0,0,0,0,0,0.0,0.0,0.0,0.0,0.0,inf,0.0,0.0,0.0,0.0,-0.43923667182883946,-0.5455416726979211,-0.10630500086908162
element-plus,2020-10-28T12:46:33.634Z,0,0,0,0,0,0,0,0,0,0,0,0,0,0,0,0,0,0.0,0.0,0.0,0.0,0.0,inf,0.0,0.0,0.0,0.0,-0.43923667182883946,-0.5455416726979211,-0.10630500086908162
js-lingui,2018-09-01T08:43:35.132Z,0,0,0,0,0,0,0,0,0,0,0,0,0,0,0,0,0,0.0,0.0,0.0,0.0,0.0,inf,0.0,0.0,0.0,0.0,-0.43923667182883946,-0.5455416726979211,-0.10630500086908162
spacevim,2019-06-14T19:29:28.321Z,0,0,0,0,0,0,0,0,0,0,0,0,0,0,0,0,0,0.0,0.0,0.0,0.0,0.0,inf,0.0,0.0,0.0,0.0,-0.43923667182883946,-0.5455416726979211,-0.10630500086908162
openfl,2019-01-24T00:45:06.656Z,0,0,0,0,0,0,0,0,0,0,0,0,0,0,0,0,0,0.0,0.0,0.0,0.0,0.0,inf,0.0,0.0,0.0,0.0,-0.43923667182883946,-0.5455416726979211,-0.10630500086908162
lando,2019-12-31T16:49:24.544Z,0,0,0,0,0,0,0,0,0,0,0,0,0,0,0,0,0,0.0,0.0,0.0,0.0,0.0,inf,0.0,0.0,0.0,0.0,-0.43923667182883946,-0.5455416726979211,-0.10630500086908162
libretime,2019-08-11T19:42:51.029Z,0,0,0,0,0,0,0,0,0,0,0,0,0,0,0,0,0,0.0,0.0,0.0,0.0,0.0,inf,0.0,0.0,0.0,0.0,-0.43923667182883946,-0.5455416726979211,-0.10630500086908162
numpy,2021-06-14T21:16:20.425Z,0,0,0,0,0,0,0,0,0,0,0,0,0,0,0,0,0,0.0,0.0,0.0,0.0,0.0,inf,0.0,0.0,0.0,0.0,-0.43923667182883946,-0.5455416726979211,-0.10630500086908162
arbor-chat,2021-05-10T02:34:47.850Z,0,0,0,0,0,0,0,0,0,0,0,0,0,0,0,0,0,0.0,0.0,0.0,0.0,0.0,inf,0.0,0.0,0.0,0.0,-0.43923667182883946,-0.5455416726979211,-0.10630500086908162
arbor-chat,2021-05-10T02:34:47.850Z,0,0,0,0,0,0,0,0,0,0,0,0,0,0,0,0,0,0.0,0.0,0.0,0.0,0.0,inf,0.0,0.0,0.0,0.0,-0.43923667182883946,-0.5455416726979211,-0.10630500086908162
tabby,2019-06-01T01:00:37.500Z,0,0,0,0,0,0,0,0,0,0,0,0,0,0,0,0,0,0.0,0.0,0.0,0.0,0.0,inf,0.0,0.0,0.0,0.0,-0.43923667182883946,-0.5455416726979211,-0.10630500086908162
biojulia,2018-02-26T09:51:22.580Z,0,0,0,0,0,0,0,0,0,0,0,0,0,0,0,0,0,0.0,0.0,0.0,0.0,0.0,inf,0.0,0.0,0.0,0.0,-0.43923667182883946,-0.5455416726979211,-0.10630500086908162
vueuse,2020-10-31T05:40:21.175Z,0,0,0,0,0,0,0,0,0,0,0,0,0,0,0,0,0,0.0,0.0,0.0,0.0,0.0,inf,0.0,0.0,0.0,0.0,-0.43923667182883946,-0.5455416726979211,-0.10630500086908162
nixos,2019-07-15T20:14:53.300Z,0,0,0,0,0,0,0,0,0,0,0,0,0,0,0,0,0,0.0,0.0,0.0,0.0,0.0,inf,0.0,0.0,0.0,0.0,-0.43923667182883946,-0.5455416726979211,-0.10630500086908162
quasar,2020-04-21T20:01:49.903Z,0,0,0,0,0,0,0,0,0,0,0,0,0,0,0,0,0,0.0,0.0,0.0,0.0,0.0,inf,0.0,0.0,0.0,0.0,-0.43923667182883946,-0.5455416726979211,-0.10630500086908162
tahoe-lafs,2020-06-22T08:22:28.915Z,0,0,0,0,0,0,0,0,0,0,0,0,0,0,0,0,0,0.0,0.0,0.0,0.0,0.0,inf,0.0,0.0,0.0,0.0,-0.43923667182883946,-0.5455416726979211,-0.10630500086908162
nswag,2018-12-16T18:00:50.425Z,0,0,0,0,0,0,0,0,0,0,0,0,0,0,0,0,0,0.0,0.0,0.0,0.0,0.0,inf,0.0,0.0,0.0,0.0,-0.43923667182883946,-0.5455416726979211,-0.10630500086908162
recharts,2020-03-31T20:05:45.645Z,0,0,0,0,0,0,0,0,0,0,0,0,0,0,0,0,0,0.0,0.0,0.0,0.0,0.0,inf,0.0,0.0,0.0,0.0,-0.43923667182883946,-0.5455416726979211,-0.10630500086908162
hiddify,2023-02-05T18:53:16.131Z,0,0,0,0,0,0,0,0,0,0,0,0,0,0,0,0,0,0.0,0.0,0.0,0.0,0.0,inf,0.0,0.0,0.0,0.0,-0.43923667182883946,-0.5455416726979211,-0.10630500086908162
pxls,2024-04-19T13:28:41.947Z,0,0,0,0,0,0,0,0,0,0,0,0,0,0,0,0,0,0.0,0.0,0.0,0.0,0.0,inf,0.0,0.0,0.0,0.0,-0.43923667182883946,-0.5455416726979211,-0.10630500086908162
jellyfin,2019-02-07T05:23:11.906Z,0,0,0,0,0,0,0,0,0,0,0,0,0,0,0,0,0,0.0,0.0,0.0,0.0,0.0,inf,0.0,0.0,0.0,0.0,-0.43923667182883946,-0.5455416726979211,-0.10630500086908162
twtxt,2021-02-21T15:47:14.857Z,0,0,0,0,0,0,0,0,0,0,0,0,0,0,0,0,0,0.0,0.0,0.0,0.0,0.0,inf,0.0,0.0,0.0,0.0,-0.43923667182883946,-0.5455416726979211,-0.10630500086908162
randovania,2022-10-17T22:09:32.960Z,0,0,0,0,0,0,0,0,0,0,0,0,0,0,0,0,0,0.0,0.0,0.0,0.0,0.0,inf,0.0,0.0,0.0,0.0,-0.43923667182883946,-0.5455416726979211,-0.10630500086908162
openlayers,2018-11-02T15:48:25.488Z,0,0,0,0,0,0,0,0,0,0,0,0,0,0,0,0,0,0.0,0.0,0.0,0.0,0.0,inf,0.0,0.0,0.0,0.0,-0.43923667182883946,-0.5455416726979211,-0.10630500086908162
infyomlabs,2019-11-16T12:20:27.644Z,0,0,0,0,0,0,0,0,0,0,0,0,0,0,0,0,0,0.0,0.0,0.0,0.0,0.0,inf,0.0,0.0,0.0,0.0,-0.43923667182883946,-0.5455416726979211,-0.10630500086908162
typescript-eslint,2019-08-05T17:00:01.575Z,0,0,0,0,0,0,0,0,0,0,0,0,0,0,0,0,0,0.0,0.0,0.0,0.0,0.0,inf,0.0,0.0,0.0,0.0,-0.43923667182883946,-0.5455416726979211,-0.10630500086908162
wikijs,2017-10-05T09:09:44.735Z,0,0,0,0,0,0,0,0,0,0,0,0,0,0,0,0,0,0.0,0.0,0.0,0.0,0.0,inf,0.0,0.0,0.0,0.0,-0.43923667182883946,-0.5455416726979211,-0.10630500086908162
homebrew,2021-11-26T03:59:39.023Z,0,0,0,0,0,0,0,0,0,0,0,0,0,0,0,0,0,0.0,0.0,0.0,0.0,0.0,inf,0.0,0.0,0.0,0.0,-0.43923667182883946,-0.5455416726979211,-0.10630500086908162
friends-of-groovy,2019-03-06T06:16:12.803Z,0,0,0,0,0,0,0,0,0,0,0,0,0,0,0,0,0,0.0,0.0,0.0,0.0,0.0,inf,0.0,0.0,0.0,0.0,-0.43923667182883946,-0.5455416726979211,-0.10630500086908162
rubocop,2017-01-06T22:50:13.768Z,0,0,0,0,0,0,0,0,0,0,0,0,0,0,0,0,0,0.0,0.0,0.0,0.0,0.0,inf,0.0,0.0,0.0,0.0,-0.43923667182883946,-0.5455416726979211,-0.10630500086908162
lidarr,2018-05-28T01:49:51.160Z,0,0,0,0,0,0,0,0,0,0,0,0,0,0,0,0,0,0.0,0.0,0.0,0.0,0.0,inf,0.0,0.0,0.0,0.0,-0.43923667182883946,-0.5455416726979211,-0.10630500086908162
excalidraw,2020-01-25T21:16:30.999Z,0,0,0,0,0,0,0,0,0,0,0,0,0,0,0,0,0,0.0,0.0,0.0,0.0,0.0,inf,0.0,0.0,0.0,0.0,-0.43923667182883946,-0.5455416726979211,-0.10630500086908162
rsschool,2019-10-23T10:46:19.733Z,0,0,0,0,0,0,0,0,0,0,0,0,0,0,0,0,0,0.0,0.0,0.0,0.0,0.0,inf,0.0,0.0,0.0,0.0,-0.43923667182883946,-0.5455416726979211,-0.10630500086908162
shields,2017-12-02T10:59:33.896Z,0,0,0,0,0,0,0,0,0,0,0,0,0,0,0,0,0,0.0,0.0,0.0,0.0,0.0,inf,0.0,0.0,0.0,0.0,-0.43923667182883946,-0.5455416726979211,-0.10630500086908162
servo,2024-02-19T18:34:11.841Z,0,0,0,0,0,0,0,0,0,0,0,0,0,0,0,0,0,0.0,0.0,0.0,0.0,0.0,inf,0.0,0.0,0.0,0.0,-0.43923667182883946,-0.5455416726979211,-0.10630500086908162
omnivore,2023-01-02T13:40:52.825Z,0,0,0,0,0,0,0,0,0,0,0,0,0,0,0,0,0,0.0,0.0,0.0,0.0,0.0,inf,0.0,0.0,0.0,0.0,-0.43923667182883946,-0.5455416726979211,-0.10630500086908162
rollup,2018-01-12T01:29:15.038Z,0,0,0,0,0,0,0,0,0,0,0,0,0,0,0,0,0,0.0,0.0,0.0,0.0,0.0,inf,0.0,0.0,0.0,0.0,-0.43923667182883946,-0.5455416726979211,-0.10630500086908162
jekyll,2018-07-31T14:49:15.360Z,0,0,0,0,0,0,0,0,0,0,0,0,0,0,0,0,0,0.0,0.0,0.0,0.0,0.0,inf,0.0,0.0,0.0,0.0,-0.43923667182883946,-0.5455416726979211,-0.10630500086908162
assemblyscript,2018-09-29T21:22:25.797Z,0,0,0,0,0,0,0,0,0,0,0,0,0,0,0,0,0,0.0,0.0,0.0,0.0,0.0,inf,0.0,0.0,0.0,0.0,-0.43923667182883946,-0.5455416726979211,-0.10630500086908162
astrodotbuild,2021-08-14T02:58:28.579Z,0,0,0,0,0,0,0,0,0,0,0,0,0,0,0,0,0,0.0,0.0,0.0,0.0,0.0,inf,0.0,0.0,0.0,0.0,-0.43923667182883946,-0.5455416726979211,-0.10630500086908162
libvips,2019-09-24T14:17:05.236Z,0,0,0,0,0,0,0,0,0,0,0,0,0,0,0,0,0,0.0,0.0,0.0,0.0,0.0,inf,0.0,0.0,0.0,0.0,-0.43923667182883946,-0.5455416726979211,-0.10630500086908162
axios,2021-03-31T20:07:03.371Z,0,0,0,0,0,0,0,0,0,0,0,0,0,0,0,0,0,0.0,0.0,0.0,0.0,0.0,inf,0.0,0.0,0.0,0.0,-0.43923667182883946,-0.5455416726979211,-0.10630500086908162
gotosocial,2022-06-01T19:43:13.733Z,0,0,0,0,0,0,0,0,0,0,0,0,0,0,0,0,0,0.0,0.0,0.0,0.0,0.0,inf,0.0,0.0,0.0,0.0,-0.43923667182883946,-0.5455416726979211,-0.10630500086908162
asciidoctor,2018-04-18T02:05:57.720Z,0,0,0,0,0,0,0,0,0,0,0,0,0,0,0,0,0,0.0,0.0,0.0,0.0,0.0,inf,0.0,0.0,0.0,0.0,-0.43923667182883946,-0.5455416726979211,-0.10630500086908162
phalcon,2017-03-27T19:12:02.048Z,0,0,0,0,0,0,0,0,0,0,0,0,0,0,0,0,0,0.0,0.0,0.0,0.0,0.0,inf,0.0,0.0,0.0,0.0,-0.43923667182883946,-0.5455416726979211,-0.10630500086908162
pnpm,2018-10-12T10:46:19.735Z,0,0,0,0,0,0,0,0,0,0,0,0,0,0,0,0,0,0.0,0.0,0.0,0.0,0.0,inf,0.0,0.0,0.0,0.0,-0.43923667182883946,-0.5455416726979211,-0.10630500086908162
edgetx,2021-11-03T21:38:43.190Z,0,0,0,0,0,0,0,0,0,0,0,0,0,0,0,0,0,0.0,0.0,0.0,0.0,0.0,inf,0.0,0.0,0.0,0.0,-0.43923667182883946,-0.5455416726979211,-0.10630500086908162
octobox,2017-01-16T11:26:19.156Z,0,0,0,0,0,0,0,0,0,0,0,0,0,0,0,0,0,0.0,0.0,0.0,0.0,0.0,inf,0.0,0.0,0.0,0.0,-0.43923667182883946,-0.5455416726979211,-0.10630500086908162
floating-ui,2020-01-08T16:42:33.988Z,0,0,0,0,0,0,0,0,0,0,0,0,0,0,0,0,0,0.0,0.0,0.0,0.0,0.0,inf,0.0,0.0,0.0,0.0,-0.43923667182883946,-0.5455416726979211,-0.10630500086908162
ngrx,2017-07-18T17:14:03.380Z,0,0,0,0,0,0,0,0,0,0,0,0,0,0,0,0,0,0.0,0.0,0.0,0.0,0.0,inf,0.0,0.0,0.0,0.0,-0.43923667182883946,-0.5455416726979211,-0.10630500086908162
grapesjs,2017-10-03T04:04:28.077Z,0,0,0,0,0,0,0,0,0,0,0,0,0,0,0,0,0,0.0,0.0,0.0,0.0,0.0,inf,0.0,0.0,0.0,0.0,-0.43923667182883946,-0.5455416726979211,-0.10630500086908162
openapi_generator,2019-04-09T10:14:07.133Z,0,0,0,0,0,0,0,0,0,0,0,0,0,0,0,0,0,0.0,0.0,0.0,0.0,0.0,inf,0.0,0.0,0.0,0.0,-0.43923667182883946,-0.5455416726979211,-0.10630500086908162
solidus,2019-01-16T16:54:06.547Z,0,0,0,0,0,0,0,0,0,0,0,0,0,0,0,0,0,0.0,0.0,0.0,0.0,0.0,inf,0.0,0.0,0.0,0.0,-0.43923667182883946,-0.5455416726979211,-0.10630500086908162
pixijs,2019-07-17T02:04:20.678Z,0,0,0,0,0,0,0,0,0,0,0,0,0,0,0,0,0,0.0,0.0,0.0,0.0,0.0,inf,0.0,0.0,0.0,0.0,-0.43923667182883946,-0.5455416726979211,-0.10630500086908162
keepassxc,2019-02-09T06:59:27.144Z,0,0,0,0,0,0,0,0,0,0,0,0,0,0,0,0,0,0.0,0.0,0.0,0.0,0.0,inf,0.0,0.0,0.0,0.0,-0.43923667182883946,-0.5455416726979211,-0.10630500086908162
kivy,2018-11-16T15:06:23.355Z,0,0,0,0,0,0,0,0,0,0,0,0,0,0,0,0,0,0.0,0.0,0.0,0.0,0.0,inf,0.0,0.0,0.0,0.0,-0.43923667182883946,-0.5455416726979211,-0.10630500086908162
chakra-ui,2019-10-12T15:26:27.648Z,0,0,0,0,0,0,0,0,0,0,0,0,0,0,0,0,0,0.0,0.0,0.0,0.0,0.0,inf,0.0,0.0,0.0,0.0,-0.43923667182883946,-0.5455416726979211,-0.10630500086908162
vyos,2021-12-30T03:34:31.288Z,0,0,0,0,0,0,0,0,0,0,0,0,0,0,0,0,0,0.0,0.0,0.0,0.0,0.0,inf,0.0,0.0,0.0,0.0,-0.43923667182883946,-0.5455416726979211,-0.10630500086908162
bootstrap-vue,2017-11-13T19:51:05.087Z,0,0,0,0,0,0,0,0,0,0,0,0,0,0,0,0,0,0.0,0.0,0.0,0.0,0.0,inf,0.0,0.0,0.0,0.0,-0.43923667182883946,-0.5455416726979211,-0.10630500086908162
eslint,2019-02-07T00:19:05.154Z,0,0,0,0,0,0,0,0,0,0,0,0,0,0,0,0,0,0.0,0.0,0.0,0.0,0.0,inf,0.0,0.0,0.0,0.0,-0.43923667182883946,-0.5455416726979211,-0.10630500086908162
radarr,2018-03-19T21:56:07.916Z,0,0,0,0,0,0,0,0,0,0,0,0,0,0,0,0,0,0.0,0.0,0.0,0.0,0.0,inf,0.0,0.0,0.0,0.0,-0.43923667182883946,-0.5455416726979211,-0.10630500086908162
streetmix,2016-09-20T15:00:20.116Z,0,0,0,0,0,0,0,0,0,0,0,0,0,0,0,0,0,0.0,0.0,0.0,0.0,0.0,inf,0.0,0.0,0.0,0.0,-0.43923667182883946,-0.5455416726979211,-0.10630500086908162
openaddresses,2020-01-04T16:05:09.586Z,0,0,0,0,0,0,0,0,0,0,0,0,0,0,0,0,0,0.0,0.0,0.0,0.0,0.0,inf,0.0,0.0,0.0,0.0,-0.43923667182883946,-0.5455416726979211,-0.10630500086908162
rust-analyzer,2019-07-02T14:20:06.250Z,0,0,0,0,0,0,0,0,0,0,0,0,0,0,0,0,0,0.0,0.0,0.0,0.0,0.0,inf,0.0,0.0,0.0,0.0,-0.43923667182883946,-0.5455416726979211,-0.10630500086908162
crystal-lang,2018-12-12T22:51:50.801Z,0,0,0,0,0,0,0,0,0,0,0,0,0,0,0,0,0,0.0,0.0,0.0,0.0,0.0,inf,0.0,0.0,0.0,0.0,-0.43923667182883946,-0.5455416726979211,-0.10630500086908162
lucee,2019-02-08T02:20:32.391Z,0,0,0,0,0,0,0,0,0,0,0,0,0,0,0,0,0,0.0,0.0,0.0,0.0,0.0,inf,0.0,0.0,0.0,0.0,-0.43923667182883946,-0.5455416726979211,-0.10630500086908162
cider,2017-01-06T17:52:08.568Z,0,0,0,0,0,0,0,0,0,0,0,0,0,0,0,0,0,0.0,0.0,0.0,0.0,0.0,inf,0.0,0.0,0.0,0.0,-0.43923667182883946,-0.5455416726979211,-0.10630500086908162
cryptpad,2018-07-16T20:32:05.472Z,0,0,0,0,0,0,0,0,0,0,0,0,0,0,0,0,0,0.0,0.0,0.0,0.0,0.0,inf,0.0,0.0,0.0,0.0,-0.43923667182883946,-0.5455416726979211,-0.10630500086908162
prettier,2019-05-23T13:58:43.878Z,0,0,0,0,0,0,0,0,0,0,0,0,0,0,0,0,0,0.0,0.0,0.0,0.0,0.0,inf,0.0,0.0,0.0,0.0,-0.43923667182883946,-0.5455416726979211,-0.10630500086908162
mastodon,2019-01-10T13:27:50.307Z,0,0,0,0,0,0,0,0,0,0,0,0,0,0,0,0,0,0.0,0.0,0.0,0.0,0.0,inf,0.0,0.0,0.0,0.0,-0.43923667182883946,-0.5455416726979211,-0.10630500086908162
curl,2018-04-06T23:05:15.493Z,0,0,0,0,0,0,0,0,0,0,0,0,0,0,0,0,0,0.0,0.0,0.0,0.0,0.0,inf,0.0,0.0,0.0,0.0,-0.43923667182883946,-0.5455416726979211,-0.10630500086908162
stellarium,2019-02-15T13:22:35.119Z,0,0,0,0,0,0,0,0,0,0,0,0,0,0,0,0,0,0.0,0.0,0.0,0.0,0.0,inf,0.0,0.0,0.0,0.0,-0.43923667182883946,-0.5455416726979211,-0.10630500086908162
bootstrap-table,2018-01-15T22:49:33.031Z,0,0,0,0,0,0,0,0,0,0,0,0,0,0,0,0,0,0.0,0.0,0.0,0.0,0.0,inf,0.0,0.0,0.0,0.0,-0.43923667182883946,-0.5455416726979211,-0.10630500086908162
helix-editor,2022-04-26T11:11:18.858Z,0,0,0,0,0,0,0,0,0,0,0,0,0,0,0,0,0,0.0,0.0,0.0,0.0,0.0,inf,0.0,0.0,0.0,0.0,-0.43923667182883946,-0.5455416726979211,-0.10630500086908162
spyder,2017-11-20T22:26:47.756Z,0,0,0,0,0,0,0,0,0,0,0,0,0,0,0,0,0,0.0,0.0,0.0,0.0,0.0,inf,0.0,0.0,0.0,0.0,-0.43923667182883946,-0.5455416726979211,-0.10630500086908162
dokku,2016-06-18T23:18:38.352Z,0,0,0,0,0,0,0,0,0,0,0,0,0,0,0,0,0,0.0,0.0,0.0,0.0,0.0,inf,0.0,0.0,0.0,0.0,-0.43923667182883946,-0.5455416726979211,-0.10630500086908162
vuetify,2018-11-08T00:51:10.929Z,0,0,0,0,0,0,0,0,0,0,0,0,0,0,0,0,0,0.0,0.0,0.0,0.0,0.0,inf,0.0,0.0,0.0,0.0,-0.43923667182883946,-0.5455416726979211,-0.10630500086908162
companion,2018-10-07T13:29:30.331Z,0,0,0,0,0,0,0,0,0,0,0,0,0,0,0,0,0,0.0,0.0,0.0,0.0,0.0,inf,0.0,0.0,0.0,0.0,-0.43923667182883946,-0.5455416726979211,-0.10630500086908162
tusky,2019-02-01T15:06:01.276Z,0,0,0,0,0,0,0,0,0,0,0,0,0,0,0,0,0,0.0,0.0,0.0,0.0,0.0,inf,0.0,0.0,0.0,0.0,-0.43923667182883946,-0.5455416726979211,-0.10630500086908162
typeorm,2017-10-11T20:49:41.659Z,0,0,0,0,0,0,0,0,0,0,0,0,0,0,0,0,0,0.0,0.0,0.0,0.0,0.0,inf,0.0,0.0,0.0,0.0,-0.43923667182883946,-0.5455416726979211,-0.10630500086908162
openipc,2020-03-07T22:34:41.601Z,0,0,0,0,0,0,0,0,0,0,0,0,0,0,0,0,0,0.0,0.0,0.0,0.0,0.0,inf,0.0,0.0,0.0,0.0,-0.43923667182883946,-0.5455416726979211,-0.10630500086908162
neovim,2020-09-14T02:34:22.376Z,0,0,0,0,0,0,0,0,0,0,0,0,0,0,0,0,0,0.0,0.0,0.0,0.0,0.0,inf,0.0,0.0,0.0,0.0,-0.43923667182883946,-0.5455416726979211,-0.10630500086908162
blacksky,2023-08-11T00:00:25.101Z,0,0,0,0,0,0,0,0,0,0,0,0,0,0,0,0,0,0.0,0.0,0.0,0.0,0.0,inf,0.0,0.0,0.0,0.0,-0.43923667182883946,-0.5455416726979211,-0.10630500086908162
opensourcebim,2020-12-29T21:05:11.578Z,0,0,0,0,0,0,0,0,0,0,0,0,0,0,0,0,0,0.0,0.0,0.0,0.0,0.0,inf,0.0,0.0,0.0,0.0,-0.43923667182883946,-0.5455416726979211,-0.10630500086908162
fedibird-infrastructure,2021-06-01T05:17:52.870Z,0,0,0,0,0,0,0,0,0,0,0,0,0,0,0,0,0,0.0,0.0,0.0,0.0,0.0,inf,0.0,0.0,0.0,0.0,-0.43923667182883946,-0.5455416726979211,-0.10630500086908162
cucumber,2017-06-23T12:25:54.126Z,0,0,0,0,0,0,0,0,0,0,0,0,0,0,0,0,0,0.0,0.0,0.0,0.0,0.0,inf,0.0,0.0,0.0,0.0,-0.43923667182883946,-0.5455416726979211,-0.10630500086908162
openmined,2018-06-28T01:34:07.007Z,0,0,0,0,0,0,0,0,0,0,0,0,0,0,0,0,0,0.0,0.0,0.0,0.0,0.0,inf,0.0,0.0,0.0,0.0,-0.43923667182883946,-0.5455416726979211,-0.10630500086908162
prowlarr,2021-05-30T21:18:43.442Z,0,0,0,0,0,0,0,0,0,0,0,0,0,0,0,0,0,0.0,0.0,0.0,0.0,0.0,inf,0.0,0.0,0.0,0.0,-0.43923667182883946,-0.5455416726979211,-0.10630500086908162
mvvmcross,2017-04-25T12:51:57.157Z,0,0,0,0,0,0,0,0,0,0,0,0,0,0,0,0,0,0.0,0.0,0.0,0.0,0.0,inf,0.0,0.0,0.0,0.0,-0.43923667182883946,-0.5455416726979211,-0.10630500086908162
fedibird-project,2021-08-04T04:37:25.759Z,0,0,0,0,0,0,0,0,0,0,0,0,0,0,0,0,0,0.0,0.0,0.0,0.0,0.0,inf,0.0,0.0,0.0,0.0,-0.43923667182883946,-0.5455416726979211,-0.10630500086908162
react-three-fiber,2019-09-12T00:58:24.973Z,0,0,0,0,0,0,0,0,0,0,0,0,0,0,0,0,0,0.0,0.0,0.0,0.0,0.0,inf,0.0,0.0,0.0,0.0,-0.43923667182883946,-0.5455416726979211,-0.10630500086908162
webdriverio,2021-03-23T13:42:03.019Z,0,0,0,0,0,0,0,0,0,0,0,0,0,0,0,0,0,0.0,0.0,0.0,0.0,0.0,inf,0.0,0.0,0.0,0.0,-0.43923667182883946,-0.5455416726979211,-0.10630500086908162
stylelint,2018-04-10T18:55:24.697Z,0,0,0,0,0,0,0,0,0,0,0,0,0,0,0,0,0,0.0,0.0,0.0,0.0,0.0,inf,0.0,0.0,0.0,0.0,-0.43923667182883946,-0.5455416726979211,-0.10630500086908162
thecodebarbarian,2020-11-02T13:34:48.673Z,0,0,0,0,0,0,0,0,0,0,0,0,0,0,0,0,0,0.0,0.0,0.0,0.0,0.0,inf,0.0,0.0,0.0,0.0,-0.43923667182883946,-0.5455416726979211,-0.10630500086908162
ccxt,2018-01-17T20:56:56.622Z,0,0,0,0,0,0,0,0,0,0,0,0,0,0,0,0,0,0.0,0.0,0.0,0.0,0.0,inf,0.0,0.0,0.0,0.0,-0.43923667182883946,-0.5455416726979211,-0.10630500086908162
privacyguides,2019-11-01T01:09:46.232Z,0,0,0,0,0,0,0,0,0,0,0,0,0,0,0,0,0,0.0,0.0,0.0,0.0,0.0,inf,0.0,0.0,0.0,0.0,-0.43923667182883946,-0.5455416726979211,-0.10630500086908162
ariakit,2018-09-24T08:13:46.297Z,0,0,0,0,0,0,0,0,0,0,0,0,0,0,0,0,0,0.0,0.0,0.0,0.0,0.0,inf,0.0,0.0,0.0,0.0,-0.43923667182883946,-0.5455416726979211,-0.10630500086908162
react-router,2019-02-27T21:23:09.508Z,0,0,0,0,0,0,0,0,0,0,0,0,0,0,0,0,0,0.0,0.0,0.0,0.0,0.0,inf,0.0,0.0,0.0,0.0,-0.43923667182883946,-0.5455416726979211,-0.10630500086908162
bookwyrm,2021-02-21T15:56:41.081Z,0,0,0,0,0,0,0,0,0,0,0,0,0,0,0,0,0,0.0,0.0,0.0,0.0,0.0,inf,0.0,0.0,0.0,0.0,-0.43923667182883946,-0.5455416726979211,-0.10630500086908162
tiddlywiki,2021-03-24T15:28:59.649Z,0,0,0,0,0,0,0,0,0,0,0,0,0,0,0,0,0,0.0,0.0,0.0,0.0,0.0,inf,0.0,0.0,0.0,0.0,-0.43923667182883946,-0.5455416726979211,-0.10630500086908162
iosdevspace,2022-11-19T22:54:28.208Z,0,0,0,0,0,0,0,0,0,0,0,0,0,0,0,0,0,0.0,0.0,0.0,0.0,0.0,inf,0.0,0.0,0.0,0.0,-0.43923667182883946,-0.5455416726979211,-0.10630500086908162
pypy,2018-10-29T03:03:46.408Z,0,0,0,0,0,0,0,0,0,0,0,0,0,0,0,0,0,0.0,0.0,0.0,0.0,0.0,inf,0.0,0.0,0.0,0.0,-0.43923667182883946,-0.5455416726979211,-0.10630500086908162
react-pdf,2017-06-06T17:11:19.481Z,0,0,0,0,0,0,0,0,0,0,0,0,0,0,0,0,0,0.0,0.0,0.0,0.0,0.0,inf,0.0,0.0,0.0,0.0,-0.43923667182883946,-0.5455416726979211,-0.10630500086908162
android-password-store,2018-09-01T13:36:30.213Z,0,0,0,0,0,0,0,0,0,0,0,0,0,0,0,0,0,0.0,0.0,0.0,0.0,0.0,inf,0.0,0.0,0.0,0.0,-0.43923667182883946,-0.5455416726979211,-0.10630500086908162
yew,2020-01-11T17:09:35.853Z,0,0,0,0,0,0,0,0,0,0,0,0,0,0,0,0,0,0.0,0.0,0.0,0.0,0.0,inf,0.0,0.0,0.0,0.0,-0.43923667182883946,-0.5455416726979211,-0.10630500086908162
enspiral-europe,2022-10-06T20:25:03.655Z,0,0,0,0,0,0,0,0,0,0,0,0,0,0,0,0,0,0.0,0.0,0.0,0.0,0.0,inf,0.0,0.0,0.0,0.0,-0.43923667182883946,-0.5455416726979211,-0.10630500086908162
ohmyzsh,2020-05-18T02:12:23.021Z,0,0,0,0,0,0,0,0,0,0,0,0,0,0,0,0,0,0.0,0.0,0.0,0.0,0.0,inf,0.0,0.0,0.0,0.0,-0.43923667182883946,-0.5455416726979211,-0.10630500086908162
guppe-groups,2022-11-22T17:39:59.918Z,0,0,0,0,0,0,0,0,0,0,0,0,0,0,0,0,0,0.0,0.0,0.0,0.0,0.0,inf,0.0,0.0,0.0,0.0,-0.43923667182883946,-0.5455416726979211,-0.10630500086908162
strapi,2018-05-25T19:29:12.899Z,0,0,0,0,0,0,0,0,0,0,0,0,0,0,0,0,0,0.0,0.0,0.0,0.0,0.0,inf,0.0,0.0,0.0,0.0,-0.43923667182883946,-0.5455416726979211,-0.10630500086908162
kavita,2021-07-28T05:41:56.753Z,0,0,0,0,0,0,0,0,0,0,0,0,0,0,0,0,0,0.0,0.0,0.0,0.0,0.0,inf,0.0,0.0,0.0,0.0,-0.43923667182883946,-0.5455416726979211,-0.10630500086908162
betonquest,2021-10-17T12:09:05.017Z,0,0,0,0,0,0,0,0,0,0,0,0,0,0,0,0,0,0.0,0.0,0.0,0.0,0.0,inf,0.0,0.0,0.0,0.0,-0.43923667182883946,-0.5455416726979211,-0.10630500086908162
verdaccio,2018-05-03T22:26:59.247Z,0,0,0,0,0,0,0,0,0,0,0,0,0,0,0,0,0,0.0,0.0,0.0,0.0,0.0,inf,0.0,0.0,0.0,0.0,-0.43923667182883946,-0.5455416726979211,-0.10630500086908162
simplex-chat,2021-08-05T19:20:09.888Z,0,0,0,0,0,0,0,0,0,0,0,0,0,0,0,0,0,0.0,0.0,0.0,0.0,0.0,inf,0.0,0.0,0.0,0.0,-0.43923667182883946,-0.5455416726979211,-0.10630500086908162
azuracast,2018-01-25T09:16:38.136Z,0,0,0,0,0,0,0,0,0,0,0,0,0,0,0,0,0,0.0,0.0,0.0,0.0,0.0,inf,0.0,0.0,0.0,0.0,-0.43923667182883946,-0.5455416726979211,-0.10630500086908162
openemr,2017-11-08T13:27:36.785Z,0,0,0,0,0,0,0,0,0,0,0,0,0,0,0,0,0,0.0,0.0,0.0,0.0,0.0,inf,0.0,0.0,0.0,0.0,-0.43923667182883946,-0.5455416726979211,-0.10630500086908162
spotube,2022-03-17T06:43:53.531Z,0,0,0,0,0,0,0,0,0,0,0,0,0,0,0,0,0,0.0,0.0,0.0,0.0,0.0,inf,0.0,0.0,0.0,0.0,-0.43923667182883946,-0.5455416726979211,-0.10630500086908162
uptime-kuma,2021-08-28T19:41:32.486Z,0,0,0,0,0,0,0,0,0,0,0,0,0,0,0,0,0,0.0,0.0,0.0,0.0,0.0,inf,0.0,0.0,0.0,0.0,-0.43923667182883946,-0.5455416726979211,-0.10630500086908162
pytest,2019-07-04T11:04:51.583Z,0,0,0,0,0,0,0,0,0,0,0,0,0,0,0,0,0,0.0,0.0,0.0,0.0,0.0,inf,0.0,0.0,0.0,0.0,-0.43923667182883946,-0.5455416726979211,-0.10630500086908162
mautic,2020-08-14T01:20:26.098Z,0,0,0,0,0,0,0,0,0,0,0,0,0,0,0,0,0,0.0,0.0,0.0,0.0,0.0,inf,0.0,0.0,0.0,0.0,-0.43923667182883946,-0.5455416726979211,-0.10630500086908162
localstack,2017-09-20T20:02:33.664Z,0,0,0,0,0,0,0,0,0,0,0,0,0,0,0,0,0,0.0,0.0,0.0,0.0,0.0,inf,0.0,0.0,0.0,0.0,-0.43923667182883946,-0.5455416726979211,-0.10630500086908162
antennapod,2021-03-07T17:03:34.136Z,0,0,0,0,0,0,0,0,0,0,0,0,0,0,0,0,0,0.0,0.0,0.0,0.0,0.0,inf,0.0,0.0,0.0,0.0,-0.43923667182883946,-0.5455416726979211,-0.10630500086908162
owncast,2021-03-02T16:54:16.622Z,0,0,0,0,0,0,0,0,0,0,0,0,0,0,0,0,0,0.0,0.0,0.0,0.0,0.0,inf,0.0,0.0,0.0,0.0,-0.43923667182883946,-0.5455416726979211,-0.10630500086908162
gitextensions,2018-11-01T14:05:26.056Z,0,0,0,0,0,0,0,0,0,0,0,0,0,0,0,0,0,0.0,0.0,0.0,0.0,0.0,inf,0.0,0.0,0.0,0.0,-0.43923667182883946,-0.5455416726979211,-0.10630500086908162
emacs-lsp,2020-07-07T15:01:03.772Z,0,0,0,0,0,0,0,0,0,0,0,0,0,0,0,0,0,0.0,0.0,0.0,0.0,0.0,inf,0.0,0.0,0.0,0.0,-0.43923667182883946,-0.5455416726979211,-0.10630500086908162
xstate,2018-09-10T16:22:09.123Z,0,0,0,0,0,0,0,0,0,0,0,0,0,0,0,0,0,0.0,0.0,0.0,0.0,0.0,inf,0.0,0.0,0.0,0.0,-0.43923667182883946,-0.5455416726979211,-0.10630500086908162
sindresorhus,2019-03-07T17:40:10.477Z,0,0,0,0,0,0,0,0,0,0,0,0,0,0,0,0,0,0.0,0.0,0.0,0.0,0.0,inf,0.0,0.0,0.0,0.0,-0.43923667182883946,-0.5455416726979211,-0.10630500086908162
celery,2018-04-17T16:47:47.482Z,0,0,0,0,0,0,0,0,0,0,0,0,0,0,0,0,0,0.0,0.0,0.0,0.0,0.0,inf,0.0,0.0,0.0,0.0,-0.43923667182883946,-0.5455416726979211,-0.10630500086908162
intellij-rainbow-brackets,2019-07-18T12:48:38.338Z,0,0,0,0,0,0,0,0,0,0,0,0,0,0,0,0,0,0.0,0.0,0.0,0.0,0.0,inf,0.0,0.0,0.0,0.0,-0.43923667182883946,-0.5455416726979211,-0.10630500086908162
caprover,2019-02-05T06:57:03.983Z,0,0,0,0,0,0,0,0,0,0,0,0,0,0,0,0,0,0.0,0.0,0.0,0.0,0.0,inf,0.0,0.0,0.0,0.0,-0.43923667182883946,-0.5455416726979211,-0.10630500086908162
mixxx,2020-09-22T23:25:19.148Z,0,0,0,0,0,0,0,0,0,0,0,0,0,0,0,0,0,0.0,0.0,0.0,0.0,0.0,inf,0.0,0.0,0.0,0.0,-0.43923667182883946,-0.5455416726979211,-0.10630500086908162
electron,2018-03-22T14:54:51.845Z,0,0,0,0,0,0,0,0,0,0,0,0,0,0,0,0,0,0.0,0.0,0.0,0.0,0.0,inf,0.0,0.0,0.0,0.0,-0.43923667182883946,-0.5455416726979211,-0.10630500086908162
freecad,2022-04-04T05:58:01.448Z,0,0,0,0,0,0,0,0,0,0,0,0,0,0,0,0,0,0.0,0.0,0.0,0.0,0.0,inf,0.0,0.0,0.0,0.0,-0.43923667182883946,-0.5455416726979211,-0.10630500086908162
editorjs,2019-04-02T11:12:39.189Z,0,0,0,0,0,0,0,0,0,0,0,0,0,0,0,0,0,0.0,0.0,0.0,0.0,0.0,inf,0.0,0.0,0.0,0.0,-0.43923667182883946,-0.5455416726979211,-0.10630500086908162
ancientbeast,2019-12-06T21:57:36.039Z,0,0,0,0,0,0,0,0,0,0,0,0,0,0,0,0,0,0.0,0.0,0.0,0.0,0.0,inf,0.0,0.0,0.0,0.0,-0.43923667182883946,-0.5455416726979211,-0.10630500086908162
openscad,2021-01-31T21:39:38.291Z,0,0,0,0,0,0,0,0,0,0,0,0,0,0,0,0,0,0.0,0.0,0.0,0.0,0.0,inf,0.0,0.0,0.0,0.0,-0.43923667182883946,-0.5455416726979211,-0.10630500086908162
hledger,2017-01-20T19:21:45.076Z,0,0,0,0,0,0,0,0,0,0,0,0,0,0,0,0,0,0.0,0.0,0.0,0.0,0.0,inf,0.0,0.0,0.0,0.0,-0.43923667182883946,-0.5455416726979211,-0.10630500086908162
reactiveui,2017-03-21T19:08:37.547Z,0,0,0,0,0,0,0,0,0,0,0,0,0,0,0,0,0,0.0,0.0,0.0,0.0,0.0,inf,0.0,0.0,0.0,0.0,-0.43923667182883946,-0.5455416726979211,-0.10630500086908162
reactiveui,2017-03-21T19:08:37.547Z,0,0,0,0,0,0,0,0,0,0,0,0,0,0,0,0,0,0.0,0.0,0.0,0.0,0.0,inf,0.0,0.0,0.0,0.0,-0.43923667182883946,-0.5455416726979211,-0.10630500086908162
web-scrobbler,2022-04-01T23:14:22.198Z,0,0,0,0,0,0,0,0,0,0,0,0,0,0,0,0,0,0.0,0.0,0.0,0.0,0.0,inf,0.0,0.0,0.0,0.0,-0.43923667182883946,-0.5455416726979211,-0.10630500086908162
goreleaser,2018-02-20T15:54:04.885Z,0,0,0,0,0,0,0,0,0,0,0,0,0,0,0,0,0,0.0,0.0,0.0,0.0,0.0,inf,0.0,0.0,0.0,0.0,-0.43923667182883946,-0.5455416726979211,-0.10630500086908162
spec,2020-06-16T15:37:43.078Z,0,0,0,0,0,0,0,0,0,0,0,0,0,0,0,0,0,0.0,0.0,0.0,0.0,0.0,inf,0.0,0.0,0.0,0.0,-0.43923667182883946,-0.5455416726979211,-0.10630500086908162
warzone2100,2021-07-27T22:22:39.357Z,0,0,0,0,0,0,0,0,0,0,0,0,0,0,0,0,0,0.0,0.0,0.0,0.0,0.0,inf,0.0,0.0,0.0,0.0,-0.43923667182883946,-0.5455416726979211,-0.10630500086908162
xgboost,2019-03-04T22:36:17.327Z,0,0,0,0,0,0,0,0,0,0,0,0,0,0,0,0,0,0.0,0.0,0.0,0.0,0.0,inf,0.0,0.0,0.0,0.0,-0.43923667182883946,-0.5455416726979211,-0.10630500086908162
mudblazor,2020-11-12T21:16:48.785Z,0,0,0,0,0,0,0,0,0,0,0,0,0,0,0,0,0,0.0,0.0,0.0,0.0,0.0,inf,0.0,0.0,0.0,0.0,-0.43923667182883946,-0.5455416726979211,-0.10630500086908162
react-hook-form,2019-09-23T19:35:01.451Z,0,0,0,0,0,0,0,0,0,0,0,0,0,0,0,0,0,0.0,0.0,0.0,0.0,0.0,inf,0.0,0.0,0.0,0.0,-0.43923667182883946,-0.5455416726979211,-0.10630500086908162
signalk,2021-12-11T08:45:45.802Z,0,0,0,0,0,0,0,0,0,0,0,0,0,0,0,0,0,0.0,0.0,0.0,0.0,0.0,inf,0.0,0.0,0.0,0.0,-0.43923667182883946,-0.5455416726979211,-0.10630500086908162
readarr,2020-05-31T18:48:40.076Z,0,0,0,0,0,0,0,0,0,0,0,0,0,0,0,0,0,0.0,0.0,0.0,0.0,0.0,inf,0.0,0.0,0.0,0.0,-0.43923667182883946,-0.5455416726979211,-0.10630500086908162
scipy,2022-04-05T20:39:19.137Z,0,0,0,0,0,0,0,0,0,0,0,0,0,0,0,0,0,0.0,0.0,0.0,0.0,0.0,inf,0.0,0.0,0.0,0.0,-0.43923667182883946,-0.5455416726979211,-0.10630500086908162
playframework,2021-11-08T21:38:39.747Z,0,0,0,0,0,0,0,0,0,0,0,0,0,0,0,0,0,0.0,0.0,0.0,0.0,0.0,inf,0.0,0.0,0.0,0.0,-0.43923667182883946,-0.5455416726979211,-0.10630500086908162
spire,2021-05-24T15:24:18.865Z,0,0,0,0,0,0,0,0,0,0,0,0,0,0,0,0,0,0.0,0.0,0.0,0.0,0.0,inf,0.0,0.0,0.0,0.0,-0.43923667182883946,-0.5455416726979211,-0.10630500086908162
slideshowp2,2019-11-13T08:08:16.302Z,0,0,0,0,0,0,0,0,0,0,0,0,0,0,0,0,0,0.0,0.0,0.0,0.0,0.0,inf,0.0,0.0,0.0,0.0,-0.43923667182883946,-0.5455416726979211,-0.10630500086908162
the-katzenpost-software-project,2019-02-18T14:54:26.400Z,0,0,0,0,0,0,0,0,0,0,0,0,0,0,0,0,0,0.0,0.0,0.0,0.0,0.0,inf,0.0,0.0,0.0,0.0,-0.43923667182883946,-0.5455416726979211,-0.10630500086908162
organilab,2024-08-02T14:24:35.371Z,0,0,0,0,0,0,0,0,0,0,0,0,0,0,0,0,0,0.0,0.0,0.0,0.0,0.0,inf,0.0,0.0,0.0,0.0,-0.43923667182883946,-0.5455416726979211,-0.10630500086908162
wemake-python-styleguide,2019-07-04T12:36:55.325Z,0,0,0,0,0,0,0,0,0,0,0,0,0,0,0,0,0,0.0,0.0,0.0,0.0,0.0,inf,0.0,0.0,0.0,0.0,-0.43923667182883946,-0.5455416726979211,-0.10630500086908162
open-chemistry,2018-12-21T14:35:14.711Z,0,0,0,0,0,0,0,0,0,0,0,0,0,0,0,0,0,0.0,0.0,0.0,0.0,0.0,inf,0.0,0.0,0.0,0.0,-0.43923667182883946,-0.5455416726979211,-0.10630500086908162
raspbernetes,2020-08-03T00:50:28.876Z,0,0,0,0,0,0,0,0,0,0,0,0,0,0,0,0,0,0.0,0.0,0.0,0.0,0.0,inf,0.0,0.0,0.0,0.0,-0.43923667182883946,-0.5455416726979211,-0.10630500086908162
open-chemistry,2018-12-21T14:35:14.711Z,0,0,0,0,0,0,0,0,0,0,0,0,0,0,0,0,0,0.0,0.0,0.0,0.0,0.0,inf,0.0,0.0,0.0,0.0,-0.43923667182883946,-0.5455416726979211,-0.10630500086908162
sepheocoop,2024-09-17T15:50:58.756Z,0,0,0,0,0,0,0,0,0,0,0,0,0,0,0,0,0,0.0,0.0,0.0,0.0,0.0,inf,0.0,0.0,0.0,0.0,-0.43923667182883946,-0.5455416726979211,-0.10630500086908162
googlecl,2021-07-06T19:55:29.008Z,0,0,0,0,0,0,0,0,0,0,0,0,0,0,0,0,0,0.0,0.0,0.0,0.0,0.0,inf,0.0,0.0,0.0,0.0,-0.43923667182883946,-0.5455416726979211,-0.10630500086908162
respec,2019-09-15T01:45:58.876Z,0,0,0,0,0,0,0,0,0,0,0,0,0,0,0,0,0,0.0,0.0,0.0,0.0,0.0,inf,0.0,0.0,0.0,0.0,-0.43923667182883946,-0.5455416726979211,-0.10630500086908162
ant-design-blazor,2020-03-29T16:33:58.442Z,0,0,0,0,0,0,0,0,0,0,0,0,0,0,0,0,0,0.0,0.0,0.0,0.0,0.0,inf,0.0,0.0,0.0,0.0,-0.43923667182883946,-0.5455416726979211,-0.10630500086908162
ant-design-blazor,2020-03-29T16:33:58.442Z,0,0,0,0,0,0,0,0,0,0,0,0,0,0,0,0,0,0.0,0.0,0.0,0.0,0.0,inf,0.0,0.0,0.0,0.0,-0.43923667182883946,-0.5455416726979211,-0.10630500086908162
simply,2022-02-17T05:54:27.338Z,0,0,0,0,0,0,0,0,0,0,0,0,0,0,0,0,0,0.0,0.0,0.0,0.0,0.0,inf,0.0,0.0,0.0,0.0,-0.43923667182883946,-0.5455416726979211,-0.10630500086908162
mudlet,2023-04-04T18:16:26.462Z,0,0,0,0,0,0,0,0,0,0,0,0,0,0,0,0,0,0.0,0.0,0.0,0.0,0.0,inf,0.0,0.0,0.0,0.0,-0.43923667182883946,-0.5455416726979211,-0.10630500086908162
memos,2023-03-08T17:50:25.661Z,0,0,0,0,0,0,0,0,0,0,0,0,0,0,0,0,0,0.0,0.0,0.0,0.0,0.0,inf,0.0,0.0,0.0,0.0,-0.43923667182883946,-0.5455416726979211,-0.10630500086908162
simply,2022-02-17T05:54:27.338Z,0,0,0,0,0,0,0,0,0,0,0,0,0,0,0,0,0,0.0,0.0,0.0,0.0,0.0,inf,0.0,0.0,0.0,0.0,-0.43923667182883946,-0.5455416726979211,-0.10630500086908162
raspbernetes,2020-08-03T00:50:28.876Z,0,0,0,0,0,0,0,0,0,0,0,0,0,0,0,0,0,0.0,0.0,0.0,0.0,0.0,inf,0.0,0.0,0.0,0.0,-0.43923667182883946,-0.5455416726979211,-0.10630500086908162
mariadb4j,2023-05-11T15:05:14.870Z,0,0,0,0,0,0,0,0,0,0,0,0,0,0,0,0,0,0.0,0.0,0.0,0.0,0.0,inf,0.0,0.0,0.0,0.0,-0.43923667182883946,-0.5455416726979211,-0.10630500086908162
kstatemachine,2024-07-05T10:06:28.146Z,0,0,0,0,0,0,0,0,0,0,0,0,0,0,0,0,0,0.0,0.0,0.0,0.0,0.0,inf,0.0,0.0,0.0,0.0,-0.43923667182883946,-0.5455416726979211,-0.10630500086908162
php-service-bus,2019-08-02T19:50:14.265Z,0,0,0,0,0,0,0,0,0,0,0,0,0,0,0,0,0,0.0,0.0,0.0,0.0,0.0,inf,0.0,0.0,0.0,0.0,-0.43923667182883946,-0.5455416726979211,-0.10630500086908162
php-service-bus,2019-08-02T19:50:14.265Z,0,0,0,0,0,0,0,0,0,0,0,0,0,0,0,0,0,0.0,0.0,0.0,0.0,0.0,inf,0.0,0.0,0.0,0.0,-0.43923667182883946,-0.5455416726979211,-0.10630500086908162
otree,2023-01-07T22:50:12.889Z,0,0,0,0,0,0,0,0,0,0,0,0,0,0,0,0,0,0.0,0.0,0.0,0.0,0.0,inf,0.0,0.0,0.0,0.0,-0.43923667182883946,-0.5455416726979211,-0.10630500086908162
wemake-python-styleguide,2019-07-04T12:36:55.325Z,0,0,0,0,0,0,0,0,0,0,0,0,0,0,0,0,0,0.0,0.0,0.0,0.0,0.0,inf,0.0,0.0,0.0,0.0,-0.43923667182883946,-0.5455416726979211,-0.10630500086908162
games-on-whales,2024-06-13T01:59:31.511Z,0,0,0,0,0,0,0,0,0,0,0,0,0,0,0,0,0,0.0,0.0,0.0,0.0,0.0,inf,0.0,0.0,0.0,0.0,-0.43923667182883946,-0.5455416726979211,-0.10630500086908162
react-ace,2017-05-26T19:00:58.820Z,0,0,0,0,0,0,0,0,0,0,0,0,0,0,0,0,0,0.0,0.0,0.0,0.0,0.0,inf,0.0,0.0,0.0,0.0,-0.43923667182883946,-0.5455416726979211,-0.10630500086908162
ohmyform-sustainability,2020-06-16T07:34:54.714Z,0,0,0,0,0,0,0,0,0,0,0,0,0,0,0,0,0,0.0,0.0,0.0,0.0,0.0,inf,0.0,0.0,0.0,0.0,-0.43923667182883946,-0.5455416726979211,-0.10630500086908162
astropy,2022-04-05T17:27:59.759Z,0,0,0,0,0,0,0,0,0,0,0,0,0,0,0,0,0,0.0,0.0,0.0,0.0,0.0,inf,0.0,0.0,0.0,0.0,-0.43923667182883946,-0.5455416726979211,-0.10630500086908162
rwf2,2022-06-21T22:30:48.245Z,0,0,0,0,0,0,0,0,0,0,0,0,0,0,0,0,0,0.0,0.0,0.0,0.0,0.0,inf,0.0,0.0,0.0,0.0,-0.43923667182883946,-0.5455416726979211,-0.10630500086908162
ng-web-apis,2021-07-13T16:03:22.564Z,0,0,0,0,0,0,0,0,0,0,0,0,0,0,0,0,0,0.0,0.0,0.0,0.0,0.0,inf,0.0,0.0,0.0,0.0,-0.43923667182883946,-0.5455416726979211,-0.10630500086908162
africarxiv,2020-02-15T22:00:19.355Z,0,0,0,0,0,0,0,0,0,0,0,0,0,0,0,0,0,0.0,0.0,0.0,0.0,0.0,inf,0.0,0.0,0.0,0.0,-0.43923667182883946,-0.5455416726979211,-0.10630500086908162
rekit,2020-07-01T04:26:59.983Z,0,0,0,0,0,0,0,0,0,0,0,0,0,0,0,0,0,0.0,0.0,0.0,0.0,0.0,inf,0.0,0.0,0.0,0.0,-0.43923667182883946,-0.5455416726979211,-0.10630500086908162
africarxiv,2020-02-15T22:00:19.355Z,0,0,0,0,0,0,0,0,0,0,0,0,0,0,0,0,0,0.0,0.0,0.0,0.0,0.0,inf,0.0,0.0,0.0,0.0,-0.43923667182883946,-0.5455416726979211,-0.10630500086908162
the-katzenpost-software-project,2019-02-18T14:54:26.400Z,0,0,0,0,0,0,0,0,0,0,0,0,0,0,0,0,0,0.0,0.0,0.0,0.0,0.0,inf,0.0,0.0,0.0,0.0,-0.43923667182883946,-0.5455416726979211,-0.10630500086908162
generator-jhipster,2017-12-04T17:37:57.900Z,0,0,0,0,0,0,0,0,0,0,0,0,0,0,0,0,0,0.0,0.0,0.0,0.0,0.0,inf,0.0,0.0,0.0,0.0,-0.43923667182883946,-0.5455416726979211,-0.10630500086908162
pep8speaks,2021-06-15T04:15:40.695Z,0,0,0,0,0,0,0,0,0,0,0,0,0,0,0,0,0,0.0,0.0,0.0,0.0,0.0,inf,0.0,0.0,0.0,0.0,-0.43923667182883946,-0.5455416726979211,-0.10630500086908162
vuepress-theme-hope,2021-09-13T00:38:32.733Z,0,0,0,0,0,0,0,0,0,0,0,0,0,0,0,0,0,0.0,0.0,0.0,0.0,0.0,inf,0.0,0.0,0.0,0.0,-0.43923667182883946,-0.5455416726979211,-0.10630500086908162
ohmyform-sustainability,2020-06-16T07:34:54.714Z,0,0,0,0,0,0,0,0,0,0,0,0,0,0,0,0,0,0.0,0.0,0.0,0.0,0.0,inf,0.0,0.0,0.0,0.0,-0.43923667182883946,-0.5455416726979211,-0.10630500086908162
vuepress-theme-hope,2021-09-13T00:38:32.733Z,0,0,0,0,0,0,0,0,0,0,0,0,0,0,0,0,0,0.0,0.0,0.0,0.0,0.0,inf,0.0,0.0,0.0,0.0,-0.43923667182883946,-0.5455416726979211,-0.10630500086908162
selenium-jupiter,2019-09-16T17:47:57.584Z,0,0,0,0,0,0,0,0,0,0,0,0,0,0,0,0,0,0.0,0.0,0.0,0.0,0.0,inf,0.0,0.0,0.0,0.0,-0.43923667182883946,-0.5455416726979211,-0.10630500086908162
yii2-widgets,2020-12-16T00:13:42.418Z,0,0,0,0,0,0,0,0,0,0,0,0,0,0,0,0,0,0.0,0.0,0.0,0.0,0.0,inf,0.0,0.0,0.0,0.0,-0.43923667182883946,-0.5455416726979211,-0.10630500086908162
yii2-widgets,2020-12-16T00:13:42.418Z,0,0,0,0,0,0,0,0,0,0,0,0,0,0,0,0,0,0.0,0.0,0.0,0.0,0.0,inf,0.0,0.0,0.0,0.0,-0.43923667182883946,-0.5455416726979211,-0.10630500086908162
sophox,2022-12-01T01:43:20.448Z,0,0,0,0,0,0,0,0,0,0,0,0,0,0,0,0,0,0.0,0.0,0.0,0.0,0.0,inf,0.0,0.0,0.0,0.0,-0.43923667182883946,-0.5455416726979211,-0.10630500086908162
nodeca,2022-07-12T13:49:40.460Z,0,0,0,0,0,0,0,0,0,0,0,0,0,0,0,0,0,0.0,0.0,0.0,0.0,0.0,inf,0.0,0.0,0.0,0.0,-0.43923667182883946,-0.5455416726979211,-0.10630500086908162
pyrogram,2021-10-15T06:14:24.667Z,0,0,0,0,0,0,0,0,0,0,0,0,0,0,0,0,0,0.0,0.0,0.0,0.0,0.0,inf,0.0,0.0,0.0,0.0,-0.43923667182883946,-0.5455416726979211,-0.10630500086908162
jailer,2020-12-22T09:28:14.102Z,0,0,0,0,0,0,0,0,0,0,0,0,0,0,0,0,0,0.0,0.0,0.0,0.0,0.0,inf,0.0,0.0,0.0,0.0,-0.43923667182883946,-0.5455416726979211,-0.10630500086908162
react-ace,2017-05-26T19:00:58.820Z,0,0,0,0,0,0,0,0,0,0,0,0,0,0,0,0,0,0.0,0.0,0.0,0.0,0.0,inf,0.0,0.0,0.0,0.0,-0.43923667182883946,-0.5455416726979211,-0.10630500086908162
actionshub,2023-05-15T08:42:15.223Z,0,0,0,0,0,0,0,0,0,0,0,0,0,0,0,0,0,0.0,0.0,0.0,0.0,0.0,inf,0.0,0.0,0.0,0.0,-0.43923667182883946,-0.5455416726979211,-0.10630500086908162
spire,2021-05-24T15:24:18.865Z,0,0,0,0,0,0,0,0,0,0,0,0,0,0,0,0,0,0.0,0.0,0.0,0.0,0.0,inf,0.0,0.0,0.0,0.0,-0.43923667182883946,-0.5455416726979211,-0.10630500086908162
